version 2
JvmtiExport can_access_local_variables 0
JvmtiExport can_hotswap_or_post_breakpoint 1
JvmtiExport can_post_on_exceptions 0
# 288 ciObject found
instanceKlass javax/swing/text/html/HTMLDocument$HTMLReader
ciInstanceKlass java/util/SequencedMap 1 1 157 11 100 12 1 1 1 11 100 12 1 1 1 11 100 12 1 1 1 100 1 11 12 1 1 100 1 10 12 1 1 11 12 1 1 11 12 1 1 100 1 10 12 100 1 10 12 1 100 1 10 100 1 10 100 1 100 1 1 1 1 1 1 1 1 1 1 1 1 1 1 1 1 1 1 1 1 1 1 1 1 1 1 1 1 1 1 1 1 1 1 1 1 1 1 1 1 1 1 1 1 1 1 1 1 1 1 100 1 8 1 1 12 10 1 1 1 8 1 1 1 8 1 1 8 1 1 1 8 1 1 1 8 1 1 1 8 1 1 1 8 1 1 1 8 1 1 1 8 1 1 1 8 1 1 8 1
instanceKlass org/dpolivaev/mnemonicsetter/MnemonicMap
instanceKlass sun/java2d/loops/RenderCache$1
ciInstanceKlass java/util/LinkedHashMap 1 1 386 9 7 12 1 1 1 9 12 1 1 9 12 1 9 7 12 1 1 9 12 1 10 7 12 1 1 1 10 12 1 1 10 12 1 1 9 12 1 9 12 1 1 9 12 1 10 12 1 1 100 1 10 10 12 1 1 10 12 1 10 12 1 1 9 12 1 1 9 12 1 10 12 1 1 10 100 12 1 1 1 10 12 1 10 12 1 10 12 10 12 1 1 10 100 12 1 1 1 10 12 1 1 10 12 1 1 9 7 1 10 12 1 10 12 1 1 9 12 1 1 7 1 10 12 1 7 1 100 1 10 10 12 1 1 10 12 1 1 9 12 1 1 7 1 10 7 1 10 12 1 9 12 1 7 1 10 100 1 10 11 7 12 1 1 1 100 1 10 11 100 12 1 1 100 1 100 1 10 8 1 10 12 1 1 10 12 1 10 12 1 1 10 12 1 10 12 1 1 10 100 1 10 12 1 100 1 1 1 1 5 0 1 1 1 3 1 3 1 3 1 1 1 1 1 1 1 1 1 1 1 1 1 1 1 1 1 1 1 1 1 1 1 1 1 1 1 1 1 1 1 1 1 1 1 1 1 1 1 1 1 1 1 1 1 1 1 100 1 1 1 1 1 1 1 1 100 1 1 1 1 1 1 1 1 1 1 1 1 1 1 1 1 1 1 1 1 1 1 1 1 1 1 1 1 100 1 1 1 1 1 1 1 1 1 1 1 1 1 1 100 1 1 1 1 1 1 1 1 1 100 1 1 1 1 1 1 1 1 1 1 1 1 1 1 1 1 1 1 1 1 1 1 1 1 1 1 1 1 1 1 1 100 1 100 1 100 1 100 1 1 1 1 1 100 1 100 1 1 1 1 1 1 1 1 1
instanceKlass javax/swing/SwingHeavyWeight
instanceKlass java/awt/Event
# instanceKlass java/lang/invoke/LambdaForm$MH+0x0000000800a00000
# instanceKlass java/lang/invoke/LambdaForm$MH+0x00000008009bbc00
# instanceKlass java/lang/invoke/LambdaForm$DMH+0x00000008009ba000
# instanceKlass java/lang/invoke/LambdaForm$MH+0x00000008009b9c00
# instanceKlass java/lang/invoke/LambdaForm$DMH+0x00000008009b9800
# instanceKlass java/lang/invoke/LambdaForm$MH+0x00000008009b9400
# instanceKlass java/lang/invoke/LambdaForm$DMH+0x00000008009b9000
instanceKlass java/lang/invoke/ClassSpecializer$Factory$1Var
# instanceKlass java/lang/invoke/LambdaForm$DMH+0x00000008009b8c00
instanceKlass sun/invoke/util/ValueConversions$1
# instanceKlass java/lang/invoke/LambdaForm$DMH+0x00000008009b8800
instanceKlass sun/nio/ch/Util$4
instanceKlass sun/nio/ch/FileChannelImpl$Unmapper
instanceKlass jdk/internal/access/foreign/UnmapperProxy
instanceKlass  @bci jdk/internal/misc/ExtendedMapMode <clinit> ()V 0 <appendix> argL0 ; # jdk/internal/misc/ExtendedMapMode$$Lambda+0x00000008009dca80
instanceKlass jdk/internal/misc/ExtendedMapMode
instanceKlass java/nio/channels/FileChannel$MapMode
instanceKlass org/freeplane/features/url/mindmapmode/MFileManager$BackupFlag
instanceKlass  @bci com/formdev/flatlaf/MnemonicHandler$1 windowDeactivated (Ljava/awt/event/WindowEvent;)V 10 <appendix> argL0 ; # com/formdev/flatlaf/MnemonicHandler$1$$Lambda+0x00000008009bc000
instanceKlass  @bci org/freeplane/features/text/mindmapmode/MTextController$NodeDetailsEditor ok (Ljava/lang/String;)V 6 <appendix> member <vmtarget> ; # org/freeplane/features/text/mindmapmode/MTextController$NodeDetailsEditor$$Lambda+0x00000008009b3cf8
instanceKlass sun/nio/cs/Surrogate
instanceKlass sun/nio/cs/Surrogate$Parser
instanceKlass java/rmi/MarshalledObject
instanceKlass java/rmi/Remote
instanceKlass sun/datatransfer/DataFlavorUtil$RMI
instanceKlass sun/datatransfer/DataFlavorUtil$DataFlavorComparator
instanceKlass sun/awt/datatransfer/ClipboardTransferable$DataFactory
instanceKlass  @bci sun/awt/datatransfer/ClipboardTransferable <init> (Lsun/awt/datatransfer/SunClipboard;)V 71 <appendix> member <vmtarget> ; # sun/awt/datatransfer/ClipboardTransferable$$Lambda+0x00000008009da770
instanceKlass sun/datatransfer/DataFlavorUtil$CharsetComparator
instanceKlass sun/datatransfer/DataFlavorUtil$StandardEncodingsHolder
instanceKlass  @bci java/awt/datatransfer/SystemFlavorMap initSystemFlavorMap ()V 13 <appendix> argL0 ; # java/awt/datatransfer/SystemFlavorMap$$Lambda+0x00000008009d99a8
instanceKlass sun/awt/Mutex
instanceKlass sun/awt/datatransfer/ToolkitThreadBlockedHandler
instanceKlass sun/awt/datatransfer/DataTransferer
instanceKlass sun/awt/datatransfer/ClipboardTransferable
instanceKlass java/awt/datatransfer/Clipboard
instanceKlass javax/swing/TransferHandler$TransferAction$2
instanceKlass javax/swing/TransferHandler$TransferAction$1
instanceKlass com/formdev/flatlaf/FlatLaf$DisabledIconProvider
instanceKlass javax/swing/text/html/MuxingAttributeSet$MuxingAttributeNameEnumeration
instanceKlass com/lightdev/app/shtm/DocumentPane$1
instanceKlass com/lightdev/app/shtm/SHTMLPanelImpl$5
instanceKlass java/awt/peer/DialogPeer
instanceKlass org/freeplane/features/text/mindmapmode/FreeplaneToSHTMLPropertyChangeAdapter
instanceKlass  @bci java/awt/datatransfer/SystemFlavorMap convertMimeTypeToDataFlavors (Ljava/lang/String;)Ljava/util/Set; 225 <appendix> form vmentry <vmtarget> ; # java/lang/invoke/LambdaForm$MH+0x00000008009b3000
instanceKlass  @bci java/awt/datatransfer/SystemFlavorMap convertMimeTypeToDataFlavors (Ljava/lang/String;)Ljava/util/Set; 225 <appendix> argL3 form vmentry <vmtarget> ; # java/lang/invoke/LambdaForm$MH+0x00000008009b2800
instanceKlass  @bci java/awt/datatransfer/SystemFlavorMap convertMimeTypeToDataFlavors (Ljava/lang/String;)Ljava/util/Set; 225 <appendix> argL1 form vmentry <vmtarget> ; # java/lang/invoke/LambdaForm$MH+0x00000008009b1400
instanceKlass org/freeplane/features/text/mindmapmode/EditNodeWYSIWYG$HTMLDialog$1
instanceKlass com/inet/jortho/CheckerListener
instanceKlass org/freeplane/features/text/mindmapmode/MTextController$10
instanceKlass org/freeplane/features/text/mindmapmode/SourceTextEditorUIConfigurator
instanceKlass com/lightdev/app/shtm/SyntaxPane$RegExStyle
instanceKlass  @bci java/awt/datatransfer/DataFlavor initHtml (Ljava/lang/String;)Ljava/awt/datatransfer/DataFlavor; 5 <appendix> form vmentry <vmtarget> ; # java/lang/invoke/LambdaForm$MH+0x00000008009b0400
instanceKlass java/awt/datatransfer/MimeType
instanceKlass java/awt/datatransfer/MimeTypeParameterList
instanceKlass javax/swing/text/DefaultStyledDocument$ChangeUpdateRunnable
instanceKlass com/lightdev/app/shtm/SHTMLEditorPane$ListManager
instanceKlass com/lightdev/app/shtm/HTMLText
instanceKlass com/lightdev/app/shtm/PluginManager
instanceKlass com/lightdev/app/shtm/SHTMLPanelImpl$4
instanceKlass com/lightdev/app/shtm/SHTMLPanelImpl$3
instanceKlass com/lightdev/app/shtm/SHTMLPanelImpl$ToggleActionChangedListener
instanceKlass com/lightdev/app/shtm/DynamicResource$DynamicMenuListener
instanceKlass com/lightdev/app/shtm/DynamicResource$ActionChangedListener
instanceKlass javax/swing/text/JTextComponent$KeyBinding
instanceKlass javax/print/attribute/PrintRequestAttributeSet
instanceKlass javax/print/attribute/AttributeSet
instanceKlass javax/print/PrintService
instanceKlass javax/accessibility/AccessibleExtendedText
instanceKlass javax/accessibility/AccessibleEditableText
instanceKlass javax/accessibility/AccessibleAction
instanceKlass javax/accessibility/AccessibleBundle$1
instanceKlass sun/awt/AWTAccessor$AccessibleBundleAccessor
instanceKlass javax/accessibility/AccessibleBundle
instanceKlass  @bci com/formdev/flatlaf/ui/FlatSliderUI applyStyle (Ljava/lang/Object;)V 7 <appendix> member <vmtarget> ; # com/formdev/flatlaf/ui/FlatSliderUI$$Lambda+0x00000008009a9a20
instanceKlass  @bci com/formdev/flatlaf/ui/FlatSliderUI createPropertyChangeListener (Ljavax/swing/JSlider;)Ljava/beans/PropertyChangeListener; 2 <appendix> member <vmtarget> ; # com/formdev/flatlaf/ui/FlatSliderUI$$Lambda+0x00000008009a97e8
instanceKlass javax/swing/plaf/basic/BasicSliderUI$ScrollListener
instanceKlass javax/swing/plaf/basic/BasicSliderUI$FocusHandler
instanceKlass javax/swing/plaf/basic/BasicSliderUI$Handler
instanceKlass javax/swing/JSlider$ModelListener
instanceKlass javax/swing/colorchooser/SlidingSpinner
instanceKlass javax/swing/colorchooser/ColorModel
instanceKlass javax/swing/colorchooser/AbstractColorChooserPanel$1
instanceKlass javax/swing/plaf/basic/CenterLayout
instanceKlass javax/accessibility/AccessibleSelection
instanceKlass javax/swing/plaf/basic/BasicColorChooserUI$Handler
instanceKlass javax/swing/colorchooser/ColorChooserComponentFactory
instanceKlass javax/swing/colorchooser/DefaultColorSelectionModel
instanceKlass javax/swing/colorchooser/ColorSelectionModel
instanceKlass com/lightdev/app/shtm/ColorPanel$ColorPanelListener
instanceKlass javax/swing/event/TreeSelectionListener
instanceKlass com/lightdev/app/shtm/SHTMLAction
instanceKlass sun/awt/image/JPEGImageDecoder$1
instanceKlass  @bci sun/datatransfer/DataFlavorUtil$DataFlavorComparator compare (Ljava/awt/datatransfer/DataFlavor;Ljava/awt/datatransfer/DataFlavor;)I 26 <appendix> form vmentry <vmtarget> ; # java/lang/invoke/LambdaForm$MH+0x0000000800991800
instanceKlass  @bci sun/datatransfer/DataFlavorUtil$DataFlavorComparator compare (Ljava/awt/datatransfer/DataFlavor;Ljava/awt/datatransfer/DataFlavor;)I 26 <appendix> argL1 form vmentry <vmtarget> ; # java/lang/invoke/LambdaForm$MH+0x0000000800990800
instanceKlass java/util/prefs/AbstractPreferences$1
instanceKlass java/util/prefs/NodeChangeListener
instanceKlass java/util/prefs/PreferenceChangeListener
instanceKlass  @bci java/util/prefs/WindowsPreferences loadPrefsLib ()V 0 <appendix> argL0 ; # java/util/prefs/WindowsPreferences$$Lambda+0x000000080097c678
instanceKlass java/util/prefs/WindowsPreferencesFactory
instanceKlass java/util/prefs/Preferences$3
instanceKlass java/util/prefs/PreferencesFactory
instanceKlass java/util/prefs/Preferences$2
instanceKlass java/util/prefs/Preferences$1
instanceKlass java/util/prefs/Preferences
instanceKlass com/lightdev/app/shtm/Util
instanceKlass com/lightdev/app/shtm/SHTMLPanelImpl$UndoHandler
instanceKlass java/util/Timer$ThreadReaper
instanceKlass java/util/TaskQueue
instanceKlass java/util/Timer
instanceKlass com/lightdev/app/shtm/SHTMLPanelImpl$RepeatKeyWatcher
instanceKlass com/lightdev/app/shtm/DynamicResource
instanceKlass com/lightdev/app/shtm/DocumentPane$DocumentPaneListener
instanceKlass com/lightdev/app/shtm/SHTMLPlugin
instanceKlass org/freeplane/features/text/mindmapmode/MTextController$9
instanceKlass org/freeplane/features/text/mindmapmode/EditNodeBase$EditDialog
instanceKlass org/freeplane/features/text/mindmapmode/MTextController$NodeDetailsEditor
instanceKlass java/awt/KeyboardFocusManager$2
instanceKlass org/freeplane/features/text/mindmapmode/MTextController$6
instanceKlass org/freeplane/core/util/SerializationMethod
instanceKlass org/freeplane/features/presentations/mindmapmode/PresentationWriter
instanceKlass  @bci org/freeplane/features/styles/MapStyle saveTagProperties (Lorg/freeplane/features/icon/TagCategories;Lorg/freeplane/n3/nanoxml/XMLElement;)V 66 <appendix> member <vmtarget> ; # org/freeplane/features/styles/MapStyle$$Lambda+0x0000000800985d68
instanceKlass org/freeplane/core/io/BackwardCompatibleQuantityWriter
instanceKlass  @bci org/freeplane/features/link/LinkBuilder save (Lorg/freeplane/core/io/ITreeWriter;Lorg/freeplane/features/link/ConnectorModel;)V 293 <appendix> member <vmtarget> ; # org/freeplane/features/link/LinkBuilder$$Lambda+0x00000008009858f8
instanceKlass  @bci org/freeplane/features/link/LinkBuilder save (Lorg/freeplane/core/io/ITreeWriter;Lorg/freeplane/features/link/ConnectorModel;)V 233 <appendix> member <vmtarget> ; # org/freeplane/features/link/LinkBuilder$$Lambda+0x00000008009856b0
instanceKlass  @bci org/freeplane/features/link/LinkBuilder save (Lorg/freeplane/core/io/ITreeWriter;Lorg/freeplane/features/link/ConnectorModel;)V 219 <appendix> member <vmtarget> ; # org/freeplane/features/link/LinkBuilder$$Lambda+0x0000000800985468
instanceKlass  @bci org/freeplane/features/link/LinkBuilder save (Lorg/freeplane/core/io/ITreeWriter;Lorg/freeplane/features/link/ConnectorModel;)V 205 <appendix> member <vmtarget> ; # org/freeplane/features/link/LinkBuilder$$Lambda+0x0000000800985220
instanceKlass  @bci org/freeplane/features/link/LinkBuilder save (Lorg/freeplane/core/io/ITreeWriter;Lorg/freeplane/features/link/ConnectorModel;)V 171 <appendix> member <vmtarget> ; # org/freeplane/features/link/LinkBuilder$$Lambda+0x0000000800984fd8
instanceKlass  @bci org/freeplane/features/link/LinkBuilder save (Lorg/freeplane/core/io/ITreeWriter;Lorg/freeplane/features/link/ConnectorModel;)V 157 <appendix> member <vmtarget> ; # org/freeplane/features/link/LinkBuilder$$Lambda+0x0000000800984d90
instanceKlass  @bci org/freeplane/features/link/LinkBuilder save (Lorg/freeplane/core/io/ITreeWriter;Lorg/freeplane/features/link/ConnectorModel;)V 143 <appendix> member <vmtarget> ; # org/freeplane/features/link/LinkBuilder$$Lambda+0x0000000800984b48
instanceKlass  @bci org/freeplane/features/link/LinkBuilder save (Lorg/freeplane/core/io/ITreeWriter;Lorg/freeplane/features/link/ConnectorModel;)V 129 <appendix> member <vmtarget> ; # org/freeplane/features/link/LinkBuilder$$Lambda+0x0000000800984900
instanceKlass  @bci org/freeplane/features/link/LinkBuilder save (Lorg/freeplane/core/io/ITreeWriter;Lorg/freeplane/features/link/ConnectorModel;)V 115 <appendix> member <vmtarget> ; # org/freeplane/features/link/LinkBuilder$$Lambda+0x00000008009846b8
instanceKlass  @bci org/freeplane/features/link/LinkBuilder save (Lorg/freeplane/core/io/ITreeWriter;Lorg/freeplane/features/link/ConnectorModel;)V 101 <appendix> member <vmtarget> ; # org/freeplane/features/link/LinkBuilder$$Lambda+0x0000000800984470
instanceKlass  @bci org/freeplane/features/link/LinkBuilder save (Lorg/freeplane/core/io/ITreeWriter;Lorg/freeplane/features/link/ConnectorModel;)V 87 <appendix> member <vmtarget> ; # org/freeplane/features/link/LinkBuilder$$Lambda+0x0000000800984228
instanceKlass  @bci org/freeplane/features/map/NodeWriter registerWrittenNode (Lorg/freeplane/features/map/NodeModel;)V 8 <appendix> argL0 ; # org/freeplane/features/map/NodeWriter$$Lambda+0x0000000800983fd8
instanceKlass org/freeplane/features/text/NodeTextBuilder$TransformedXMLExtension
instanceKlass org/freeplane/features/explorer/NodeAlias
instanceKlass org/freeplane/features/explorer/GlobalNodes
instanceKlass  @bci org/freeplane/features/bookmarks/mindmapmode/MapBookmarks getBookmarks ()Ljava/util/List; 20 <appendix> argL0 ; # org/freeplane/features/bookmarks/mindmapmode/MapBookmarks$$Lambda+0x00000008009836c8
instanceKlass  @bci org/freeplane/features/bookmarks/mindmapmode/MapBookmarks getBookmarks ()Ljava/util/List; 10 <appendix> member <vmtarget> ; # org/freeplane/features/bookmarks/mindmapmode/MapBookmarks$$Lambda+0x0000000800983470
instanceKlass org/freeplane/features/bookmarks/mindmapmode/NodeBookmark
instanceKlass org/freeplane/features/map/NodeWriter
instanceKlass java/io/PrintWriter$1
instanceKlass jdk/internal/access/JavaIOPrintWriterAccess
instanceKlass org/freeplane/core/io/xml/XMLWriter
instanceKlass org/freeplane/core/io/xml/TreeXmlWriter
instanceKlass java/io/DeleteOnExitHook$1
instanceKlass java/io/DeleteOnExitHook
instanceKlass  @bci org/freeplane/view/swing/map/outline/OutlinePane updateNodeTitleLater (Lorg/freeplane/view/swing/map/outline/TreeNode;)V 2 <appendix> member <vmtarget> ; # org/freeplane/view/swing/map/outline/OutlinePane$$Lambda+0x0000000800981f48
instanceKlass  @bci com/formdev/flatlaf/ui/FlatTableUI$1 focusLost (Ljava/awt/event/FocusEvent;)V 6 <appendix> member <vmtarget> ; # com/formdev/flatlaf/ui/FlatTableUI$1$$Lambda+0x0000000800981d10
instanceKlass org/freeplane/view/swing/map/attribute/AttributeSelectionChangeListener$1
instanceKlass  @bci org/freeplane/view/swing/map/outline/MapTreeNode nodeChanged (Lorg/freeplane/features/map/NodeChangeEvent;)V 16 <appendix> member <vmtarget> ; # org/freeplane/view/swing/map/outline/MapTreeNode$$Lambda+0x0000000800981898
instanceKlass  @bci org/freeplane/features/map/NodeModel fireNodeChanged (Lorg/freeplane/features/map/NodeChangeEvent;)V 10 <appendix> member <vmtarget> ; # org/freeplane/features/map/NodeModel$$Lambda+0x0000000800981660
instanceKlass  @bci org/freeplane/features/styles/mindmapmode/MLogicalStyleController$1 nodeChanged (Lorg/freeplane/features/map/NodeChangeEvent;)V 88 <appendix> argL0 ; # org/freeplane/features/styles/mindmapmode/MLogicalStyleController$1$$Lambda+0x0000000800981430
instanceKlass  @bci org/freeplane/features/styles/mindmapmode/MLogicalStyleController$1 nodeChanged (Lorg/freeplane/features/map/NodeChangeEvent;)V 67 <appendix> argL0 ; # org/freeplane/features/styles/mindmapmode/MLogicalStyleController$1$$Lambda+0x0000000800981200
instanceKlass  @bci org/freeplane/features/styles/mindmapmode/MLogicalStyleController$1 nodeChanged (Lorg/freeplane/features/map/NodeChangeEvent;)V 49 <appendix> argL0 ; # org/freeplane/features/styles/mindmapmode/MLogicalStyleController$1$$Lambda+0x0000000800980fd0
instanceKlass  @bci org/freeplane/features/styles/ConditionalStyleModel dependsOnCondition (Lorg/freeplane/features/styles/ConditionPredicate;)Z 8 <appendix> member <vmtarget> ; # org/freeplane/features/styles/ConditionalStyleModel$$Lambda+0x0000000800980d68
instanceKlass org/freeplane/features/styles/ConditionalStyleModel$Item
instanceKlass  @bci org/freeplane/features/styles/mindmapmode/MLogicalStyleController$1 nodeChanged (Lorg/freeplane/features/map/NodeChangeEvent;)V 28 <appendix> argL0 ; # org/freeplane/features/styles/mindmapmode/MLogicalStyleController$1$$Lambda+0x00000008009808c0
instanceKlass  @bci org/freeplane/features/map/NodeModel fireNodeChanged ([Lorg/freeplane/features/map/INodeChangeListener;Lorg/freeplane/features/map/NodeChangeEvent;)V 3 <appendix> member <vmtarget> ; # org/freeplane/features/map/NodeModel$$Lambda+0x000000080096fca0
instanceKlass org/freeplane/features/map/MapController$3
instanceKlass org/freeplane/features/text/mindmapmode/MTextController$5
instanceKlass java/text/CalendarBuilder
instanceKlass  @bci org/freeplane/features/text/mindmapmode/MTextController$NodeTextEditor ok (Ljava/lang/String;)V 6 <appendix> member <vmtarget> ; # org/freeplane/features/text/mindmapmode/MTextController$NodeTextEditor$$Lambda+0x000000080096f370
instanceKlass javax/swing/text/ElementIterator$StackItem
instanceKlass javax/swing/text/ElementIterator
instanceKlass sun/awt/event/KeyEventProcessing
instanceKlass org/freeplane/view/swing/map/mindmapmode/EditNodeTextField$1
instanceKlass javax/swing/text/DefaultHighlighter$HighlightInfo
instanceKlass java/text/StringCharacterIterator
instanceKlass com/inet/jortho/LetterBasedBreakIterator
instanceKlass com/inet/jortho/Tokenizer
instanceKlass com/inet/jortho/AutoSpellChecker$2
instanceKlass com/inet/jortho/AutoSpellChecker$1
instanceKlass org/freeplane/features/spellchecker/mindmapmode/SpellCheckerController$2$1
instanceKlass com/inet/jortho/SpellChecker$LanguageAction$1$1
instanceKlass com/inet/jortho/DictionaryBase
instanceKlass org/freeplane/view/swing/map/mindmapmode/EditNodeTextField$MyDocumentListener$1
instanceKlass com/inet/jortho/DictionaryFactory$NodeEntry
instanceKlass  @bci org/freeplane/features/text/mindmapmode/EventBuffer focusGained (Ljava/awt/event/FocusEvent;)V 10 <appendix> member <vmtarget> ; # org/freeplane/features/text/mindmapmode/EventBuffer$$Lambda+0x000000080096d4a0
instanceKlass javax/swing/text/JTextComponent$InputMethodRequestsHandler
instanceKlass org/freeplane/view/swing/map/ZoomableLabelUI$LayoutData
instanceKlass com/inet/jortho/AutoSpellChecker
instanceKlass com/inet/jortho/DictionaryFactory
instanceKlass org/freeplane/features/spellchecker/mindmapmode/SpellCheckerController$2
instanceKlass com/inet/jortho/SpellChecker$LanguageAction$1
instanceKlass org/freeplane/features/spellchecker/mindmapmode/SpellCheckerController$1
instanceKlass com/inet/jortho/LanguageChangeEvent
instanceKlass com/inet/jortho/Utils
instanceKlass  @bci sun/util/locale/provider/JRELocaleProviderAdapter getLocaleNameProvider ()Ljava/util/spi/LocaleNameProvider; 8 <appendix> member <vmtarget> ; # sun/util/locale/provider/JRELocaleProviderAdapter$$Lambda+0x0000000800977150
instanceKlass java/util/Locale$LocaleNameGetter
instanceKlass com/inet/jortho/SpellCheckerOptions
instanceKlass com/inet/jortho/SpellChecker
instanceKlass com/inet/jortho/FileUserDictionary
instanceKlass org/freeplane/features/spellchecker/mindmapmode/SpellCheckerController$3
instanceKlass org/freeplane/view/swing/map/mindmapmode/EditNodeTextField$MapViewChangeListener
instanceKlass org/freeplane/view/swing/map/mindmapmode/EditNodeTextField$TextFieldListener
instanceKlass org/freeplane/core/ui/components/UndoEnabler$1
instanceKlass org/freeplane/core/ui/components/UndoEnabler
instanceKlass com/lightdev/app/shtm/bugfix/MapElementRemovingWorkaround
instanceKlass org/freeplane/core/ui/components/html/StyleSheetConfigurer
instanceKlass  @bci org/freeplane/plugin/markdown/MarkdownRenderer createEditor (Lorg/freeplane/features/map/NodeModel;Ljava/lang/Object;Ljava/lang/Object;Lorg/freeplane/features/text/mindmapmode/EditNodeBase$IEditControl;Z)Lorg/freeplane/features/text/mindmapmode/EditNodeBase; 2 <appendix> member <vmtarget> ; # org/freeplane/plugin/markdown/MarkdownRenderer$$Lambda+0x00000008006312d0
instanceKlass  @bci org/freeplane/plugin/latex/LatexRenderer createEditor (Lorg/freeplane/features/map/NodeModel;Ljava/lang/Object;Ljava/lang/Object;Lorg/freeplane/features/text/mindmapmode/EditNodeBase$IEditControl;Z)Lorg/freeplane/features/text/mindmapmode/EditNodeBase; 2 <appendix> member <vmtarget> ; # org/freeplane/plugin/latex/LatexRenderer$$Lambda+0x0000000800633780
instanceKlass  @bci org/freeplane/plugin/formula/FormulaTextTransformer createEditor (Lorg/freeplane/features/map/NodeModel;Ljava/lang/Object;Ljava/lang/Object;Lorg/freeplane/features/text/mindmapmode/EditNodeBase$IEditControl;Z)Lorg/freeplane/features/text/mindmapmode/EditNodeBase; 2 <appendix> member <vmtarget> ; # org/freeplane/plugin/formula/FormulaTextTransformer$$Lambda+0x00000008006214b0
instanceKlass org/freeplane/core/util/collection/OptionalReference
instanceKlass org/freeplane/features/text/mindmapmode/MTextController$NodeTextEditor
instanceKlass org/freeplane/view/swing/ui/AltCodeChecker
instanceKlass org/freeplane/features/text/mindmapmode/MTextController$EditEventDispatcher
instanceKlass org/freeplane/features/text/mindmapmode/EditorHolder
instanceKlass org/freeplane/features/link/mindmapmode/MLinkController$MapLinkChanger$1
instanceKlass org/freeplane/plugin/script/FormulaCache
instanceKlass org/freeplane/plugin/script/dependencies/EvaluationDependencies
instanceKlass org/freeplane/plugin/script/FormulaDependencies
instanceKlass  @bci org/freeplane/features/map/NodeModel fireNodeInserted ([Lorg/freeplane/features/map/IMapChangeListener;Lorg/freeplane/features/map/NodeModel;I)V 4 <adapter> ; # java/lang/invoke/LambdaForm$MH+0x0000000800965800
# instanceKlass java/lang/invoke/LambdaForm$DMH+0x0000000800965400
instanceKlass  @bci org/freeplane/features/map/NodeModel fireNodeInserted ([Lorg/freeplane/features/map/IMapChangeListener;Lorg/freeplane/features/map/NodeModel;I)V 4 <appendix> form vmentry <vmtarget> ; # java/lang/invoke/LambdaForm$DMH+0x0000000800965000
instanceKlass  @bci org/freeplane/features/map/NodeModel fireNodeInserted ([Lorg/freeplane/features/map/IMapChangeListener;Lorg/freeplane/features/map/NodeModel;I)V 4 <appendix> member <vmtarget> ; # org/freeplane/features/map/NodeModel$$Lambda+0x000000080094b128
instanceKlass org/freeplane/core/undo/UndoHandler$3
instanceKlass org/freeplane/core/undo/SelectionActor
instanceKlass org/freeplane/core/undo/CompoundActor
instanceKlass  @bci org/freeplane/features/mode/mindmapmode/MModeController execute (Lorg/freeplane/core/undo/IActor;Lorg/freeplane/features/map/MapModel;)V 26 <appendix> member <vmtarget> ; # org/freeplane/features/mode/mindmapmode/MModeController$$Lambda+0x000000080094a3b0
instanceKlass org/freeplane/features/map/mindmapmode/MMapController$2
instanceKlass  @bci org/freeplane/features/map/mindmapmode/MMapController addNewNode (I)Lorg/freeplane/features/map/NodeModel; 267 <appendix> member <vmtarget> ; # org/freeplane/features/map/mindmapmode/MMapController$$Lambda+0x0000000800949ef8
instanceKlass javax/swing/JComponent$ActionStandin
instanceKlass java/awt/geom/LineIterator
instanceKlass org/apache/batik/bridge/StrokingTextPainter$TextChunk
instanceKlass org/apache/batik/gvt/font/AWTGlyphGeometryCache$Value
instanceKlass org/apache/batik/bridge/StrokingTextPainter$TextRun
instanceKlass org/apache/batik/gvt/font/GVTGlyphMetrics
instanceKlass org/apache/batik/gvt/font/AWTGVTGlyphVector
instanceKlass org/apache/batik/gvt/text/ArabicTextHandler
instanceKlass org/apache/batik/gvt/font/GVTLineMetrics
instanceKlass org/apache/batik/bridge/GlyphLayout
instanceKlass java/awt/font/TextLine$TextLineMetrics
instanceKlass  @bci sun/font/SunLayoutEngine getFacePtr (Lsun/font/Font2D;)J 10 <appendix> argL0 ; # sun/font/SunLayoutEngine$$Lambda+0x0000000800975078
instanceKlass sun/font/SunLayoutEngine$FaceRef
instanceKlass  @bci java/awt/Font$FontAccessImpl getFeatures (Ljava/awt/Font;)[Ljava/lang/String; 51 <appendix> form vmentry <vmtarget> ; # java/lang/invoke/LambdaForm$MH+0x0000000800964c00
instanceKlass sun/font/GlyphLayout$LayoutEngineKey
instanceKlass sun/font/GlyphLayout$EngineRecord
instanceKlass sun/font/ScriptRunData
instanceKlass sun/font/GlyphLayout$SDCache$SDKey
instanceKlass sun/font/GlyphLayout$SDCache
instanceKlass sun/font/FontRunIterator
instanceKlass sun/font/ScriptRun
instanceKlass sun/font/TextRecord
instanceKlass sun/font/GlyphLayout$GVData
instanceKlass sun/font/SunLayoutEngine
instanceKlass sun/font/GlyphLayout$LayoutEngineFactory
instanceKlass sun/font/GlyphLayout$LayoutEngine
instanceKlass sun/font/GlyphLayout
instanceKlass sun/font/TextLabel
instanceKlass sun/font/Decoration$Label
instanceKlass sun/font/TextSource
instanceKlass java/awt/font/GraphicAttribute
instanceKlass sun/font/TextLineComponent
instanceKlass sun/font/TextLabelFactory
instanceKlass jdk/internal/icu/text/BidiBase$TextAttributeConstants
instanceKlass jdk/internal/icu/impl/UBiDiProps$IsAcceptable
instanceKlass jdk/internal/icu/impl/UBiDiProps
instanceKlass jdk/internal/icu/text/BidiBase$Point
instanceKlass jdk/internal/icu/text/BidiBase$InsertPoints
instanceKlass jdk/internal/icu/text/BidiRun
instanceKlass jdk/internal/icu/text/BidiBase$ImpTabPair
instanceKlass jdk/internal/icu/text/BidiBase
instanceKlass java/text/Bidi
instanceKlass sun/font/Decoration
instanceKlass java/awt/font/StyledParagraph
instanceKlass sun/font/FontResolver
instanceKlass sun/font/CodePointIterator
instanceKlass java/awt/font/TextLine$Function
instanceKlass java/awt/font/TextLine
instanceKlass java/awt/font/TextLayout$CaretPolicy
instanceKlass java/awt/font/TextLayout
instanceKlass java/text/AttributeEntry
instanceKlass org/apache/batik/gvt/text/BidiAttributedCharacterIterator
instanceKlass org/apache/batik/gvt/text/AttributedCharacterSpanIterator
instanceKlass java/text/Annotation
instanceKlass org/apache/batik/gvt/font/AWTGlyphGeometryCache
instanceKlass org/apache/batik/gvt/font/GVTGlyphVector
instanceKlass org/apache/batik/gvt/font/AWTGVTFont
instanceKlass org/apache/batik/gvt/font/GVTFont
instanceKlass org/apache/batik/gvt/font/AWTFontFamily
instanceKlass org/apache/batik/bridge/DefaultFontFamilyResolver
instanceKlass org/apache/batik/gvt/font/UnresolvedFontFamily
instanceKlass org/apache/batik/util/SoftDoublyIndexedTable
instanceKlass org/apache/batik/dom/AbstractParentNode$ElementsByTagNameNS
instanceKlass org/apache/batik/gvt/font/GVTFontFamily
instanceKlass org/apache/batik/bridge/SVGFontUtilities
instanceKlass jdk/internal/math/FloatToDecimal
instanceKlass org/apache/batik/bridge/TextNode$Anchor
instanceKlass org/apache/batik/bridge/TextUtilities
instanceKlass org/apache/batik/gvt/text/TextPaintInfo
instanceKlass org/apache/batik/dom/util/XMLSupport
instanceKlass org/apache/batik/bridge/SVGTextElementBridge$AttributedStringBuffer
instanceKlass org/apache/batik/anim/dom/AbstractSVGLengthList$LengthListBuilder
instanceKlass org/apache/batik/bridge/TextSpanLayout
instanceKlass org/apache/batik/bridge/ConcreteTextLayoutFactory
instanceKlass org/apache/batik/ext/awt/image/codec/png/PNGRed$PNGChunk
instanceKlass org/apache/batik/bridge/TextLayoutFactory
instanceKlass org/apache/batik/bridge/BasicTextPainter
instanceKlass org/apache/batik/bridge/TextPainter
instanceKlass org/apache/batik/ext/awt/geom/ExtendedPathIterator
instanceKlass org/apache/batik/ext/awt/geom/ExtendedGeneralPath
instanceKlass org/apache/batik/ext/awt/geom/ExtendedShape
instanceKlass org/apache/batik/dom/svg/SVGAnimatedPathDataSupport
instanceKlass org/apache/batik/parser/DefaultPathHandler
instanceKlass org/apache/batik/ext/awt/image/codec/png/PNGEncodeParam
instanceKlass org/apache/batik/ext/awt/image/codec/util/ImageEncodeParam
instanceKlass org/apache/batik/dom/svg/AbstractSVGItem
instanceKlass org/apache/batik/parser/AWTPathProducer
instanceKlass org/apache/batik/parser/ShapeProducer
instanceKlass org/apache/batik/ext/awt/image/codec/png/PNGDecodeParam
instanceKlass org/apache/batik/ext/awt/image/codec/util/ImageDecodeParam
instanceKlass org/apache/batik/dom/svg/AbstractSVGMatrix
instanceKlass org/apache/batik/swing/svg/JSVGComponent$BridgeUserAgentWrapper$9
instanceKlass org/apache/batik/swing/svg/JSVGComponent$BridgeUserAgentWrapper$6Query
instanceKlass org/apache/batik/css/engine/value/svg12/SVG12ValueConstants
instanceKlass org/apache/batik/gvt/Selectable
instanceKlass org/apache/batik/bridge/SVGTextElementBridge$DOMSubtreeModifiedEventListener
instanceKlass org/apache/batik/bridge/SVGTextElementBridge$DOMChildNodeRemovedEventListener
instanceKlass org/apache/batik/bridge/svg12/SVG12BridgeUpdateHandler
instanceKlass org/apache/batik/bridge/BaseScriptingEnvironment
instanceKlass org/apache/batik/bridge/URIResolver
instanceKlass org/apache/batik/bridge/FocusManager
instanceKlass org/apache/batik/bridge/svg12/ContentSelectionChangedListener
instanceKlass org/apache/batik/bridge/svg12/BindingListener
instanceKlass java/awt/image/AffineTransformOp
instanceKlass java/awt/image/LookupOp
instanceKlass org/apache/batik/dom/util/SAXDocumentFactory$CommentInfo
instanceKlass org/apache/batik/dom/util/SAXDocumentFactory$PreInfo
instanceKlass sun/awt/image/ImagingLib$1
instanceKlass sun/awt/image/ImagingLib
instanceKlass  @bci com/kitfox/svg/BufferPainter renderToBuffer (Ljava/awt/Graphics2D;Lcom/kitfox/svg/RenderableElement;Ljava/awt/geom/AffineTransform;Ljava/awt/Rectangle;Ljava/awt/Rectangle;)Ljava/awt/image/BufferedImage; 97 <appendix> argL0 ; # com/kitfox/svg/BufferPainter$$Lambda+0x0000000800949a90
instanceKlass com/kitfox/svg/FilterEffects$FilterOp
instanceKlass  @bci com/kitfox/svg/BufferPainter renderToBuffer (Ljava/awt/Graphics2D;Lcom/kitfox/svg/RenderableElement;Ljava/awt/geom/AffineTransform;Ljava/awt/Rectangle;Ljava/awt/Rectangle;)Ljava/awt/image/BufferedImage; 87 <adapter> ; # java/lang/invoke/LambdaForm$MH+0x000000080052b400
# instanceKlass java/lang/invoke/LambdaForm$DMH+0x000000080052bc00
instanceKlass  @bci com/kitfox/svg/BufferPainter renderToBuffer (Ljava/awt/Graphics2D;Lcom/kitfox/svg/RenderableElement;Ljava/awt/geom/AffineTransform;Ljava/awt/Rectangle;Ljava/awt/Rectangle;)Ljava/awt/image/BufferedImage; 87 <appendix> form vmentry <vmtarget> ; # java/lang/invoke/LambdaForm$DMH+0x0000000800530400
instanceKlass  @bci com/kitfox/svg/BufferPainter renderToBuffer (Ljava/awt/Graphics2D;Lcom/kitfox/svg/RenderableElement;Ljava/awt/geom/AffineTransform;Ljava/awt/Rectangle;Ljava/awt/Rectangle;)Ljava/awt/image/BufferedImage; 87 <appendix> member <vmtarget> ; # com/kitfox/svg/BufferPainter$$Lambda+0x0000000800949618
instanceKlass  @cpi com/kitfox/svg/BufferPainter 228 form vmentry <vmtarget> ; # java/lang/invoke/LambdaForm$DMH+0x0000000800531400
instanceKlass org/w3c/dom/svg/SVGPathSegList
instanceKlass org/w3c/dom/svg/SVGPathSegLinetoAbs
instanceKlass org/w3c/dom/svg/SVGPathSegLinetoRel
instanceKlass org/w3c/dom/svg/SVGPathSegMovetoAbs
instanceKlass org/w3c/dom/svg/SVGPathSegArcRel
instanceKlass org/w3c/dom/svg/SVGPathSegClosePath
instanceKlass org/w3c/dom/svg/SVGPathSegArcAbs
instanceKlass org/w3c/dom/svg/SVGPathSegMovetoRel
instanceKlass org/w3c/dom/svg/SVGPathSegCurvetoQuadraticSmoothAbs
instanceKlass org/w3c/dom/svg/SVGPathSegCurvetoCubicSmoothRel
instanceKlass org/w3c/dom/svg/SVGPathSegCurvetoCubicSmoothAbs
instanceKlass org/w3c/dom/svg/SVGPathSegCurvetoQuadraticAbs
instanceKlass org/w3c/dom/svg/SVGPathSegLinetoHorizontalAbs
instanceKlass org/w3c/dom/svg/SVGPathSegCurvetoQuadraticSmoothRel
instanceKlass org/w3c/dom/svg/SVGPathSegLinetoHorizontalRel
instanceKlass org/w3c/dom/svg/SVGPathSegCurvetoQuadraticRel
instanceKlass org/w3c/dom/svg/SVGPathSegLinetoVerticalRel
instanceKlass org/w3c/dom/svg/SVGPathSegCurvetoCubicAbs
instanceKlass org/w3c/dom/svg/SVGPathSegCurvetoCubicRel
instanceKlass org/w3c/dom/svg/SVGPathSegLinetoVerticalAbs
instanceKlass org/w3c/dom/svg/SVGPathSeg
instanceKlass org/apache/batik/dom/svg/SVGPathSegConstants
instanceKlass org/w3c/dom/svg/SVGPathElement
instanceKlass org/w3c/dom/svg/SVGAnimatedPathData
instanceKlass org/w3c/dom/svg/SVGDescElement
instanceKlass org/apache/batik/anim/dom/SVG12DOMImplementation$XBLShadowTreeElementFactory
instanceKlass org/apache/batik/anim/dom/SVG12DOMImplementation$XBLImportElementFactory
instanceKlass org/apache/batik/anim/dom/SVG12DOMImplementation$XBLHandlerGroupElementFactory
instanceKlass org/apache/batik/anim/dom/SVG12DOMImplementation$XBLContentElementFactory
instanceKlass org/apache/batik/anim/dom/SVG12DOMImplementation$XBLTemplateElementFactory
instanceKlass org/apache/batik/anim/dom/SVG12DOMImplementation$XBLDefinitionElementFactory
instanceKlass org/apache/batik/anim/dom/SVG12DOMImplementation$XBLXBLElementFactory
instanceKlass org/apache/batik/anim/dom/SVG12DOMImplementation$SubImageRefElementFactory
instanceKlass org/apache/batik/anim/dom/SVG12DOMImplementation$SubImageElementFactory
instanceKlass org/apache/batik/anim/dom/SVG12DOMImplementation$SolidColorElementFactory
instanceKlass org/apache/batik/anim/dom/SVG12DOMImplementation$MultiImageElementFactory
instanceKlass org/apache/batik/anim/dom/SVG12DOMImplementation$HandlerElementFactory
instanceKlass org/apache/batik/anim/dom/SVG12DOMImplementation$FlowSpanElementFactory
instanceKlass org/apache/batik/anim/dom/SVG12DOMImplementation$FlowRootElementFactory
instanceKlass org/apache/batik/anim/dom/SVG12DOMImplementation$FlowRegionExcludeElementFactory
instanceKlass org/apache/batik/anim/dom/SVG12DOMImplementation$FlowRegionElementFactory
instanceKlass org/apache/batik/anim/dom/SVG12DOMImplementation$FlowRegionBreakElementFactory
instanceKlass org/apache/batik/anim/dom/SVG12DOMImplementation$FlowParaElementFactory
instanceKlass org/apache/batik/anim/dom/SVG12DOMImplementation$FlowLineElementFactory
instanceKlass org/apache/batik/anim/dom/SVG12DOMImplementation$FlowDivElementFactory
instanceKlass org/apache/batik/dom/events/EventSupport
instanceKlass com/sun/imageio/plugins/jpeg/SOSMarkerSegment$ScanComponentSpec
instanceKlass com/sun/imageio/plugins/jpeg/SOFMarkerSegment$ComponentSpec
instanceKlass com/sun/imageio/plugins/jpeg/DHTMarkerSegment$Htable
instanceKlass com/sun/imageio/plugins/jpeg/DQTMarkerSegment$Qtable
instanceKlass com/sun/imageio/plugins/jpeg/MarkerSegment
instanceKlass com/sun/imageio/plugins/common/ImageUtil
# instanceKlass java/lang/invoke/LambdaForm$MH+0x000000080073cc00
instanceKlass com/sun/imageio/plugins/jpeg/JPEGImageWriter$JPEGWriterDisposerRecord
instanceKlass com/sun/imageio/plugins/jpeg/JPEGImageWriter$CallBackLock
instanceKlass com/sun/imageio/plugins/jpeg/JPEGImageWriter$1
# instanceKlass java/lang/invoke/LambdaForm$MH+0x000000080078c400
# instanceKlass java/lang/invoke/LambdaForm$MH+0x00000008008ac000
instanceKlass org/freeplane/features/url/FreeplaneUriConverter
instanceKlass org/freeplane/features/url/NodeAndMapReference
instanceKlass org/freeplane/core/ui/DoubleClickTimer$1
instanceKlass org/freeplane/view/swing/ui/DefaultNodeMouseMotionListener$1
instanceKlass sun/font/FileFont$CreatedFontFileDisposerRecord$1
instanceKlass javax/swing/RepaintManager$DisplayChangedRunnable
instanceKlass  @bci sun/awt/SunDisplayChanger notifyListeners ()V 21 <appendix> argL0 ; # sun/awt/SunDisplayChanger$$Lambda+0x0000000800936938
instanceKlass  @cpi sun/awt/SunDisplayChanger 173 form vmentry <vmtarget> ; # java/lang/invoke/LambdaForm$DMH+0x000000080094c000
instanceKlass  @bci sun/awt/Win32GraphicsEnvironment displayChanged ()V 128 <appendix> member <vmtarget> ; # sun/awt/Win32GraphicsEnvironment$$Lambda+0x0000000800936700
instanceKlass  @bci sun/awt/windows/WToolkit displayChanged ()V 0 <appendix> argL0 ; # sun/awt/windows/WToolkit$$Lambda+0x00000008009364d0
instanceKlass  @bci org/freeplane/view/swing/ui/TimeDelayedNodeSelection actionPerformed (Ljava/awt/event/ActionEvent;)V 107 <appendix> member <vmtarget> ; # org/freeplane/view/swing/ui/TimeDelayedNodeSelection$$Lambda+0x0000000800948690
instanceKlass org/freeplane/view/swing/ui/MouseEventActor
instanceKlass  @bci org/freeplane/main/application/MapViewDockingWindows afterViewChange (Ljava/awt/Component;Ljava/awt/Component;)V 120 <appendix> argL0 ; # org/freeplane/main/application/MapViewDockingWindows$$Lambda+0x0000000800948238
instanceKlass  @bci javax/swing/border/LineBorder paintBorder (Ljava/awt/Component;Ljava/awt/Graphics;IIII)V 10 <appendix> member <vmtarget> ; # javax/swing/border/LineBorder$$Lambda+0x0000000800936090
instanceKlass java/awt/geom/FlatteningPathIterator
instanceKlass  @bci org/freeplane/features/link/LinkController getLabelFontSize (Lorg/freeplane/features/link/ConnectorModel;)I 8 <appendix> member <vmtarget> ; # org/freeplane/features/link/LinkController$$Lambda+0x0000000800948000
instanceKlass  @bci org/freeplane/features/link/LinkController getLabelFontSize (Lorg/freeplane/features/link/ConnectorModel;)I 2 <appendix> argL0 ; # org/freeplane/features/link/LinkController$$Lambda+0x0000000800945c88
instanceKlass  @bci org/freeplane/features/link/LinkController getLabelFontFamily (Lorg/freeplane/features/link/ConnectorModel;)Ljava/lang/String; 8 <appendix> member <vmtarget> ; # org/freeplane/features/link/LinkController$$Lambda+0x0000000800945a50
instanceKlass  @bci org/freeplane/features/link/LinkController getLabelFontFamily (Lorg/freeplane/features/link/ConnectorModel;)Ljava/lang/String; 2 <appendix> argL0 ; # org/freeplane/features/link/LinkController$$Lambda+0x0000000800945800
instanceKlass  @bci org/freeplane/features/link/LinkController getTargetLabel (Lorg/freeplane/features/link/ConnectorModel;)Ljava/lang/String; 7 <appendix> argL0 ; # org/freeplane/features/link/LinkController$$Lambda+0x0000000800947d78
instanceKlass  @bci org/freeplane/features/link/LinkController getTargetLabel (Lorg/freeplane/features/link/ConnectorModel;)Ljava/lang/String; 2 <appendix> argL0 ; # org/freeplane/features/link/LinkController$$Lambda+0x0000000800947b28
instanceKlass  @bci org/freeplane/features/link/LinkController getMiddleLabel (Lorg/freeplane/features/link/ConnectorModel;)Ljava/lang/String; 7 <appendix> argL0 ; # org/freeplane/features/link/LinkController$$Lambda+0x00000008009478f8
instanceKlass  @bci org/freeplane/features/link/LinkController getMiddleLabel (Lorg/freeplane/features/link/ConnectorModel;)Ljava/lang/String; 2 <appendix> argL0 ; # org/freeplane/features/link/LinkController$$Lambda+0x00000008009476a8
instanceKlass  @bci org/freeplane/features/link/LinkController getSourceLabel (Lorg/freeplane/features/link/ConnectorModel;)Ljava/lang/String; 7 <appendix> argL0 ; # org/freeplane/features/link/LinkController$$Lambda+0x0000000800947478
instanceKlass  @bci org/freeplane/features/link/LinkController getSourceLabel (Lorg/freeplane/features/link/ConnectorModel;)Ljava/lang/String; 2 <appendix> argL0 ; # org/freeplane/features/link/LinkController$$Lambda+0x0000000800947228
instanceKlass  @bci org/freeplane/features/link/LinkController getArrows (Lorg/freeplane/features/link/ConnectorModel;)Lorg/freeplane/features/link/ConnectorArrows; 8 <appendix> member <vmtarget> ; # org/freeplane/features/link/LinkController$$Lambda+0x0000000800946d98
instanceKlass  @bci org/freeplane/features/link/LinkController getArrows (Lorg/freeplane/features/link/ConnectorModel;)Lorg/freeplane/features/link/ConnectorArrows; 2 <appendix> argL0 ; # org/freeplane/features/link/LinkController$$Lambda+0x0000000800946b48
instanceKlass java/awt/geom/CubicIterator
instanceKlass  @bci org/freeplane/features/link/LinkController getDashArray (Lorg/freeplane/features/link/ConnectorModel;)[I 8 <appendix> member <vmtarget> ; # org/freeplane/features/link/LinkController$$Lambda+0x0000000800946910
instanceKlass  @bci org/freeplane/features/link/LinkController getDashArray (Lorg/freeplane/features/link/ConnectorModel;)[I 2 <appendix> argL0 ; # org/freeplane/features/link/LinkController$$Lambda+0x00000008009466c0
instanceKlass  @bci org/freeplane/features/link/LinkController getWidth (Lorg/freeplane/features/link/ConnectorModel;)I 8 <appendix> member <vmtarget> ; # org/freeplane/features/link/LinkController$$Lambda+0x0000000800946488
instanceKlass  @bci org/freeplane/features/link/LinkController getWidth (Lorg/freeplane/features/link/ConnectorModel;)I 2 <appendix> argL0 ; # org/freeplane/features/link/LinkController$$Lambda+0x0000000800946238
instanceKlass  @bci org/freeplane/features/link/LinkController getOpacity (Lorg/freeplane/features/link/ConnectorModel;)I 8 <appendix> member <vmtarget> ; # org/freeplane/features/link/LinkController$$Lambda+0x0000000800946000
instanceKlass  @bci org/freeplane/features/link/LinkController getOpacity (Lorg/freeplane/features/link/ConnectorModel;)I 2 <appendix> argL0 ; # org/freeplane/features/link/LinkController$$Lambda+0x00000008008a7b98
instanceKlass  @bci org/freeplane/features/link/LinkController getColor (Lorg/freeplane/features/link/ConnectorModel;)Ljava/awt/Color; 8 <appendix> member <vmtarget> ; # org/freeplane/features/link/LinkController$$Lambda+0x00000008008a7960
instanceKlass  @bci org/freeplane/features/link/LinkController getColor (Lorg/freeplane/features/link/ConnectorModel;)Ljava/awt/Color; 2 <appendix> argL0 ; # org/freeplane/features/link/LinkController$$Lambda+0x00000008008a7710
instanceKlass java/awt/geom/CubicCurve2D
instanceKlass org/freeplane/view/swing/map/link/AConnectorView
instanceKlass  @bci org/freeplane/features/link/LinkController getShape (Lorg/freeplane/features/link/ConnectorModel;)Lorg/freeplane/features/link/ConnectorShape; 8 <appendix> member <vmtarget> ; # org/freeplane/features/link/LinkController$$Lambda+0x00000008008a6f40
instanceKlass  @bci org/freeplane/features/link/LinkController getShape (Lorg/freeplane/features/link/ConnectorModel;)Lorg/freeplane/features/link/ConnectorShape; 2 <appendix> argL0 ; # org/freeplane/features/link/LinkController$$Lambda+0x00000008008a6cf0
instanceKlass  @bci java/awt/KeyboardFocusManager retargetFocusGained (Ljava/awt/event/FocusEvent;)Ljava/awt/event/FocusEvent; 209 <appendix> argL0 ; # java/awt/KeyboardFocusManager$$Lambda+0x0000000800934e18
instanceKlass org/freeplane/main/application/LastOpenedList$2
instanceKlass net/infonode/gui/EventUtil
instanceKlass  @bci com/formdev/flatlaf/ui/FlatTabbedPaneUI repaintRolloverLaterOnce (I)V 15 <appendix> member <vmtarget> ; # com/formdev/flatlaf/ui/FlatTabbedPaneUI$$Lambda+0x00000008008a6438
instanceKlass net/infonode/gui/hover/HoverEvent
instanceKlass  @bci sun/awt/windows/WToolkit windowsSettingChange ()V 39 <appendix> member <vmtarget> ; # sun/awt/windows/WToolkit$$Lambda+0x0000000800934be0
instanceKlass  @bci org/freeplane/core/ui/components/calendar/JDayChooser lambda$scheduleNextUpdateForTomorrow$0 (Ljava/lang/ref/WeakReference;Ljava/awt/event/ActionEvent;)V 10 <appendix> argL0 ; # org/freeplane/core/ui/components/calendar/JDayChooser$$Lambda+0x00000008008a5fd0
instanceKlass java/awt/desktop/SystemSleepListener
instanceKlass java/awt/desktop/SystemEventListener
instanceKlass org/freeplane/main/application/MenuKeyProcessor
instanceKlass javax/swing/JComponent$IntVector
instanceKlass javax/swing/JComponent$KeyboardState
instanceKlass org/freeplane/core/resources/components/KeyEventTranslator
instanceKlass sun/awt/DebugSettings
instanceKlass com/formdev/flatlaf/ui/JavaCompatibility2
# instanceKlass java/lang/invoke/LambdaForm$DMH+0x0000000800945400
instanceKlass java/security/DomainCombiner
instanceKlass java/awt/geom/AreaIterator
instanceKlass org/freeplane/view/swing/ui/TimeDelayedNodeSelection
instanceKlass org/freeplane/main/mindmapmode/UpdateCheckAction$3
instanceKlass sun/security/ssl/Alert$AlertConsumer
instanceKlass sun/net/www/http/Hurryable
instanceKlass sun/net/www/HeaderParser
instanceKlass java/awt/font/TextHitInfo
instanceKlass java/awt/PointerInfo
instanceKlass sun/awt/windows/WMouseInfoPeer
instanceKlass java/awt/peer/MouseInfoPeer
instanceKlass java/awt/MouseInfo
instanceKlass java/awt/Component$2
instanceKlass sun/awt/windows/WInputMethod$1
instanceKlass sun/net/www/protocol/http/AuthCacheValue
instanceKlass sun/security/ssl/TransportContext$NotifyHandshake$1
instanceKlass sun/security/ssl/TransportContext$NotifyHandshake
instanceKlass com/sun/crypto/provider/GaloisCounterMode$EncryptOp
instanceKlass sun/security/ssl/SSLBasicKeyDerivation$SecretSizeSpec
instanceKlass sun/security/ssl/SSLBasicKeyDerivation
instanceKlass sun/security/ssl/Finished$1
instanceKlass sun/security/ssl/Finished$T13VerifyDataGenerator
instanceKlass sun/security/ssl/Finished$T12VerifyDataGenerator
instanceKlass sun/security/ssl/Finished$T10VerifyDataGenerator
instanceKlass sun/security/ssl/Finished$S30VerifyDataGenerator
instanceKlass sun/security/ssl/Finished$VerifyDataGenerator
instanceKlass sun/security/ssl/X509Authentication$X509Credentials
instanceKlass sun/security/util/HostnameChecker
# instanceKlass java/lang/invoke/LambdaForm$DMH+0x0000000800945000
# instanceKlass java/lang/invoke/LambdaForm$DMH+0x0000000800944c00
instanceKlass sun/security/util/AnchorCertificates$1
instanceKlass sun/security/util/AnchorCertificates
instanceKlass sun/security/validator/EntrustTLSPolicy
instanceKlass sun/security/validator/SymantecTLSPolicy
instanceKlass sun/security/validator/CADistrustPolicy$3
instanceKlass java/security/cert/PKIXCertPathValidatorResult
instanceKlass java/security/cert/CertPathValidatorResult
instanceKlass  @bci sun/security/ec/ECDSASignature engineVerify ([B)Z 37 <appendix> member <vmtarget> ; # sun/security/ec/ECDSASignature$$Lambda+0x0000000800941928
instanceKlass  @bci sun/security/ec/ECDSAOperations forParameters (Ljava/security/spec/ECParameterSpec;)Ljava/util/Optional; 7 <appendix> member <vmtarget> ; # sun/security/ec/ECDSAOperations$$Lambda+0x00000008009416d0
instanceKlass sun/security/ec/ECDSAOperations
instanceKlass sun/security/rsa/RSAPadding
instanceKlass sun/security/rsa/RSACore
instanceKlass java/security/interfaces/RSAPrivateCrtKey
instanceKlass java/security/interfaces/RSAPrivateKey
instanceKlass sun/security/util/SignatureUtil
# instanceKlass java/lang/invoke/LambdaForm$MH+0x0000000800944800
# instanceKlass java/lang/invoke/LambdaForm$MH+0x0000000800944000
instanceKlass java/security/interfaces/DSAPublicKey
instanceKlass java/security/interfaces/DSAKey
instanceKlass sun/security/util/Length
instanceKlass sun/security/provider/certpath/CertPathConstraintsParameters
instanceKlass sun/security/util/ConstraintsParameters
instanceKlass sun/security/provider/certpath/PKIXMasterCertPathValidator
instanceKlass sun/security/provider/certpath/PolicyNodeImpl
instanceKlass java/security/cert/PolicyNode
instanceKlass sun/security/util/DisabledAlgorithmConstraints$CertPathHolder
instanceKlass  @bci sun/security/x509/X509CertImpl getFingerprint (Ljava/lang/String;Lsun/security/util/Debug;)Ljava/lang/String; 7 <appendix> member <vmtarget> ; # sun/security/x509/X509CertImpl$$Lambda+0x00000008009270a8
instanceKlass sun/security/util/UntrustedCertificates$1
instanceKlass sun/security/util/UntrustedCertificates
instanceKlass java/security/cert/X509CertSelector
instanceKlass java/security/cert/CertSelector
instanceKlass sun/security/provider/certpath/PKIX$ValidatorParams
instanceKlass sun/security/provider/certpath/PKIX
instanceKlass java/security/cert/CertPath
instanceKlass java/security/cert/CertPathValidatorSpi
instanceKlass java/security/cert/CertPathValidator
instanceKlass java/security/cert/PKIXCertPathChecker
instanceKlass java/security/cert/CertPathChecker
instanceKlass java/security/Timestamp
instanceKlass sun/security/ssl/SSLAlgorithmConstraints$SupportedSignatureAlgorithmConstraints
instanceKlass jdk/internal/icu/impl/Norm2AllModes$NFKCSingleton
instanceKlass jdk/internal/icu/text/NormalizerBase$ModeImpl
instanceKlass jdk/internal/icu/text/NormalizerBase$NFKDModeImpl
instanceKlass jdk/internal/icu/text/NormalizerBase$1
instanceKlass java/text/Normalizer
instanceKlass sun/security/pkcs/SignerInfo
instanceKlass sun/security/pkcs/PKCS9Attribute
instanceKlass sun/security/x509/AVAKeyword
instanceKlass java/security/cert/PKIXParameters
instanceKlass java/security/cert/CertPathParameters
instanceKlass sun/security/provider/certpath/CertPathHelper
instanceKlass java/security/cert/TrustAnchor
instanceKlass sun/security/validator/EndEntityChecker
instanceKlass  @bci sun/security/util/SecurityProperties privilegedGetOverridable (Ljava/lang/String;)Ljava/lang/String; 12 <appendix> member <vmtarget> ; # sun/security/util/SecurityProperties$$Lambda+0x0000000800921258
instanceKlass sun/security/validator/Validator
instanceKlass javax/net/ssl/SSLEngine
instanceKlass sun/security/ssl/CertificateMessage$CertificateEntry
instanceKlass sun/security/ssl/ServerNameExtension$SHServerNamesSpec
instanceKlass com/sun/crypto/provider/GaloisCounterMode$DecryptOp
instanceKlass com/sun/crypto/provider/GaloisCounterMode$GCMOperation
instanceKlass com/sun/crypto/provider/GHASH
instanceKlass com/sun/crypto/provider/GCM
instanceKlass com/sun/crypto/provider/GaloisCounterMode$GCMEngine
instanceKlass javax/crypto/spec/GCMParameterSpec
instanceKlass sun/security/ssl/ChangeCipherSpec$T13ChangeCipherSpecConsumer
instanceKlass sun/security/ssl/ChangeCipherSpec$T10ChangeCipherSpecProducer
instanceKlass sun/security/ssl/ChangeCipherSpec$T10ChangeCipherSpecConsumer
instanceKlass sun/security/ssl/ChangeCipherSpec
instanceKlass javax/crypto/spec/IvParameterSpec
instanceKlass sun/security/ssl/SSLTrafficKeyDerivation$T13TrafficKeyDerivation
instanceKlass sun/security/ssl/SSLTrafficKeyDerivation$1
instanceKlass sun/security/ssl/SSLTrafficKeyDerivation$T13TrafficKeyDerivationGenerator
instanceKlass sun/security/ssl/SSLTrafficKeyDerivation$T12TrafficKeyDerivationGenerator
instanceKlass sun/security/ssl/SSLTrafficKeyDerivation$T10TrafficKeyDerivationGenerator
instanceKlass sun/security/ssl/SSLTrafficKeyDerivation$S30TrafficKeyDerivationGenerator
instanceKlass sun/security/ssl/SSLKeyDerivationGenerator
instanceKlass sun/security/ssl/SSLSecretDerivation
instanceKlass javax/crypto/MacSpi
instanceKlass javax/crypto/Mac
instanceKlass sun/security/ssl/HKDF
instanceKlass  @bci javax/crypto/spec/SecretKeySpec <clinit> ()V 0 <appendix> argL0 ; # javax/crypto/spec/SecretKeySpec$$Lambda+0x000000080091a5b0
instanceKlass jdk/internal/access/JavaxCryptoSpecAccess
instanceKlass javax/crypto/spec/SecretKeySpec
instanceKlass  @bci sun/security/ec/XDHKeyAgreement engineDoPhase (Ljava/security/Key;Z)Ljava/security/Key; 70 <appendix> argL0 ; # sun/security/ec/XDHKeyAgreement$$Lambda+0x0000000800941238
instanceKlass  @bci sun/security/ec/XDHKeyAgreement initImpl (Ljava/security/Key;)V 66 <appendix> argL0 ; # sun/security/ec/XDHKeyAgreement$$Lambda+0x0000000800941008
instanceKlass  @bci sun/security/ec/XDHKeyAgreement initImpl (Ljava/security/Key;)V 38 <appendix> argL0 ; # sun/security/ec/XDHKeyAgreement$$Lambda+0x0000000800940db8
instanceKlass  @bci sun/security/ec/XDHKeyAgreement initImpl (Ljava/security/Key;)V 22 <appendix> argL0 ; # sun/security/ec/XDHKeyAgreement$$Lambda+0x0000000800940b68
instanceKlass javax/crypto/SecretKey
instanceKlass javax/crypto/KeyAgreementSpi
instanceKlass sun/security/ssl/KAKeyDerivation
instanceKlass sun/security/ssl/XDHKeyExchange$XDHEKAGenerator
instanceKlass sun/security/ssl/XDHKeyExchange
instanceKlass  @bci sun/security/ec/XDHKeyFactory generatePublicImpl (Ljava/security/spec/KeySpec;)Ljava/security/PublicKey; 65 <appendix> argL0 ; # sun/security/ec/XDHKeyFactory$$Lambda+0x00000008009406c8
instanceKlass  @bci sun/security/ec/XDHKeyFactory generatePublicImpl (Ljava/security/spec/KeySpec;)Ljava/security/PublicKey; 51 <appendix> argL0 ; # sun/security/ec/XDHKeyFactory$$Lambda+0x0000000800940478
instanceKlass java/security/spec/XECPublicKeySpec
instanceKlass sun/security/ssl/XDHKeyExchange$XDHECredentials
instanceKlass sun/security/ssl/NamedGroupCredentials
instanceKlass sun/security/ssl/KeyShareExtension$SHKeyShareSpec
instanceKlass sun/security/ssl/HandshakeHash$CloneableHash
instanceKlass sun/security/ssl/HandshakeHash$T13HandshakeHash
instanceKlass sun/security/ssl/SupportedVersionsExtension$SHSupportedVersionsSpec
instanceKlass sun/security/ssl/TransportContext$1
instanceKlass sun/security/ssl/Plaintext
instanceKlass sun/security/ssl/OutputRecord$T13PaddingHolder
instanceKlass sun/security/ssl/KeyShareExtension$CHKeyShareSpec
instanceKlass sun/security/util/math/IntegerModuloP$MultiplicativeInverser$Secp256R1
instanceKlass sun/security/ec/ECOperations$PointMultiplier$Default
instanceKlass sun/security/ec/ECOperations$PointMultiplier$Secp256R1GeneratorMultiplier$P256
instanceKlass sun/security/ec/ECOperations$PointMultiplier$Secp256R1GeneratorMultiplier
instanceKlass sun/security/ec/ECOperations$PointMultiplier
instanceKlass  @bci sun/security/ec/ECPrivateKeyImpl calculatePublicKey ()Ljava/security/PublicKey; 9 <appendix> argL0 ; # sun/security/ec/ECPrivateKeyImpl$$Lambda+0x00000008008b2410
instanceKlass sun/security/util/ArrayUtil
instanceKlass java/security/interfaces/ECPrivateKey
instanceKlass sun/security/ec/ECOperations
instanceKlass sun/security/ssl/ECDHKeyExchange$ECDHEPossession
instanceKlass sun/security/ssl/KeyShareExtension$KeyShareEntry
instanceKlass sun/security/ssl/XDHKeyExchange$1
instanceKlass sun/security/pkcs/PKCS8Key
instanceKlass sun/security/util/InternalPrivateKey
instanceKlass java/security/interfaces/XECPrivateKey
instanceKlass java/security/interfaces/XECPublicKey
instanceKlass java/security/interfaces/XECKey
instanceKlass java/security/KeyPair
instanceKlass java/math/MutableBigInteger
instanceKlass sun/security/util/math/IntegerModuloP$MultiplicativeInverser$Default
instanceKlass sun/security/util/math/IntegerModuloP$MultiplicativeInverser
instanceKlass sun/security/util/math/MutableIntegerModuloP
instanceKlass sun/security/jca/JCAUtil$CachedSecureRandomHolder
instanceKlass sun/security/ec/XECOperations
instanceKlass sun/security/ec/XECParameters
instanceKlass  @bci sun/security/ec/XDHKeyPairGenerator initialize (Ljava/security/spec/AlgorithmParameterSpec;Ljava/security/SecureRandom;)V 0 <appendix> argL0 ; # sun/security/ec/XDHKeyPairGenerator$$Lambda+0x00000008008b1130
instanceKlass sun/security/ssl/XDHKeyExchange$XDHEPossession
instanceKlass sun/security/ssl/ECDHKeyExchange$ECDHEXDHKAGenerator
instanceKlass sun/security/ssl/ECDHKeyExchange$ECDHEKAGenerator
instanceKlass sun/security/ssl/ECDHKeyExchange$ECDHKAGenerator
instanceKlass sun/security/ssl/ECDHKeyExchange$ECDHEPossessionGenerator
instanceKlass sun/security/ssl/ECDHKeyExchange
instanceKlass sun/security/ssl/DHKeyExchange$DHEKAGenerator
instanceKlass sun/security/ssl/DHKeyExchange$DHEPossessionGenerator
instanceKlass sun/security/ssl/DHKeyExchange
instanceKlass sun/security/ssl/RSAKeyExchange$RSAKAGenerator
instanceKlass sun/security/ssl/RSAKeyExchange$EphemeralRSAPossessionGenerator
instanceKlass sun/security/ssl/RSAKeyExchange
instanceKlass sun/security/ssl/SSLKeyExchange$T13KeyAgreement
instanceKlass sun/security/ssl/SSLKeyAgreement
instanceKlass sun/security/ssl/SSLPossessionGenerator
instanceKlass sun/security/ssl/SSLKeyExchange
instanceKlass sun/security/ssl/SSLHandshakeBinding
instanceKlass sun/security/ssl/SSLKeyAgreementGenerator
instanceKlass sun/security/ssl/PskKeyExchangeModesExtension$PskKeyExchangeModesSpec
instanceKlass sun/security/ssl/SupportedVersionsExtension$CHSupportedVersionsSpec
instanceKlass sun/security/ssl/SignatureAlgorithmsExtension$SignatureSchemesSpec
instanceKlass sun/security/ssl/ExtendedMasterSecretExtension$ExtendedMasterSecretSpec
instanceKlass sun/security/ssl/CertStatusExtension$CertStatusRequestV2Spec
instanceKlass sun/security/ssl/ECPointFormatsExtension$ECPointFormatsSpec
instanceKlass sun/security/ssl/SupportedGroupsExtension$SupportedGroupsSpec
instanceKlass sun/security/ssl/CertStatusExtension$CertStatusRequest
instanceKlass sun/security/ssl/CertStatusExtension$CertStatusRequestSpec
instanceKlass sun/security/ssl/ServerNameExtension$CHServerNamesSpec
instanceKlass sun/security/ssl/SSLExtension$SSLExtensionSpec
instanceKlass sun/security/ssl/SSLExtension$ClientExtensions
instanceKlass sun/security/ssl/PreSharedKeyExtension$SHPreSharedKeyStringizer
instanceKlass sun/security/ssl/PreSharedKeyExtension$SHPreSharedKeyAbsence
instanceKlass sun/security/ssl/PreSharedKeyExtension$SHPreSharedKeyConsumer
instanceKlass sun/security/ssl/PreSharedKeyExtension$SHPreSharedKeyProducer
instanceKlass sun/security/ssl/PreSharedKeyExtension$CHPreSharedKeyStringizer
instanceKlass sun/security/ssl/PreSharedKeyExtension$CHPreSharedKeyOnTradeAbsence
instanceKlass sun/security/ssl/PreSharedKeyExtension$CHPreSharedKeyUpdate
instanceKlass sun/security/ssl/PreSharedKeyExtension$CHPreSharedKeyOnLoadAbsence
instanceKlass sun/security/ssl/PreSharedKeyExtension$CHPreSharedKeyConsumer
instanceKlass sun/security/ssl/PreSharedKeyExtension$CHPreSharedKeyProducer
instanceKlass sun/security/ssl/PreSharedKeyExtension
instanceKlass sun/security/ssl/RenegoInfoExtension$RenegotiationInfoStringizer
instanceKlass sun/security/ssl/RenegoInfoExtension$SHRenegotiationInfoAbsence
instanceKlass sun/security/ssl/RenegoInfoExtension$SHRenegotiationInfoConsumer
instanceKlass sun/security/ssl/RenegoInfoExtension$SHRenegotiationInfoProducer
instanceKlass sun/security/ssl/RenegoInfoExtension$CHRenegotiationInfoAbsence
instanceKlass sun/security/ssl/RenegoInfoExtension$CHRenegotiationInfoConsumer
instanceKlass sun/security/ssl/RenegoInfoExtension$CHRenegotiationInfoProducer
instanceKlass sun/security/ssl/RenegoInfoExtension
instanceKlass sun/security/ssl/KeyShareExtension$HRRKeyShareStringizer
instanceKlass sun/security/ssl/KeyShareExtension$HRRKeyShareReproducer
instanceKlass sun/security/ssl/KeyShareExtension$HRRKeyShareConsumer
instanceKlass sun/security/ssl/KeyShareExtension$HRRKeyShareProducer
instanceKlass sun/security/ssl/KeyShareExtension$SHKeyShareStringizer
instanceKlass sun/security/ssl/KeyShareExtension$SHKeyShareAbsence
instanceKlass sun/security/ssl/KeyShareExtension$SHKeyShareConsumer
instanceKlass sun/security/ssl/KeyShareExtension$SHKeyShareProducer
instanceKlass sun/security/ssl/KeyShareExtension$CHKeyShareStringizer
instanceKlass sun/security/ssl/KeyShareExtension$CHKeyShareOnTradeAbsence
instanceKlass sun/security/ssl/KeyShareExtension$CHKeyShareConsumer
instanceKlass sun/security/ssl/KeyShareExtension$CHKeyShareProducer
instanceKlass sun/security/ssl/KeyShareExtension
instanceKlass sun/security/ssl/CertSignAlgsExtension$CertSignatureSchemesStringizer
instanceKlass sun/security/ssl/CertSignAlgsExtension$CRCertSignatureSchemesUpdate
instanceKlass sun/security/ssl/CertSignAlgsExtension$CRCertSignatureSchemesConsumer
instanceKlass sun/security/ssl/CertSignAlgsExtension$CRCertSignatureSchemesProducer
instanceKlass sun/security/ssl/CertSignAlgsExtension$CHCertSignatureSchemesUpdate
instanceKlass sun/security/ssl/CertSignAlgsExtension$CHCertSignatureSchemesConsumer
instanceKlass sun/security/ssl/CertSignAlgsExtension$CHCertSignatureSchemesProducer
instanceKlass sun/security/ssl/CertSignAlgsExtension
instanceKlass sun/security/ssl/CertificateAuthoritiesExtension$CertificateAuthoritiesStringizer
instanceKlass sun/security/ssl/CertificateAuthoritiesExtension$CRCertificateAuthoritiesConsumer
instanceKlass sun/security/ssl/CertificateAuthoritiesExtension$CRCertificateAuthoritiesProducer
instanceKlass sun/security/ssl/CertificateAuthoritiesExtension$CHCertificateAuthoritiesConsumer
instanceKlass sun/security/ssl/CertificateAuthoritiesExtension$CHCertificateAuthoritiesProducer
instanceKlass sun/security/ssl/CertificateAuthoritiesExtension
instanceKlass sun/security/ssl/PskKeyExchangeModesExtension$PskKeyExchangeModesStringizer
instanceKlass sun/security/ssl/PskKeyExchangeModesExtension$PskKeyExchangeModesOnTradeAbsence
instanceKlass sun/security/ssl/PskKeyExchangeModesExtension$PskKeyExchangeModesOnLoadAbsence
instanceKlass sun/security/ssl/PskKeyExchangeModesExtension$PskKeyExchangeModesConsumer
instanceKlass sun/security/ssl/PskKeyExchangeModesExtension$PskKeyExchangeModesProducer
instanceKlass sun/security/ssl/PskKeyExchangeModesExtension
instanceKlass sun/security/ssl/CookieExtension$CookieStringizer
instanceKlass sun/security/ssl/CookieExtension$HRRCookieReproducer
instanceKlass sun/security/ssl/CookieExtension$HRRCookieConsumer
instanceKlass sun/security/ssl/CookieExtension$HRRCookieProducer
instanceKlass sun/security/ssl/CookieExtension$CHCookieUpdate
instanceKlass sun/security/ssl/CookieExtension$CHCookieConsumer
instanceKlass sun/security/ssl/CookieExtension$CHCookieProducer
instanceKlass sun/security/ssl/CookieExtension
instanceKlass sun/security/ssl/SupportedVersionsExtension$HRRSupportedVersionsReproducer
instanceKlass sun/security/ssl/SupportedVersionsExtension$HRRSupportedVersionsConsumer
instanceKlass sun/security/ssl/SupportedVersionsExtension$HRRSupportedVersionsProducer
instanceKlass sun/security/ssl/SupportedVersionsExtension$SHSupportedVersionsStringizer
instanceKlass sun/security/ssl/SupportedVersionsExtension$SHSupportedVersionsConsumer
instanceKlass sun/security/ssl/SupportedVersionsExtension$SHSupportedVersionsProducer
instanceKlass sun/security/ssl/SupportedVersionsExtension$CHSupportedVersionsStringizer
instanceKlass sun/security/ssl/SupportedVersionsExtension$CHSupportedVersionsConsumer
instanceKlass sun/security/ssl/SupportedVersionsExtension$CHSupportedVersionsProducer
instanceKlass sun/security/ssl/SupportedVersionsExtension
instanceKlass sun/security/ssl/SignatureAlgorithmsExtension$SignatureSchemesStringizer
instanceKlass sun/security/ssl/SignatureAlgorithmsExtension$CRSignatureSchemesUpdate
instanceKlass sun/security/ssl/SignatureAlgorithmsExtension$CRSignatureSchemesAbsence
instanceKlass sun/security/ssl/SignatureAlgorithmsExtension$CRSignatureSchemesConsumer
instanceKlass sun/security/ssl/SignatureAlgorithmsExtension$CRSignatureSchemesProducer
instanceKlass sun/security/ssl/SignatureAlgorithmsExtension$CHSignatureSchemesOnTradeAbsence
instanceKlass sun/security/ssl/SignatureAlgorithmsExtension$CHSignatureSchemesUpdate
instanceKlass sun/security/ssl/SignatureAlgorithmsExtension$CHSignatureSchemesOnLoadAbsence
instanceKlass sun/security/ssl/SignatureAlgorithmsExtension$CHSignatureSchemesConsumer
instanceKlass sun/security/ssl/SignatureAlgorithmsExtension$CHSignatureSchemesProducer
instanceKlass sun/security/ssl/SignatureAlgorithmsExtension
instanceKlass sun/security/ssl/SessionTicketExtension$SessionTicketStringizer
instanceKlass sun/security/ssl/SessionTicketExtension$T12SHSessionTicketConsumer
instanceKlass sun/security/ssl/SessionTicketExtension$T12SHSessionTicketProducer
instanceKlass sun/security/ssl/SessionTicketExtension$T12CHSessionTicketConsumer
instanceKlass sun/security/ssl/SessionTicketExtension$T12CHSessionTicketProducer
instanceKlass sun/security/ssl/SessionTicketExtension
instanceKlass sun/security/ssl/ExtendedMasterSecretExtension$ExtendedMasterSecretStringizer
instanceKlass sun/security/ssl/ExtendedMasterSecretExtension$SHExtendedMasterSecretAbsence
instanceKlass sun/security/ssl/ExtendedMasterSecretExtension$SHExtendedMasterSecretConsumer
instanceKlass sun/security/ssl/ExtendedMasterSecretExtension$SHExtendedMasterSecretProducer
instanceKlass sun/security/ssl/ExtendedMasterSecretExtension$CHExtendedMasterSecretAbsence
instanceKlass sun/security/ssl/ExtendedMasterSecretExtension$CHExtendedMasterSecretConsumer
instanceKlass sun/security/ssl/ExtendedMasterSecretExtension$CHExtendedMasterSecretProducer
instanceKlass sun/security/ssl/ExtendedMasterSecretExtension
instanceKlass  @bci sun/security/ssl/AlpnExtension <clinit> ()V 100 <appendix> argL0 ; # sun/security/ssl/AlpnExtension$$Lambda+0x00000008008b7898
instanceKlass sun/security/ssl/AlpnExtension$AlpnStringizer
instanceKlass sun/security/ssl/AlpnExtension$SHAlpnAbsence
instanceKlass sun/security/ssl/AlpnExtension$SHAlpnConsumer
instanceKlass sun/security/ssl/AlpnExtension$SHAlpnProducer
instanceKlass sun/security/ssl/AlpnExtension$CHAlpnAbsence
instanceKlass sun/security/ssl/AlpnExtension$CHAlpnConsumer
instanceKlass sun/security/ssl/AlpnExtension$CHAlpnProducer
instanceKlass sun/security/ssl/AlpnExtension
instanceKlass sun/security/ssl/ECPointFormatsExtension$ECPointFormatsStringizer
instanceKlass sun/security/ssl/ECPointFormatsExtension$SHECPointFormatsConsumer
instanceKlass sun/security/ssl/ECPointFormatsExtension$CHECPointFormatsConsumer
instanceKlass sun/security/ssl/ECPointFormatsExtension$CHECPointFormatsProducer
instanceKlass sun/security/ssl/ECPointFormatsExtension
instanceKlass sun/security/ssl/SupportedGroupsExtension$EESupportedGroupsConsumer
instanceKlass sun/security/ssl/SupportedGroupsExtension$EESupportedGroupsProducer
instanceKlass sun/security/ssl/SupportedGroupsExtension$SupportedGroupsStringizer
instanceKlass sun/security/ssl/SupportedGroupsExtension$CHSupportedGroupsOnTradeAbsence
instanceKlass sun/security/ssl/SupportedGroupsExtension$CHSupportedGroupsConsumer
instanceKlass sun/security/ssl/SupportedGroupsExtension$CHSupportedGroupsProducer
instanceKlass sun/security/ssl/SupportedGroupsExtension
instanceKlass sun/security/ssl/CertStatusExtension$CertStatusRespStringizer
instanceKlass sun/security/ssl/CertStatusExtension$CertStatusRequestsStringizer
instanceKlass sun/security/ssl/CertStatusExtension$SHCertStatusReqV2Consumer
instanceKlass sun/security/ssl/CertStatusExtension$SHCertStatusReqV2Producer
instanceKlass sun/security/ssl/CertStatusExtension$CHCertStatusReqV2Consumer
instanceKlass sun/security/ssl/CertStatusExtension$CHCertStatusReqV2Producer
instanceKlass sun/security/ssl/CertStatusExtension$CertStatusRequestStringizer
instanceKlass sun/security/ssl/CertStatusExtension$CTCertStatusResponseConsumer
instanceKlass sun/security/ssl/CertStatusExtension$CTCertStatusResponseProducer
instanceKlass sun/security/ssl/CertStatusExtension$SHCertStatusReqConsumer
instanceKlass sun/security/ssl/CertStatusExtension$SHCertStatusReqProducer
instanceKlass sun/security/ssl/CertStatusExtension$CHCertStatusReqConsumer
instanceKlass sun/security/ssl/CertStatusExtension$CHCertStatusReqProducer
instanceKlass sun/security/ssl/CertStatusExtension
instanceKlass sun/security/ssl/MaxFragExtension$MaxFragLenStringizer
instanceKlass sun/security/ssl/MaxFragExtension$EEMaxFragmentLengthUpdate
instanceKlass sun/security/ssl/MaxFragExtension$EEMaxFragmentLengthConsumer
instanceKlass sun/security/ssl/MaxFragExtension$EEMaxFragmentLengthProducer
instanceKlass sun/security/ssl/MaxFragExtension$SHMaxFragmentLengthUpdate
instanceKlass sun/security/ssl/MaxFragExtension$SHMaxFragmentLengthConsumer
instanceKlass sun/security/ssl/MaxFragExtension$SHMaxFragmentLengthProducer
instanceKlass sun/security/ssl/MaxFragExtension$CHMaxFragmentLengthConsumer
instanceKlass sun/security/ssl/MaxFragExtension$CHMaxFragmentLengthProducer
instanceKlass sun/security/ssl/MaxFragExtension
instanceKlass sun/security/ssl/ServerNameExtension$EEServerNameConsumer
instanceKlass sun/security/ssl/ServerNameExtension$EEServerNameProducer
instanceKlass sun/security/ssl/ServerNameExtension$SHServerNamesStringizer
instanceKlass sun/security/ssl/ServerNameExtension$SHServerNameConsumer
instanceKlass sun/security/ssl/ServerNameExtension$SHServerNameProducer
instanceKlass sun/security/ssl/ServerNameExtension$CHServerNamesStringizer
instanceKlass sun/security/ssl/ServerNameExtension$CHServerNameConsumer
instanceKlass sun/security/ssl/SSLExtension$ExtensionConsumer
instanceKlass sun/security/ssl/ServerNameExtension$CHServerNameProducer
instanceKlass sun/security/ssl/ServerNameExtension
instanceKlass sun/security/ssl/SSLStringizer
instanceKlass sun/security/ssl/SSLExtensions
instanceKlass sun/security/ssl/SSLHandshake$HandshakeMessage
instanceKlass sun/security/ssl/RandomCookie
instanceKlass java/lang/Byte$ByteCache
instanceKlass sun/security/util/KeyUtil
instanceKlass sun/security/ssl/SSLKeyDerivation
instanceKlass sun/security/ssl/SSLCredentials
instanceKlass sun/security/ssl/NamedGroupPossession
instanceKlass sun/security/ssl/SSLPossession
instanceKlass sun/security/ssl/HandshakeContext
instanceKlass sun/security/ssl/SSLConfiguration$1
instanceKlass javax/net/ssl/SSLParameters
instanceKlass sun/nio/ch/ExtendedSocketOption$1
instanceKlass sun/nio/ch/ExtendedSocketOption
instanceKlass sun/nio/ch/OptionKey
instanceKlass sun/nio/ch/SocketOptionRegistry$LazyInitialization
instanceKlass sun/nio/ch/SocketOptionRegistry$RegistryKey
instanceKlass sun/nio/ch/SocketOptionRegistry
instanceKlass java/net/StandardSocketOptions$StdSocketOption
instanceKlass java/net/StandardSocketOptions
instanceKlass jdk/internal/icu/impl/Trie2$UTrie2Header
instanceKlass jdk/internal/icu/impl/Trie2$1
instanceKlass jdk/internal/icu/impl/Trie2$ValueMapper
instanceKlass jdk/internal/icu/impl/Trie2
instanceKlass jdk/internal/icu/impl/UCharacterProperty$IsAcceptable
instanceKlass jdk/internal/icu/impl/UCharacterProperty$IntProperty
instanceKlass jdk/internal/icu/impl/UCharacterProperty
instanceKlass jdk/internal/icu/impl/Trie
instanceKlass jdk/internal/icu/text/StringPrep$StringPrepTrieImpl
instanceKlass jdk/internal/icu/impl/Trie$DataManipulate
instanceKlass jdk/internal/icu/impl/StringPrepDataReader
instanceKlass jdk/internal/icu/text/StringPrep
instanceKlass java/net/IDN$1
instanceKlass java/net/IDN
instanceKlass javax/net/ssl/SNIServerName
instanceKlass java/net/SocksSocketImpl$3
instanceKlass sun/security/ssl/DTLSRecord
instanceKlass sun/security/ssl/SessionId
instanceKlass java/security/spec/MGF1ParameterSpec
instanceKlass sun/security/ec/ParametersMap$1
instanceKlass  @bci sun/security/ec/ed/EdDSAParameters <clinit> ()V 268 <appendix> argL0 ; # sun/security/ec/ed/EdDSAParameters$$Lambda+0x00000008008b0510
instanceKlass sun/security/ec/ed/EdDSAParameters$SHAKE256DigesterFactory
instanceKlass sun/security/ec/point/ProjectivePoint
instanceKlass  @bci sun/security/ec/ed/EdDSAParameters <clinit> ()V 117 <appendix> argL0 ; # sun/security/ec/ed/EdDSAParameters$$Lambda+0x00000008008acc68
instanceKlass sun/security/ec/ed/EdDSAParameters$Digester
instanceKlass sun/security/ec/ed/EdDSAParameters$SHA512DigesterFactory
instanceKlass sun/security/ec/point/ExtendedHomogeneousPoint
instanceKlass sun/security/ec/point/AffinePoint
instanceKlass sun/security/util/math/intpoly/IntegerPolynomial$Limb
instanceKlass sun/security/util/math/SmallValue
instanceKlass sun/security/ec/point/MutablePoint
instanceKlass sun/security/ec/point/ImmutablePoint
instanceKlass sun/security/ec/point/Point
instanceKlass sun/security/util/math/intpoly/IntegerPolynomial$Element
instanceKlass sun/security/util/math/ImmutableIntegerModuloP
instanceKlass sun/security/util/math/IntegerModuloP
instanceKlass sun/security/util/math/intpoly/IntegerPolynomial
instanceKlass sun/security/ec/ParametersMap
instanceKlass sun/security/ec/ed/EdECOperations
instanceKlass sun/security/ec/ed/EdDSAParameters$DigesterFactory
instanceKlass sun/security/util/math/IntegerFieldModuloP
instanceKlass sun/security/ec/ed/EdDSAParameters
instanceKlass  @bci sun/security/ec/ed/EdDSASignature <init> (Ljava/security/spec/NamedParameterSpec;)V 27 <appendix> argL0 ; # sun/security/ec/ed/EdDSASignature$$Lambda+0x00000008008aef78
instanceKlass java/security/spec/EdDSAParameterSpec
instanceKlass sun/security/ec/ed/EdDSASignature$MessageAccumulator
instanceKlass javax/net/ssl/ExtendedSSLSession
instanceKlass javax/net/ssl/SSLSession
instanceKlass javax/crypto/spec/DHParameterSpec
instanceKlass sun/security/ssl/PredefinedDHParameterSpecs$1
instanceKlass sun/security/ssl/PredefinedDHParameterSpecs
instanceKlass com/sun/security/sasl/Provider$1
instanceKlass  @bci sun/security/provider/certpath/ldap/JdkLDAP <init> ()V 15 <appendix> member <vmtarget> ; # sun/security/provider/certpath/ldap/JdkLDAP$$Lambda+0x00000008008f5f58
instanceKlass sun/security/mscapi/SunMSCAPI$2
instanceKlass sun/security/mscapi/SunMSCAPI$1
instanceKlass org/jcp/xml/dsig/internal/dom/XMLDSigRI$2
instanceKlass org/jcp/xml/dsig/internal/dom/XMLDSigRI$1
instanceKlass com/sun/security/sasl/gsskerb/JdkSASL$1
instanceKlass  @bci sun/security/jgss/SunProvider <init> ()V 15 <appendix> member <vmtarget> ; # sun/security/jgss/SunProvider$$Lambda+0x00000008008a9920
instanceKlass sun/security/ssl/NamedGroup$SupportedGroups
instanceKlass sun/security/ssl/SSLConfiguration$CustomizedClientSignatureSchemes
instanceKlass javax/crypto/KeyGeneratorSpi
instanceKlass javax/crypto/KeyGenerator
instanceKlass sun/security/ssl/SSLConfiguration
instanceKlass sun/security/ssl/SSLCipher$SSLWriteCipher
instanceKlass sun/security/ssl/KeyUpdate$KeyUpdateProducer
instanceKlass sun/security/ssl/KeyUpdate$KeyUpdateConsumer
instanceKlass sun/security/ssl/KeyUpdate$KeyUpdateKickstartProducer
instanceKlass sun/security/ssl/KeyUpdate
instanceKlass sun/security/ssl/CertificateStatus$CertificateStatusAbsence
instanceKlass sun/security/ssl/HandshakeAbsence
instanceKlass sun/security/ssl/CertificateStatus$CertificateStatusProducer
instanceKlass sun/security/ssl/CertificateStatus$CertificateStatusConsumer
instanceKlass sun/security/ssl/CertificateStatus
instanceKlass sun/security/ssl/Finished$T13FinishedProducer
instanceKlass sun/security/ssl/Finished$T13FinishedConsumer
instanceKlass sun/security/ssl/Finished$T12FinishedProducer
instanceKlass sun/security/ssl/Finished$T12FinishedConsumer
instanceKlass sun/security/ssl/Finished
instanceKlass sun/security/ssl/ClientKeyExchange$ClientKeyExchangeProducer
instanceKlass sun/security/ssl/ClientKeyExchange$ClientKeyExchangeConsumer
instanceKlass sun/security/ssl/ClientKeyExchange
instanceKlass sun/security/ssl/CertificateVerify$T13CertificateVerifyProducer
instanceKlass sun/security/ssl/CertificateVerify$T13CertificateVerifyConsumer
instanceKlass sun/security/ssl/CertificateVerify$T12CertificateVerifyProducer
instanceKlass sun/security/ssl/CertificateVerify$T12CertificateVerifyConsumer
instanceKlass sun/security/ssl/CertificateVerify$T10CertificateVerifyProducer
instanceKlass sun/security/ssl/CertificateVerify$T10CertificateVerifyConsumer
instanceKlass sun/security/ssl/CertificateVerify$S30CertificateVerifyProducer
instanceKlass sun/security/ssl/CertificateVerify$S30CertificateVerifyConsumer
instanceKlass sun/security/ssl/CertificateVerify
instanceKlass sun/security/ssl/ServerHelloDone$ServerHelloDoneProducer
instanceKlass sun/security/ssl/ServerHelloDone$ServerHelloDoneConsumer
instanceKlass sun/security/ssl/ServerHelloDone
instanceKlass sun/security/ssl/CertificateRequest$T13CertificateRequestProducer
instanceKlass sun/security/ssl/CertificateRequest$T13CertificateRequestConsumer
instanceKlass sun/security/ssl/CertificateRequest$T12CertificateRequestProducer
instanceKlass sun/security/ssl/CertificateRequest$T12CertificateRequestConsumer
instanceKlass sun/security/ssl/CertificateRequest$T10CertificateRequestProducer
instanceKlass sun/security/ssl/CertificateRequest$T10CertificateRequestConsumer
instanceKlass sun/security/ssl/CertificateRequest
instanceKlass sun/security/ssl/ServerKeyExchange$ServerKeyExchangeProducer
instanceKlass sun/security/ssl/ServerKeyExchange$ServerKeyExchangeConsumer
instanceKlass sun/security/ssl/ServerKeyExchange
instanceKlass sun/security/ssl/CertificateMessage$T13CertificateProducer
instanceKlass sun/security/ssl/CertificateMessage$T13CertificateConsumer
instanceKlass sun/security/ssl/CertificateMessage$T12CertificateProducer
instanceKlass sun/security/ssl/CertificateMessage$T12CertificateConsumer
instanceKlass sun/security/ssl/CertificateMessage
instanceKlass sun/security/ssl/EncryptedExtensions$EncryptedExtensionsConsumer
instanceKlass sun/security/ssl/EncryptedExtensions$EncryptedExtensionsProducer
instanceKlass sun/security/ssl/EncryptedExtensions
instanceKlass sun/security/ssl/NewSessionTicket$T12NewSessionTicketProducer
instanceKlass sun/security/ssl/NewSessionTicket$T13NewSessionTicketProducer
instanceKlass sun/security/ssl/NewSessionTicket$T12NewSessionTicketConsumer
instanceKlass sun/security/ssl/NewSessionTicket$T13NewSessionTicketConsumer
instanceKlass sun/security/ssl/NewSessionTicket
instanceKlass sun/security/ssl/HelloVerifyRequest$HelloVerifyRequestProducer
instanceKlass sun/security/ssl/HelloVerifyRequest$HelloVerifyRequestConsumer
instanceKlass sun/security/ssl/HelloVerifyRequest
instanceKlass sun/security/ssl/ServerHello$T13HelloRetryRequestConsumer
instanceKlass sun/security/ssl/ServerHello$T13ServerHelloConsumer
instanceKlass sun/security/ssl/ServerHello$T12ServerHelloConsumer
instanceKlass sun/security/ssl/ServerHello$T13HelloRetryRequestReproducer
instanceKlass sun/security/ssl/ServerHello$T13HelloRetryRequestProducer
instanceKlass sun/security/ssl/ServerHello$T13ServerHelloProducer
instanceKlass sun/security/ssl/ServerHello$T12ServerHelloProducer
instanceKlass sun/security/ssl/ServerHello$ServerHelloConsumer
instanceKlass sun/security/ssl/ServerHello
instanceKlass sun/security/ssl/ClientHello$D13ClientHelloConsumer
instanceKlass sun/security/ssl/ClientHello$D12ClientHelloConsumer
instanceKlass sun/security/ssl/ClientHello$T13ClientHelloConsumer
instanceKlass sun/security/ssl/ClientHello$T12ClientHelloConsumer
instanceKlass sun/security/ssl/HandshakeConsumer
instanceKlass sun/security/ssl/ClientHello$ClientHelloProducer
instanceKlass sun/security/ssl/ClientHello$ClientHelloConsumer
instanceKlass sun/security/ssl/ClientHello$ClientHelloKickstartProducer
instanceKlass sun/security/ssl/ClientHello
instanceKlass sun/security/ssl/HelloRequest$HelloRequestProducer
instanceKlass sun/security/ssl/HelloRequest$HelloRequestConsumer
instanceKlass sun/security/ssl/HelloRequest$HelloRequestKickstartProducer
instanceKlass sun/security/ssl/SSLProducer
instanceKlass sun/security/ssl/HelloRequest
instanceKlass sun/security/ssl/HandshakeProducer
instanceKlass sun/security/ssl/SSLConsumer
instanceKlass sun/security/ssl/Authenticator$MacImpl
instanceKlass sun/security/ssl/Authenticator$MAC
instanceKlass sun/security/ssl/Authenticator
instanceKlass sun/security/ssl/SSLCipher$SSLReadCipher
instanceKlass sun/security/ssl/InputRecord
instanceKlass sun/security/ssl/SSLRecord
instanceKlass sun/security/ssl/Record
instanceKlass sun/security/ssl/TransportContext
instanceKlass sun/security/ssl/ConnectionContext
instanceKlass sun/security/ssl/HandshakeHash$CacheOnlyHash
instanceKlass sun/security/ssl/HandshakeHash$TranscriptHash
instanceKlass sun/security/ssl/HandshakeHash
instanceKlass java/net/SocksConsts
instanceKlass sun/security/ssl/SSLTransport
instanceKlass sun/net/www/http/KeepAliveKey
instanceKlass sun/net/NetworkClient$1
instanceKlass sun/net/NetworkClient
instanceKlass javax/net/ssl/HandshakeCompletedListener
instanceKlass sun/net/spi/DefaultProxySelector$3
instanceKlass sun/net/spi/DefaultProxySelector$NonProxyInfo
instanceKlass sun/net/spi/DefaultProxySelector$1
instanceKlass java/net/ProxySelector
instanceKlass sun/net/www/protocol/http/HttpURLConnection$7
instanceKlass sun/net/www/protocol/http/HttpURLConnection$6
instanceKlass sun/net/www/protocol/http/HttpURLConnection$9
instanceKlass java/net/InetAddress$CachedLookup
instanceKlass sun/net/InetAddressCachePolicy$1
instanceKlass sun/net/InetAddressCachePolicy
instanceKlass  @bci java/net/InetAddress getAddressesFromNameService (Ljava/lang/String;)[Ljava/net/InetAddress; 94 <appendix> argL0 ; # java/net/InetAddress$$Lambda+0x00000008008e0de8
instanceKlass  @bci java/net/InetAddress loadResolver ()Ljava/net/spi/InetAddressResolver; 8 <appendix> argL0 ; # java/net/InetAddress$$Lambda+0x00000008008e0b98
instanceKlass java/net/spi/InetAddressResolverProvider
instanceKlass  @bci java/net/InetAddress resolver ()Ljava/net/spi/InetAddressResolver; 103 <appendix> argL0 ; # java/net/InetAddress$$Lambda+0x00000008008e0740
instanceKlass java/net/InetAddress$NameServiceAddresses
instanceKlass java/net/InetAddress$Addresses
instanceKlass java/util/concurrent/ConcurrentSkipListMap$Iter
instanceKlass sun/net/www/protocol/http/HttpURLConnection$5
instanceKlass java/net/ResponseCache
instanceKlass sun/net/www/protocol/http/HttpURLConnection$3
instanceKlass java/net/CookieHandler
instanceKlass sun/net/www/protocol/http/HttpURLConnection$2
instanceKlass  @bci sun/net/www/protocol/http/AuthCacheImpl getAuthCacheFor (Ljava/net/Authenticator;)Lsun/net/www/protocol/http/AuthCacheImpl; 4 <appendix> argL0 ; # sun/net/www/protocol/http/AuthCacheImpl$$Lambda+0x00000008008de4a0
instanceKlass java/net/Authenticator
instanceKlass sun/net/www/protocol/http/AuthCacheImpl
instanceKlass sun/net/www/protocol/http/AuthCache
instanceKlass sun/net/NetProperties$1
instanceKlass sun/net/NetProperties
instanceKlass  @bci sun/net/www/protocol/http/HttpURLConnection getNetProperty (Ljava/lang/String;)Ljava/lang/String; 1 <appendix> member <vmtarget> ; # sun/net/www/protocol/http/HttpURLConnection$$Lambda+0x00000008008dd758
instanceKlass sun/security/action/GetPropertyAction$1
instanceKlass  @bci sun/security/ssl/SSLContextImpl engineInit ([Ljavax/net/ssl/KeyManager;[Ljavax/net/ssl/TrustManager;Ljava/security/SecureRandom;)V 57 <appendix> argL0 ; # sun/security/ssl/SSLContextImpl$$Lambda+0x00000008008dc1e8
instanceKlass javax/net/ssl/X509ExtendedKeyManager
instanceKlass javax/net/ssl/X509KeyManager
instanceKlass javax/net/ssl/KeyManager
instanceKlass javax/net/ssl/KeyManagerFactorySpi
instanceKlass  @bci javax/net/ssl/KeyManagerFactory getDefaultAlgorithm ()Ljava/lang/String; 0 <appendix> argL0 ; # javax/net/ssl/KeyManagerFactory$$Lambda+0x00000008008dadb8
instanceKlass javax/net/ssl/KeyManagerFactory
instanceKlass sun/security/ssl/SSLContextImpl$DefaultManagersHolder$1
instanceKlass javax/net/ssl/X509ExtendedTrustManager
instanceKlass javax/net/ssl/X509TrustManager
instanceKlass javax/net/ssl/TrustManager
instanceKlass sun/security/validator/TrustStoreUtil
instanceKlass sun/security/x509/AccessDescription
instanceKlass sun/security/x509/RFC822Name
instanceKlass sun/security/x509/NetscapeCertTypeExtension$MapEntry
instanceKlass sun/security/x509/DNSName
instanceKlass sun/security/x509/URIName
instanceKlass sun/security/x509/DistributionPoint
instanceKlass java/security/cert/PolicyQualifierInfo
instanceKlass sun/security/x509/CertificatePolicyId
instanceKlass sun/security/x509/PolicyInformation
instanceKlass java/security/interfaces/ECPublicKey
instanceKlass sun/security/x509/GeneralName
instanceKlass sun/security/pkcs12/PKCS12KeyStore$Entry
instanceKlass jdk/internal/event/EventHelper$ThreadTrackHolder
instanceKlass jdk/internal/event/EventHelper
instanceKlass sun/security/jca/JCAUtil
instanceKlass sun/security/util/MemoryCache$CacheEntry
instanceKlass sun/security/x509/GeneralNames
instanceKlass sun/security/x509/KeyIdentifier
instanceKlass sun/security/x509/OIDMap$OIDInfo
instanceKlass sun/security/x509/PKIXExtensions
instanceKlass sun/security/x509/OIDMap
instanceKlass sun/security/x509/Extension
instanceKlass java/security/cert/Extension
instanceKlass sun/security/x509/CertificateExtensions
instanceKlass sun/security/rsa/RSAUtil
instanceKlass java/security/interfaces/RSAPublicKey
instanceKlass java/security/interfaces/RSAKey
instanceKlass java/security/spec/PSSParameterSpec
instanceKlass java/security/spec/RSAPrivateKeySpec
instanceKlass java/security/spec/RSAPublicKeySpec
instanceKlass  @bci java/security/spec/EncodedKeySpec <clinit> ()V 0 <appendix> argL0 ; # java/security/spec/EncodedKeySpec$$Lambda+0x00000008008d0db8
instanceKlass jdk/internal/access/JavaSecuritySpecAccess
instanceKlass java/security/spec/EncodedKeySpec
instanceKlass java/security/spec/KeySpec
instanceKlass sun/security/util/BitArray
instanceKlass sun/security/x509/X509Key
instanceKlass sun/security/x509/CertificateX509Key
instanceKlass sun/security/x509/CertificateValidity
instanceKlass sun/security/x509/AVA
instanceKlass sun/security/x509/RDN
instanceKlass javax/security/auth/x500/X500Principal
instanceKlass  @bci sun/security/x509/X500Name <clinit> ()V 153 <appendix> argL0 ; # sun/security/x509/X500Name$$Lambda+0x00000008008cebc0
instanceKlass sun/security/x509/X500Name
instanceKlass sun/security/x509/GeneralNameInterface
instanceKlass sun/security/x509/CertificateAlgorithmId
instanceKlass sun/security/x509/SerialNumber
instanceKlass sun/security/x509/CertificateSerialNumber
instanceKlass sun/security/x509/CertificateVersion
instanceKlass sun/security/x509/X509CertInfo
instanceKlass sun/security/x509/AlgorithmId
instanceKlass java/security/cert/X509Extension
instanceKlass sun/security/util/Cache$EqualByteArray
instanceKlass java/security/cert/CertificateFactorySpi
instanceKlass java/security/cert/CertificateFactory
instanceKlass sun/security/pkcs/ContentInfo
instanceKlass sun/security/util/IOUtils
instanceKlass sun/security/util/DerInputStream
instanceKlass sun/security/util/DerValue
instanceKlass sun/security/action/OpenFileInputStreamAction
instanceKlass  @bci sun/security/util/KeyStoreDelegator <init> (Ljava/lang/String;Ljava/lang/Class;Ljava/lang/String;Ljava/lang/Class;)V 4 <appendix> argL0 ; # sun/security/util/KeyStoreDelegator$$Lambda+0x00000008008cb1d8
instanceKlass java/security/KeyStoreSpi
instanceKlass  @bci java/security/KeyStore getDefaultType ()Ljava/lang/String; 0 <appendix> argL0 ; # java/security/KeyStore$$Lambda+0x00000008008c9e60
instanceKlass java/security/KeyStore
instanceKlass sun/security/ssl/TrustStoreManager$TrustStoreDescriptor$1
instanceKlass sun/security/util/FilePaths
instanceKlass sun/security/ssl/TrustStoreManager$TrustStoreDescriptor
instanceKlass sun/security/ssl/TrustStoreManager$TrustAnchorManager
instanceKlass sun/security/ssl/TrustStoreManager
instanceKlass javax/net/ssl/TrustManagerFactorySpi
instanceKlass  @bci javax/net/ssl/TrustManagerFactory getDefaultAlgorithm ()Ljava/lang/String; 0 <appendix> argL0 ; # javax/net/ssl/TrustManagerFactory$$Lambda+0x00000008008c8898
instanceKlass javax/net/ssl/TrustManagerFactory
instanceKlass sun/security/ssl/SSLContextImpl$DefaultManagersHolder
instanceKlass sun/security/util/Cache
instanceKlass sun/security/ssl/SSLSessionContextImpl
instanceKlass javax/net/ssl/SSLSessionContext
instanceKlass sun/security/ssl/EphemeralKeyManager$EphemeralKeyPair
instanceKlass sun/security/ssl/EphemeralKeyManager
instanceKlass sun/security/ssl/SSLContextImpl$CustomizedSSLProtocols
instanceKlass java/security/spec/NamedParameterSpec
instanceKlass sun/security/util/ECKeySizeParameterSpec
instanceKlass java/security/AlgorithmParametersSpi
instanceKlass java/security/AlgorithmParameters
instanceKlass sun/security/util/ECUtil
instanceKlass java/security/KeyPairGeneratorSpi
instanceKlass java/security/PrivateKey
instanceKlass javax/security/auth/Destroyable
instanceKlass java/security/PublicKey
instanceKlass java/security/KeyFactorySpi
instanceKlass java/security/KeyFactory
instanceKlass javax/crypto/KeyAgreement
instanceKlass java/security/interfaces/ECKey
instanceKlass java/security/Key
instanceKlass java/security/Signature$1
instanceKlass jdk/internal/access/JavaSecuritySignatureAccess
instanceKlass java/security/SignatureSpi
instanceKlass sun/security/ssl/JsseJce$EcAvailability
instanceKlass sun/security/ssl/SSLAlgorithmDecomposer$1
instanceKlass sun/security/ssl/Utilities
instanceKlass sun/security/ssl/JsseJce
instanceKlass sun/security/ssl/NamedGroup$XDHScheme
instanceKlass sun/security/ssl/NamedGroup$FFDHEScheme
instanceKlass sun/security/ssl/NamedGroup$ECDHEScheme
instanceKlass sun/security/ssl/NamedGroup$NamedGroupScheme
instanceKlass sun/security/ssl/SSLCipher$1
instanceKlass sun/security/ssl/SSLCipher$T13CC20P1305WriteCipherGenerator
instanceKlass sun/security/ssl/SSLCipher$T12CC20P1305WriteCipherGenerator
instanceKlass sun/security/ssl/SSLCipher$T13CC20P1305ReadCipherGenerator
instanceKlass sun/security/ssl/SSLCipher$T12CC20P1305ReadCipherGenerator
instanceKlass sun/security/ssl/SSLCipher$T13GcmWriteCipherGenerator
instanceKlass sun/security/ssl/SSLCipher$T13GcmReadCipherGenerator
instanceKlass sun/security/ssl/SSLCipher$T12GcmWriteCipherGenerator
instanceKlass sun/security/ssl/SSLCipher$T12GcmReadCipherGenerator
instanceKlass com/sun/crypto/provider/AESConstants
instanceKlass  @bci javax/crypto/JceSecurityManager <clinit> ()V 67 <appendix> argL0 ; # javax/crypto/JceSecurityManager$$Lambda+0x00000008007fd198
instanceKlass  @bci javax/crypto/JceSecurityManager <clinit> ()V 49 <appendix> argL0 ; # javax/crypto/JceSecurityManager$$Lambda+0x00000008007fcf68
instanceKlass javax/crypto/JceSecurityManager
instanceKlass sun/security/ssl/SSLCipher$T11BlockWriteCipherGenerator
instanceKlass sun/security/ssl/SSLCipher$T11BlockReadCipherGenerator
instanceKlass com/sun/crypto/provider/PKCS5Padding
instanceKlass com/sun/crypto/provider/Padding
instanceKlass com/sun/crypto/provider/FeedbackCipher
instanceKlass com/sun/crypto/provider/SymmetricCipher
instanceKlass com/sun/crypto/provider/DESConstants
instanceKlass com/sun/crypto/provider/CipherCore
instanceKlass sun/security/ssl/SSLCipher$T10BlockWriteCipherGenerator
instanceKlass sun/security/ssl/SSLCipher$T10BlockReadCipherGenerator
instanceKlass javax/crypto/CipherSpi
instanceKlass javax/crypto/ProviderVerifier
instanceKlass javax/crypto/JceSecurity$3
instanceKlass javax/crypto/JceSecurity$2
instanceKlass javax/crypto/CryptoPolicyParser$CryptoPermissionEntry
instanceKlass javax/crypto/CryptoPolicyParser$GrantEntry
instanceKlass javax/crypto/CryptoPolicyParser
instanceKlass java/nio/file/Files$1
instanceKlass sun/nio/fs/WindowsFileSystem$2
instanceKlass sun/nio/fs/Globs
instanceKlass javax/crypto/JceSecurity$1
instanceKlass javax/crypto/JceSecurity
instanceKlass com/sun/crypto/provider/SunJCE$1
instanceKlass sun/security/jca/ProviderList$ServiceList$1
instanceKlass sun/security/jca/ServiceId
instanceKlass javax/crypto/Cipher$Transform
instanceKlass javax/crypto/Cipher
instanceKlass sun/security/ssl/SSLCipher$StreamWriteCipherGenerator
instanceKlass sun/security/ssl/SSLCipher$StreamReadCipherGenerator
instanceKlass sun/security/ssl/SSLCipher$NullWriteCipherGenerator
instanceKlass sun/security/ssl/SSLCipher$WriteCipherGenerator
instanceKlass sun/security/ssl/SSLCipher$NullReadCipherGenerator
instanceKlass sun/security/ssl/SSLCipher$ReadCipherGenerator
instanceKlass sun/security/util/DisabledAlgorithmConstraints$Constraints$Holder
instanceKlass sun/security/util/DisabledAlgorithmConstraints$Constraint
instanceKlass sun/security/util/DisabledAlgorithmConstraints$Constraints
instanceKlass sun/security/util/AbstractAlgorithmConstraints$1
instanceKlass sun/security/util/AlgorithmDecomposer
instanceKlass sun/security/util/AbstractAlgorithmConstraints
instanceKlass sun/security/ssl/SSLAlgorithmConstraints
instanceKlass java/security/AlgorithmConstraints
instanceKlass sun/security/ssl/SSLLogger
instanceKlass  @bci sun/security/ssl/SunJSSE registerAlgorithms ()V 1 <appendix> member <vmtarget> ; # sun/security/ssl/SunJSSE$$Lambda+0x00000008007f1348
instanceKlass java/security/spec/ECFieldF2m
instanceKlass sun/security/util/ObjectIdentifier
instanceKlass sun/security/util/ByteArrayTagOrder
instanceKlass sun/security/util/ByteArrayLexOrder
instanceKlass sun/security/util/DerEncoder
instanceKlass java/security/spec/ECParameterSpec
instanceKlass java/security/spec/AlgorithmParameterSpec
instanceKlass java/security/spec/ECPoint
instanceKlass java/security/spec/EllipticCurve
instanceKlass java/security/spec/ECFieldFp
instanceKlass java/security/spec/ECField
instanceKlass sun/security/util/CurveDB
instanceKlass sun/security/ec/SunEC$1
instanceKlass sun/security/smartcardio/SunPCSC$1
instanceKlass  @bci sun/security/pkcs11/SunPKCS11 register (Lsun/security/pkcs11/SunPKCS11$Descriptor;)V 27 <appendix> argL0 ; # sun/security/pkcs11/SunPKCS11$$Lambda+0x000000080066a498
instanceKlass sun/security/pkcs11/SunPKCS11$Descriptor
instanceKlass javax/security/auth/Subject
instanceKlass javax/security/auth/callback/CallbackHandler
instanceKlass  @bci java/util/ServiceLoader$ModuleServicesLookupIterator loaderFor (Ljava/lang/Module;)Ljava/lang/ClassLoader; 19 <appendix> member <vmtarget> ; # java/util/ServiceLoader$ModuleServicesLookupIterator$$Lambda+0x00000008007ed928
instanceKlass sun/security/jca/ProviderConfig$ProviderLoader
instanceKlass sun/security/jca/ProviderConfig$3
instanceKlass sun/security/rsa/SunRsaSign$1
instanceKlass sun/security/rsa/SunRsaSignEntries
instanceKlass javax/net/ssl/SSLContextSpi
instanceKlass javax/net/ssl/SSLContext
instanceKlass  @bci javax/net/ssl/SSLSocketFactory getSecurityProperty (Ljava/lang/String;)Ljava/lang/String; 1 <appendix> member <vmtarget> ; # javax/net/ssl/SSLSocketFactory$$Lambda+0x00000008007ebf60
instanceKlass javax/net/ssl/SSLSocketFactory$DefaultFactoryHolder
instanceKlass javax/net/SocketFactory
instanceKlass javax/net/ssl/HttpsURLConnection$DefaultHostnameVerifier
instanceKlass javax/net/ssl/HostnameVerifier
instanceKlass java/net/spi/URLStreamHandlerProvider
instanceKlass java/net/URL$1
instanceKlass java/net/URL$2
instanceKlass java/net/URL$ThreadTrackHolder
instanceKlass org/freeplane/main/mindmapmode/HttpVersionClient
instanceKlass org/freeplane/main/mindmapmode/UpdateCheckAction$2
instanceKlass  @bci com/formdev/flatlaf/ui/FlatMenuUI$FlatMenuRenderer paintSelection (Ljava/awt/Graphics;Ljava/awt/Color;Ljava/awt/Insets;I)V 126 <appendix> argL0 ; # com/formdev/flatlaf/ui/FlatMenuUI$FlatMenuRenderer$$Lambda+0x00000008008a49c8
instanceKlass  @bci com/formdev/flatlaf/ui/FlatMenuUI$FlatMenuRenderer paintSelection (Ljava/awt/Graphics;Ljava/awt/Color;Ljava/awt/Insets;I)V 89 <appendix> argL0 ; # com/formdev/flatlaf/ui/FlatMenuUI$FlatMenuRenderer$$Lambda+0x00000008008a4778
instanceKlass  @bci com/formdev/flatlaf/ui/FlatMenuUI$FlatMenuRenderer paintBackground (Ljava/awt/Graphics;)V 27 <appendix> argL0 ; # com/formdev/flatlaf/ui/FlatMenuUI$FlatMenuRenderer$$Lambda+0x00000008008a4528
instanceKlass net/infonode/gui/hover/hoverable/HoverManager$5
instanceKlass net/infonode/tabbedpanel/internal/TabbedHoverUtil
instanceKlass org/apache/batik/ext/awt/image/rendered/PadRed$ZeroRecter
instanceKlass org/apache/batik/ext/awt/image/rendered/TileLRUMember
instanceKlass sun/awt/geom/Edge
instanceKlass sun/awt/geom/ChainEnd
instanceKlass sun/awt/geom/CurveLink
instanceKlass sun/awt/geom/AreaOp$1
instanceKlass sun/awt/geom/AreaOp
instanceKlass java/awt/geom/Area
instanceKlass org/apache/batik/ext/awt/RenderingHintsKeyExt
instanceKlass org/apache/batik/ext/awt/image/rendered/TileBlock
instanceKlass org/apache/batik/ext/awt/image/PadMode
instanceKlass org/apache/batik/ext/awt/geom/RectListManager$RectXComparator
instanceKlass org/apache/batik/ext/awt/geom/RectListManager
instanceKlass org/apache/batik/ext/awt/image/rendered/LRUCache$LRUObj
instanceKlass org/apache/batik/ext/awt/image/rendered/TileMap
instanceKlass org/apache/batik/util/DoublyLinkedList
instanceKlass org/apache/batik/util/DoublyLinkedList$Node
instanceKlass org/apache/batik/ext/awt/image/rendered/LRUCache
instanceKlass org/apache/batik/ext/awt/image/rendered/TileStore
instanceKlass org/apache/batik/ext/awt/image/rendered/TileCache
instanceKlass org/apache/batik/ext/awt/image/rendered/TileGenerator
instanceKlass java/awt/image/renderable/RenderContext
instanceKlass org/apache/batik/swing/svg/JSVGComponent$3
instanceKlass org/apache/batik/swing/gvt/GVTTreeRenderer$5
instanceKlass org/apache/batik/swing/gvt/GVTTreeRenderer$4
instanceKlass org/apache/batik/swing/gvt/GVTTreeRenderer$3
instanceKlass org/apache/batik/swing/gvt/GVTTreeRenderer$2
instanceKlass org/apache/batik/swing/gvt/GVTTreeRenderer$1
instanceKlass org/apache/batik/gvt/renderer/StaticRenderer
instanceKlass org/apache/batik/parser/AWTTransformProducer
instanceKlass org/apache/batik/swing/svg/JSVGComponent$BridgeUserAgentWrapper$20Query
instanceKlass org/apache/batik/dom/svg/AbstractSVGTransformList$TransformListBuilder
instanceKlass org/apache/batik/parser/DefaultTransformListHandler
instanceKlass org/apache/batik/dom/svg/ListBuilder
instanceKlass org/apache/batik/dom/svg/SVGItem
instanceKlass org/apache/batik/dom/svg/ListHandler
instanceKlass org/apache/batik/dom/svg/AbstractSVGList
instanceKlass org/apache/batik/gvt/CompositeShapePainter
instanceKlass org/apache/batik/gvt/StrokeShapePainter
instanceKlass org/apache/batik/gvt/FillShapePainter
instanceKlass org/apache/xmlgraphics/java2d/color/ColorSpaceOrigin
instanceKlass org/apache/batik/bridge/PaintServer
instanceKlass org/apache/batik/ext/awt/image/rendered/AbstractRed
instanceKlass org/apache/batik/ext/awt/image/GraphicsUtil
instanceKlass com/sun/imageio/plugins/jpeg/ImageTypeIterator
instanceKlass com/sun/imageio/plugins/jpeg/ImageTypeProducer
instanceKlass org/apache/batik/ext/awt/image/renderable/DeferRable
instanceKlass org/apache/batik/ext/awt/image/spi/MagicNumberRegistryEntry$MagicNumber
instanceKlass org/apache/batik/ext/awt/image/spi/StreamRegistryEntry
instanceKlass org/apache/batik/ext/awt/image/spi/AbstractRegistryEntry
instanceKlass org/apache/batik/ext/awt/image/spi/URLRegistryEntry
instanceKlass org/apache/batik/bridge/RelaxedExternalResourceSecurity
instanceKlass org/apache/batik/swing/svg/JSVGComponent$BridgeUserAgentWrapper$25Query
instanceKlass org/apache/batik/bridge/SVGSVGElementBridge$SVGSVGElementViewport
instanceKlass org/apache/batik/ext/awt/image/rendered/CachableRed
instanceKlass org/apache/batik/ext/awt/image/renderable/AbstractRable
instanceKlass org/apache/batik/ext/awt/image/renderable/PaintRable
instanceKlass org/apache/batik/parser/DefaultPreserveAspectRatioHandler
instanceKlass org/apache/batik/dom/svg/AbstractSVGPreserveAspectRatio
instanceKlass org/apache/batik/parser/DefaultNumberListHandler
instanceKlass org/apache/batik/parser/NumberListHandler
instanceKlass org/apache/batik/dom/svg/SVGOMRect
instanceKlass org/apache/batik/parser/FragmentIdentifierHandler
instanceKlass org/apache/batik/parser/TransformListHandler
instanceKlass org/apache/batik/parser/PreserveAspectRatioHandler
instanceKlass org/apache/batik/bridge/ViewBox
instanceKlass org/apache/batik/css/dom/CSSOMStyleDeclaration
instanceKlass org/apache/batik/css/engine/StyleDeclarationProvider
instanceKlass org/apache/batik/css/dom/CSSOMStyleDeclaration$ModificationHandler
instanceKlass org/apache/batik/css/dom/CSSOMStyleDeclaration$ValueProvider
instanceKlass org/apache/batik/css/engine/CSSStyleSheetNode
instanceKlass org/apache/batik/css/engine/CSSEngine$1
instanceKlass org/apache/batik/css/engine/StyleMap
instanceKlass org/apache/batik/bridge/CSSUtilities
instanceKlass org/apache/batik/parser/UnitProcessor$UnitResolver
instanceKlass org/apache/batik/parser/DefaultLengthHandler
instanceKlass org/apache/batik/parser/DefaultErrorHandler
instanceKlass org/apache/batik/parser/ErrorHandler
instanceKlass org/apache/batik/parser/AbstractParser
instanceKlass org/apache/batik/parser/Parser
instanceKlass org/apache/batik/anim/dom/AbstractSVGLength$DefaultContext
instanceKlass org/apache/batik/bridge/UnitProcessor$DefaultContext
instanceKlass org/apache/batik/parser/UnitProcessor
instanceKlass org/apache/batik/parser/ClockHandler
instanceKlass org/apache/batik/bridge/SVGUtilities
instanceKlass org/apache/batik/gvt/filter/GraphicsNodeRable
instanceKlass org/apache/batik/bridge/SVGDocumentBridge
instanceKlass org/apache/batik/swing/svg/JSVGComponent$BridgeUserAgentWrapper$18Query
instanceKlass org/apache/batik/swing/svg/JSVGComponent$BridgeUserAgentWrapper$12Query
instanceKlass org/apache/batik/swing/svg/JSVGComponent$BridgeUserAgentWrapper$17Query
instanceKlass org/apache/batik/bridge/BridgeContext$CSSEngineUserAgentWrapper
instanceKlass org/apache/batik/css/engine/StyleDeclaration
instanceKlass org/apache/batik/css/engine/StyleRule
instanceKlass org/apache/batik/css/engine/sac/AbstractElementSelector
instanceKlass org/apache/batik/css/engine/sac/ExtendedSelector
instanceKlass org/apache/batik/css/parser/CSSSelectorList
instanceKlass org/apache/batik/css/parser/ScannerUtilities
instanceKlass org/apache/batik/util/io/AbstractCharDecoder
instanceKlass org/apache/batik/util/io/StreamNormalizingReader$UTF16DecoderFactory
instanceKlass org/apache/batik/util/io/StreamNormalizingReader$UTF8DecoderFactory
instanceKlass org/apache/batik/util/io/StreamNormalizingReader$ISO_8859_1DecoderFactory
instanceKlass org/apache/batik/util/io/StreamNormalizingReader$ASCIIDecoderFactory
instanceKlass org/apache/batik/util/io/StreamNormalizingReader$CharDecoderFactory
instanceKlass org/apache/batik/util/io/CharDecoder
instanceKlass org/apache/batik/css/parser/Scanner
instanceKlass org/apache/batik/css/engine/sac/CSSSelectorFactory
instanceKlass org/apache/batik/css/parser/CSSSACMediaList
instanceKlass org/w3c/css/sac/InputSource
instanceKlass org/apache/batik/css/engine/StringIntMap$Entry
instanceKlass org/apache/batik/css/engine/StringIntMap
instanceKlass org/apache/batik/css/engine/sac/CSSConditionFactory
instanceKlass org/apache/batik/css/engine/CSSEngine$DocumentAdapter
instanceKlass org/apache/batik/css/parser/CSSLexicalUnit
instanceKlass org/apache/batik/css/engine/value/AbstractValue
instanceKlass org/apache/batik/css/engine/value/svg/SVGValueConstants
instanceKlass org/apache/batik/css/engine/value/ValueConstants
instanceKlass org/apache/batik/css/engine/value/StringMap$Entry
instanceKlass org/apache/batik/css/engine/value/StringMap
instanceKlass org/apache/batik/css/engine/value/AbstractValueFactory
instanceKlass org/apache/batik/css/engine/value/Value
instanceKlass org/apache/batik/css/engine/value/ShorthandManager$PropertyHandler
instanceKlass org/apache/batik/css/engine/CSSNavigableDocumentListener
instanceKlass org/apache/batik/css/engine/Rule
instanceKlass org/apache/batik/css/engine/StyleSheet
instanceKlass org/apache/batik/css/engine/value/ShorthandManager
instanceKlass org/apache/batik/css/engine/value/ValueManager
instanceKlass org/apache/batik/css/parser/ExtendedParserWrapper
instanceKlass org/apache/batik/css/parser/DefaultErrorHandler
instanceKlass org/w3c/css/sac/ErrorHandler
instanceKlass org/w3c/css/sac/CombinatorCondition
instanceKlass org/w3c/css/sac/LangCondition
instanceKlass org/w3c/css/sac/AttributeCondition
instanceKlass org/apache/batik/css/parser/DefaultConditionFactory
instanceKlass org/w3c/css/sac/ConditionFactory
instanceKlass org/w3c/css/sac/ConditionalSelector
instanceKlass org/w3c/css/sac/DescendantSelector
instanceKlass org/w3c/css/sac/ElementSelector
instanceKlass org/w3c/css/sac/SiblingSelector
instanceKlass org/apache/batik/css/parser/DefaultSelectorFactory
instanceKlass org/w3c/css/sac/SelectorFactory
instanceKlass org/apache/batik/css/parser/DefaultDocumentHandler
instanceKlass org/w3c/css/sac/DocumentHandler
instanceKlass org/w3c/css/sac/SelectorList
instanceKlass org/w3c/css/sac/Condition
instanceKlass org/w3c/css/sac/SimpleSelector
instanceKlass org/w3c/css/sac/Selector
instanceKlass org/w3c/css/sac/SACMediaList
instanceKlass org/w3c/css/sac/LexicalUnit
instanceKlass org/apache/batik/css/parser/Parser
instanceKlass org/apache/batik/css/parser/ExtendedParser
instanceKlass org/w3c/css/sac/Parser
instanceKlass org/apache/batik/swing/svg/JSVGComponent$BridgeUserAgentWrapper$8
instanceKlass org/apache/batik/parser/LengthListHandler
instanceKlass org/apache/batik/parser/LengthHandler
instanceKlass org/apache/batik/parser/AngleHandler
instanceKlass org/apache/batik/dom/svg/AbstractSVGTransform
instanceKlass org/apache/batik/anim/AbstractAnimation
instanceKlass org/apache/batik/anim/timing/TimedElement
instanceKlass org/apache/batik/util/SMILConstants
instanceKlass org/apache/batik/anim/dom/AnimatableElement
instanceKlass org/apache/batik/dom/svg/SVGAnimationContext
instanceKlass org/w3c/dom/smil/ElementTimeControl
instanceKlass org/apache/batik/dom/svg/SVGTextContent
instanceKlass org/apache/batik/dom/svg/SVGSVGContext
instanceKlass org/apache/batik/dom/svg/SVGPathContext
instanceKlass org/apache/batik/gvt/filter/Mask
instanceKlass org/apache/batik/bridge/MaskBridge
instanceKlass org/apache/batik/bridge/MarkerBridge
instanceKlass org/apache/batik/bridge/PaintBridge
instanceKlass org/apache/batik/gvt/ShapePainter
instanceKlass org/apache/batik/ext/awt/image/spi/RegistryEntry
instanceKlass org/apache/batik/ext/awt/image/spi/ImageTagRegistry
instanceKlass org/apache/batik/ext/awt/image/spi/ErrorConstants
instanceKlass org/apache/batik/ext/awt/image/spi/BrokenLinkProvider
instanceKlass org/apache/batik/parser/PathHandler
instanceKlass org/apache/batik/ext/awt/image/renderable/FilterChainRable
instanceKlass org/apache/batik/bridge/FilterBridge
instanceKlass org/apache/batik/ext/awt/image/renderable/TurbulenceRable
instanceKlass org/apache/batik/ext/awt/image/Light
instanceKlass org/apache/batik/ext/awt/image/renderable/ConvolveMatrixRable
instanceKlass org/apache/batik/ext/awt/image/renderable/FilterColorInterpolation
instanceKlass org/apache/batik/ext/awt/image/renderable/PadRable
instanceKlass org/apache/batik/bridge/FilterPrimitiveBridge
instanceKlass org/apache/batik/ext/awt/image/renderable/ClipRable
instanceKlass org/apache/batik/bridge/GenericBridge
instanceKlass org/apache/batik/bridge/ClipBridge
instanceKlass org/apache/batik/gvt/font/GVTFontFace
instanceKlass org/apache/batik/bridge/AbstractSVGBridge
instanceKlass org/apache/batik/anim/dom/SVGAnimationTargetContext
instanceKlass org/apache/batik/bridge/GraphicsNodeBridge
instanceKlass org/apache/batik/bridge/BridgeUpdateHandler
instanceKlass org/apache/batik/dom/svg/SVGContext
instanceKlass org/apache/batik/bridge/SVGBridgeExtension
instanceKlass sun/java2d/pipe/hw/AccelSurface
instanceKlass org/apache/batik/swing/svg/GVTTreeBuilder$4
instanceKlass org/apache/batik/swing/svg/GVTTreeBuilder$3
instanceKlass org/apache/batik/swing/svg/GVTTreeBuilder$2
instanceKlass org/apache/batik/swing/svg/GVTTreeBuilder$1
instanceKlass org/apache/batik/bridge/GVTBuilder
instanceKlass org/apache/batik/bridge/UserAgentViewport
instanceKlass org/apache/batik/bridge/Viewport
instanceKlass org/apache/batik/util/SoftReferenceCache
instanceKlass org/apache/batik/util/Platform
instanceKlass org/apache/batik/ext/awt/image/renderable/Filter
instanceKlass java/awt/image/renderable/RenderableImage
instanceKlass org/apache/batik/bridge/CursorManager
instanceKlass org/apache/batik/bridge/RhinoInterpreterFactory
instanceKlass org/apache/batik/script/InterpreterFactory
instanceKlass org/apache/batik/script/InterpreterPool
instanceKlass org/apache/batik/bridge/BridgeExtension
instanceKlass org/apache/batik/css/engine/CSSEngineListener
instanceKlass org/apache/batik/bridge/DocumentBridge
instanceKlass org/apache/batik/bridge/Bridge
instanceKlass org/apache/batik/css/engine/CSSEngineUserAgent
instanceKlass org/apache/batik/swing/svg/JSVGComponent$2
instanceKlass sun/java2d/loops/GraphicsPrimitive$GeneralBinaryOp
instanceKlass org/w3c/dom/svg/SVGAElement
instanceKlass org/w3c/dom/svg/SVGNumberList
instanceKlass org/w3c/dom/svg/SVGLengthList
instanceKlass org/apache/batik/anim/dom/AbstractSVGLength
instanceKlass org/w3c/dom/svg/SVGAnimatedNumberList
instanceKlass org/w3c/dom/svg/SVGAnimatedLengthList
instanceKlass org/w3c/dom/svg/SVGAnimatedEnumeration
instanceKlass org/w3c/dom/svg/SVGTextElement
instanceKlass org/w3c/dom/svg/SVGTextPositioningElement
instanceKlass org/w3c/dom/svg/SVGTextContentElement
instanceKlass org/w3c/dom/svg/SVGForeignObjectElement
instanceKlass org/w3c/dom/svg/SVGSwitchElement
instanceKlass org/w3c/dom/svg/SVGRectElement
instanceKlass org/w3c/dom/svg/SVGImageElement
instanceKlass org/w3c/dom/svg/SVGURIReference
instanceKlass org/w3c/dom/svg/SVGGElement
instanceKlass org/w3c/dom/svg/SVGTransformList
instanceKlass  @bci org/freeplane/view/swing/features/filepreview/BitmapViewerComponent lambda$paintComponentPrivileged$2 (III)V 91 <appendix> member <vmtarget> ; # org/freeplane/view/swing/features/filepreview/BitmapViewerComponent$$Lambda+0x000000080082baf8
instanceKlass org/w3c/dom/svg/SVGAnimatedTransformList
instanceKlass org/apache/batik/dom/svg/SVGMotionAnimatableElement
instanceKlass org/w3c/dom/svg/SVGDefsElement
instanceKlass org/w3c/dom/svg/SVGTransformable
instanceKlass java/util/zip/Deflater$DeflaterZStreamRef
instanceKlass jdk/internal/loader/BootLoader$1
instanceKlass java/util/zip/Deflater
instanceKlass org/w3c/dom/svg/SVGPreserveAspectRatio
instanceKlass com/sun/imageio/plugins/png/CRC
instanceKlass javax/imageio/IIOImage
instanceKlass com/sun/imageio/stream/CloseableDisposerRecord
instanceKlass org/apache/batik/anim/dom/AbstractSVGAnimatedValue
instanceKlass org/apache/batik/anim/dom/AnimatedLiveAttributeValue
instanceKlass com/sun/imageio/plugins/png/RowFilter
instanceKlass javax/imageio/ImageIO$ImageWriterIterator
instanceKlass javax/imageio/ImageIO$CanEncodeImageAndFormatFilter
instanceKlass org/apache/batik/dom/AbstractElement$Entry
instanceKlass java/io/File$TempDirectory
instanceKlass org/apache/batik/dom/AbstractElement$NamedNodeHashMap
instanceKlass org/freeplane/view/swing/features/filepreview/BitmapViewerComponent$1
instanceKlass org/apache/batik/anim/dom/AttributeInitializer
instanceKlass org/apache/batik/anim/dom/TraitInformation
instanceKlass org/apache/batik/util/DoublyIndexedTable$Entry
instanceKlass java/awt/image/ColorConvertOp
instanceKlass org/apache/batik/util/DoublyIndexedTable
instanceKlass java/awt/image/RescaleOp
instanceKlass java/awt/image/Kernel
instanceKlass java/awt/image/ConvolveOp
instanceKlass java/awt/image/RasterOp
instanceKlass org/w3c/dom/svg/SVGAnimatedPreserveAspectRatio
instanceKlass org/w3c/dom/svg/SVGPoint
instanceKlass org/w3c/dom/svg/SVGMatrix
instanceKlass org/w3c/dom/svg/SVGAngle
instanceKlass com/thebuzzmedia/imgscalr/Scalr
instanceKlass org/w3c/dom/svg/SVGLength
instanceKlass org/w3c/dom/svg/SVGNumber
instanceKlass org/w3c/dom/svg/SVGAnimatedBoolean
instanceKlass org/w3c/dom/svg/SVGTransform
instanceKlass org/w3c/dom/svg/SVGRect
instanceKlass org/w3c/dom/svg/SVGAnimatedRect
instanceKlass org/w3c/dom/svg/SVGAnimatedLength
instanceKlass org/w3c/dom/css/CSSValue
instanceKlass org/w3c/dom/css/CSSStyleDeclaration
instanceKlass org/apache/batik/dom/svg/LiveAttributeValue
instanceKlass org/w3c/dom/svg/SVGAnimatedString
instanceKlass com/sun/imageio/plugins/png/PNGImageDataEnumeration
instanceKlass org/apache/batik/anim/values/AnimatableValue
instanceKlass javax/imageio/IIOParam
instanceKlass org/apache/batik/parser/UnitProcessor$Context
instanceKlass org/apache/batik/css/engine/CSSNavigableNode
instanceKlass org/apache/batik/anim/dom/AnimationTarget
instanceKlass org/apache/batik/dom/svg/ExtendedTraitAccess
instanceKlass org/apache/batik/dom/svg/TraitAccess
instanceKlass org/apache/batik/css/engine/CSSStylableElement
instanceKlass java/util/concurrent/Executors$RunnableAdapter
instanceKlass  @bci org/freeplane/view/swing/features/filepreview/BitmapViewerComponent paintComponentPrivileged (Ljava/awt/Graphics;)Ljava/lang/Void; 118 <adapter> ; # java/lang/invoke/LambdaForm$MH+0x0000000800829400
# instanceKlass java/lang/invoke/LambdaForm$DMH+0x0000000800829000
instanceKlass  @bci org/freeplane/view/swing/features/filepreview/BitmapViewerComponent paintComponentPrivileged (Ljava/awt/Graphics;)Ljava/lang/Void; 118 <appendix> form vmentry <vmtarget> ; # java/lang/invoke/LambdaForm$DMH+0x0000000800828c00
instanceKlass  @bci org/freeplane/view/swing/features/filepreview/BitmapViewerComponent paintComponentPrivileged (Ljava/awt/Graphics;)Ljava/lang/Void; 118 <appendix> member <vmtarget> ; # org/freeplane/view/swing/features/filepreview/BitmapViewerComponent$$Lambda+0x000000080082a998
instanceKlass  @cpi org/freeplane/view/swing/features/filepreview/BitmapViewerComponent 569 form vmentry <vmtarget> ; # java/lang/invoke/LambdaForm$DMH+0x0000000800828800
instanceKlass com/thebuzzmedia/imgscalr/AsyncScalr$DefaultThreadFactory
instanceKlass com/thebuzzmedia/imgscalr/AsyncScalr
instanceKlass  @bci org/freeplane/view/swing/features/filepreview/BitmapViewerComponent paintComponent (Ljava/awt/Graphics;)V 2 <appendix> member <vmtarget> ; # org/freeplane/view/swing/features/filepreview/BitmapViewerComponent$$Lambda+0x0000000800827d10
instanceKlass org/apache/batik/anim/dom/SVGOMDocument$AnimAttrListener
instanceKlass org/apache/batik/dom/AbstractParentNode$ChildNodes
instanceKlass org/apache/batik/dom/xbl/GenericXBLManager
instanceKlass org/w3c/dom/events/EventListener
instanceKlass org/w3c/dom/EntityReference
instanceKlass org/w3c/dom/ProcessingInstruction
instanceKlass org/w3c/dom/CDATASection
instanceKlass org/w3c/dom/Comment
instanceKlass org/w3c/dom/DocumentFragment
instanceKlass org/apache/batik/anim/dom/AnimatedAttributeListener
instanceKlass org/w3c/dom/xpath/XPathNSResolver
instanceKlass org/w3c/dom/xpath/XPathExpression
instanceKlass org/w3c/dom/DOMError
instanceKlass org/apache/batik/w3c/dom/ElementTraversal
instanceKlass org/w3c/dom/DOMConfiguration
instanceKlass org/apache/batik/dom/xbl/XBLManager
instanceKlass org/apache/batik/dom/AbstractNode$1
instanceKlass org/w3c/dom/events/Event
instanceKlass org/apache/batik/xml/XMLCharacters
instanceKlass org/apache/batik/util/CleanerThread$ReferenceCleared
instanceKlass org/apache/batik/dom/util/DocumentDescriptor
instanceKlass org/apache/batik/dom/util/HashTableStack$Link
instanceKlass org/apache/batik/dom/util/HashTableStack
instanceKlass com/sun/org/apache/xerces/internal/util/ErrorHandlerWrapper
instanceKlass com/sun/org/apache/xerces/internal/xni/parser/XMLErrorHandler
instanceKlass  @bci org/freeplane/view/swing/map/outline/MapAwareOutlinePane handleMapSelectionChanged (Lorg/freeplane/features/map/NodeModel;)V 12 <appendix> member <vmtarget> ; # org/freeplane/view/swing/map/outline/MapAwareOutlinePane$$Lambda+0x0000000800827ad8
instanceKlass  @bci org/freeplane/view/swing/map/overview/BookmarkToolbarPane updateBookmarksToolbarLater ()V 20 <appendix> member <vmtarget> ; # org/freeplane/view/swing/map/overview/BookmarkToolbarPane$$Lambda+0x00000008008278a0
instanceKlass org/apache/batik/util/MimeTypeConstants
instanceKlass net/infonode/docking/FocusManager$4$1
instanceKlass org/freeplane/core/util/collection/DoubleListModel$2
instanceKlass org/freeplane/core/util/collection/DoubleListModel$1
instanceKlass java/awt/LightweightDispatcher$1
instanceKlass java/awt/Container$MouseEventTargetFilter
instanceKlass java/awt/Container$EventTargetFilter
instanceKlass org/freeplane/features/url/mindmapmode/DoAutomaticSave
instanceKlass  @bci org/freeplane/features/filter/hidden/HideNodeAction setSelected ()V 11 <appendix> member <vmtarget> ; # org/freeplane/features/filter/hidden/HideNodeAction$$Lambda+0x0000000800826500
instanceKlass  @bci org/freeplane/features/filter/hidden/HideNodeAction getNodesStream ()Ljava/util/stream/Stream; 10 <appendix> member <vmtarget> ; # org/freeplane/features/filter/hidden/HideNodeAction$$Lambda+0x0000000800826298
instanceKlass  @bci org/freeplane/features/link/NodeLinks getSelfConnector (Lorg/freeplane/features/map/NodeModel;)Ljava/util/Optional; 33 <appendix> member <vmtarget> ; # org/freeplane/features/link/NodeLinks$$Lambda+0x0000000800826040
instanceKlass  @bci org/freeplane/features/link/NodeLinks getSelfConnector (Lorg/freeplane/features/map/NodeModel;)Ljava/util/Optional; 16 <appendix> member <vmtarget> ; # org/freeplane/features/link/NodeLinks$$Lambda+0x0000000800825dd8
# instanceKlass java/lang/invoke/LambdaForm$MH+0x0000000800828400
instanceKlass  @bci com/formdev/flatlaf/ui/FlatDropShadowBorder paintBorder (Ljava/awt/Component;Ljava/awt/Graphics;IIII)V 20 <appendix> member <vmtarget> ; # com/formdev/flatlaf/ui/FlatDropShadowBorder$$Lambda+0x0000000800825310
instanceKlass  @cpi com/formdev/flatlaf/ui/FlatDropShadowBorder 189 form vmentry <vmtarget> ; # java/lang/invoke/LambdaForm$DMH+0x0000000800828000
instanceKlass javax/swing/DefaultDesktopManager
instanceKlass java/awt/GradientPaintContext
instanceKlass sun/java2d/pipe/AlphaPaintPipe$TileContext
instanceKlass java/awt/MultipleGradientPaintContext
instanceKlass java/awt/PaintContext
instanceKlass java/awt/GradientPaint
instanceKlass java/awt/MultipleGradientPaint
instanceKlass com/kitfox/svg/Gradient$1
instanceKlass org/freeplane/view/swing/map/FoldingCircle
instanceKlass org/freeplane/view/swing/map/DrawableShape
instanceKlass org/freeplane/view/swing/map/DrawableNothing
instanceKlass org/freeplane/core/extension/HighlightedElements
instanceKlass org/freeplane/view/swing/map/ZoomableLabel$1
instanceKlass  @bci org/freeplane/view/swing/map/NodeView paintEdges (Ljava/awt/Graphics2D;Lorg/freeplane/view/swing/map/NodeView;)V 401 <appendix> member <vmtarget> ; # org/freeplane/view/swing/map/NodeView$$Lambda+0x0000000800823a08
instanceKlass org/freeplane/view/swing/map/edge/AutomaticEdgeStyle
instanceKlass java/lang/FdLibm$Atan
instanceKlass  @bci org/freeplane/view/swing/map/MainView$ConnectorLocation <clinit> ()V 79 <appendix> argL0 ; # org/freeplane/view/swing/map/MainView$ConnectorLocation$$Lambda+0x0000000800823388
instanceKlass  @bci org/freeplane/view/swing/map/MainView$ConnectorLocation <clinit> ()V 61 <appendix> argL0 ; # org/freeplane/view/swing/map/MainView$ConnectorLocation$$Lambda+0x0000000800823138
instanceKlass  @bci org/freeplane/view/swing/map/MainView$ConnectorLocation <clinit> ()V 43 <appendix> argL0 ; # org/freeplane/view/swing/map/MainView$ConnectorLocation$$Lambda+0x0000000800822ee8
instanceKlass  @bci org/freeplane/view/swing/map/MainView$ConnectorLocation <clinit> ()V 25 <appendix> argL0 ; # org/freeplane/view/swing/map/MainView$ConnectorLocation$$Lambda+0x0000000800822c98
instanceKlass  @bci org/freeplane/view/swing/map/MainView$ConnectorLocation <clinit> ()V 7 <appendix> argL0 ; # org/freeplane/view/swing/map/MainView$ConnectorLocation$$Lambda+0x0000000800822a48
instanceKlass org/freeplane/view/swing/map/edge/EdgeViewFactory
instanceKlass org/freeplane/view/swing/map/SummaryEdgePainter
instanceKlass org/freeplane/view/swing/map/MapView$9
instanceKlass org/freeplane/features/link/Connectors
instanceKlass  @bci org/freeplane/view/swing/map/MapView paint (Ljava/awt/Graphics;)V 46 <appendix> member <vmtarget> ; # org/freeplane/view/swing/map/MapView$$Lambda+0x0000000800820218
instanceKlass net/infonode/gui/GraphicsUtil
instanceKlass net/infonode/gui/DimensionUtil
instanceKlass java/awt/geom/EllipseIterator
instanceKlass java/lang/FdLibm$Cbrt
instanceKlass org/freeplane/core/ui/components/IconListComponent$IconLayout
instanceKlass org/freeplane/core/ui/components/IconListComponent$Row
instanceKlass org/freeplane/core/ui/components/IconListComponent$IconBounds
instanceKlass org/freeplane/core/ui/components/ObjectIcon
instanceKlass java/awt/geom/RoundRectIterator
instanceKlass sun/java2d/pipe/ShapeSpanIterator
instanceKlass sun/awt/geom/PathConsumer2D
instanceKlass sun/java2d/pipe/SpanIterator
instanceKlass  @bci javax/swing/border/EtchedBorder paintBorder (Ljava/awt/Component;Ljava/awt/Graphics;IIII)V 10 <appendix> member <vmtarget> ; # javax/swing/border/EtchedBorder$$Lambda+0x00000008007d6040
instanceKlass  @cpi javax/swing/border/LineBorder 153 form vmentry <vmtarget> ; # java/lang/invoke/LambdaForm$DMH+0x000000080081c800
instanceKlass com/sun/java/swing/SwingUtilities3$UnscaledBorderPainter
instanceKlass com/kitfox/svg/BufferPainter
instanceKlass  @bci com/formdev/flatlaf/ui/FlatMenuUI$FlatMenuRenderer paintText (Ljava/awt/Graphics;Ljava/awt/Rectangle;Ljava/lang/String;Ljava/awt/Color;Ljava/awt/Color;)V 21 <appendix> argL0 ; # com/formdev/flatlaf/ui/FlatMenuUI$FlatMenuRenderer$$Lambda+0x000000080081fae8
instanceKlass  @bci com/formdev/flatlaf/ui/FlatTitlePaneIcon getResolutionVariant (II)Ljava/awt/Image; 100 <appendix> argL0 ; # com/formdev/flatlaf/ui/FlatTitlePaneIcon$$Lambda+0x000000080081f840
instanceKlass com/formdev/flatlaf/util/MultiResolutionImageSupport
instanceKlass java/awt/PrintGraphics
instanceKlass java/awt/print/PrinterGraphics
instanceKlass  @bci com/formdev/flatlaf/icons/FlatWindowAbstractIcon paintIcon (Ljava/awt/Component;Ljava/awt/Graphics2D;)V 21 <appendix> member <vmtarget> ; # com/formdev/flatlaf/icons/FlatWindowAbstractIcon$$Lambda+0x000000080081f3f0
instanceKlass  @cpi com/formdev/flatlaf/icons/FlatWindowAbstractIcon 160 form vmentry <vmtarget> ; # java/lang/invoke/LambdaForm$DMH+0x000000080081c400
instanceKlass com/formdev/flatlaf/util/HiDPIUtils$Painter
instanceKlass sun/java2d/opengl/OGLGraphicsConfig
instanceKlass org/freeplane/view/swing/map/overview/MapViewPane$4
instanceKlass javax/swing/JTable$5
instanceKlass javax/swing/JTable$2
instanceKlass javax/swing/JTable$Resizable3
instanceKlass javax/swing/JTable$Resizable2
instanceKlass  @bci com/formdev/flatlaf/ui/FlatTableCellBorder getBorderInsets (Ljava/awt/Component;Ljava/awt/Insets;)Ljava/awt/Insets; 1 <appendix> argL0 ; # com/formdev/flatlaf/ui/FlatTableCellBorder$$Lambda+0x000000080081eb70
instanceKlass  @bci org/freeplane/view/swing/map/VerticalNodeViewLayoutStrategy calculateLayoutY (Z)V 290 <appendix> argL0 ; # org/freeplane/view/swing/map/VerticalNodeViewLayoutStrategy$$Lambda+0x000000080081e230
instanceKlass  @bci org/freeplane/view/swing/map/VerticalNodeViewLayoutStrategy calculateChildHorizontalGap (Lorg/freeplane/view/swing/map/NodeViewLayoutHelper;ZZI)I 9 <appendix> argL0 ; # org/freeplane/view/swing/map/VerticalNodeViewLayoutStrategy$$Lambda+0x000000080081e000
instanceKlass java/util/OptionalInt
instanceKlass java/util/stream/ReduceOps$6ReducingSink
instanceKlass  @bci java/util/stream/IntPipeline min ()Ljava/util/OptionalInt; 1 <appendix> argL0 ; # java/util/stream/IntPipeline$$Lambda+0x00000008007d3338
instanceKlass java/util/Spliterators$IntArraySpliterator
instanceKlass org/freeplane/view/swing/map/CloudHeightCalculator
instanceKlass org/freeplane/view/swing/map/StepFunction
instanceKlass org/freeplane/features/layout/LayoutController$3
instanceKlass org/freeplane/features/map/SummaryLevels
instanceKlass org/freeplane/view/swing/map/ContentSizeCalculator
instanceKlass org/freeplane/view/swing/map/VerticalNodeViewLayoutStrategy
instanceKlass org/freeplane/view/swing/map/ImmediatelyValidatingPreferredSizeCalculator
instanceKlass org/freeplane/view/swing/map/NodeViewLayout
instanceKlass javax/swing/RepaintManager$3
instanceKlass  @bci com/formdev/flatlaf/ui/FlatTabbedPaneUI ensureSelectedTabIsVisibleLater ()V 18 <appendix> member <vmtarget> ; # com/formdev/flatlaf/ui/FlatTabbedPaneUI$$Lambda+0x000000080081a680
instanceKlass java/text/AttributedString$AttributedStringIterator
instanceKlass java/text/AttributedCharacterIterator
instanceKlass sun/awt/im/CompositionAreaHandler
instanceKlass org/freeplane/view/swing/map/InputMethodBuffer
instanceKlass  @bci com/formdev/flatlaf/ui/FlatTabbedPaneUI$FlatSelectedTabRepainter repaintSelectedTabs (Ljava/awt/Component;)V 2 <appendix> member <vmtarget> ; # com/formdev/flatlaf/ui/FlatTabbedPaneUI$FlatSelectedTabRepainter$$Lambda+0x000000080081a1a8
instanceKlass java/awt/KeyboardFocusManager$3
instanceKlass java/awt/KeyboardFocusManager$LightweightFocusRequest
instanceKlass java/awt/DefaultKeyboardFocusManager$TypeAheadMarker
instanceKlass java/awt/KeyboardFocusManager$HeavyweightFocusRequest
instanceKlass sun/awt/KeyboardFocusManagerPeerImpl$KfmAccessor
instanceKlass  @bci org/freeplane/view/swing/map/outline/OutlineFocusManager focusSelectionButtonLater (Z)V 2 <appendix> member <vmtarget> ; # org/freeplane/view/swing/map/outline/OutlineFocusManager$$Lambda+0x0000000800819f70
instanceKlass  @cpi org/freeplane/view/swing/map/outline/OutlineFocusManager 185 form vmentry <vmtarget> ; # java/lang/invoke/LambdaForm$DMH+0x000000080081c000
instanceKlass org/freeplane/view/swing/map/outline/OutlineNodeDragGestureListener
instanceKlass  @bci org/freeplane/view/swing/map/outline/NodeButton addPasteMenuItem (Ljavax/swing/JPopupMenu;)V 8 <appendix> member <vmtarget> ; # org/freeplane/view/swing/map/outline/NodeButton$$Lambda+0x00000008008192c0
instanceKlass  @bci org/freeplane/view/swing/map/outline/NodeButton addCopyMenuItem (Ljavax/swing/JPopupMenu;)V 8 <appendix> member <vmtarget> ; # org/freeplane/view/swing/map/outline/NodeButton$$Lambda+0x0000000800819088
instanceKlass  @bci org/freeplane/view/swing/map/outline/NodeButton addOpenAsNewViewRootMenuItem (Ljavax/swing/JPopupMenu;Lorg/freeplane/features/bookmarks/mindmapmode/NodeNavigator;)V 8 <appendix> member <vmtarget> ; # org/freeplane/view/swing/map/outline/NodeButton$$Lambda+0x0000000800818e50
instanceKlass  @bci org/freeplane/view/swing/map/outline/NodeButton addOpenAsRootDirectMenuItem (Ljavax/swing/JPopupMenu;Lorg/freeplane/features/bookmarks/mindmapmode/NodeNavigator;)V 8 <appendix> member <vmtarget> ; # org/freeplane/view/swing/map/outline/NodeButton$$Lambda+0x0000000800818c18
instanceKlass  @bci org/freeplane/view/swing/map/outline/NodeButton addGotoNodeMenuItem (Ljavax/swing/JPopupMenu;Lorg/freeplane/features/bookmarks/mindmapmode/NodeNavigator;)V 8 <appendix> member <vmtarget> ; # org/freeplane/view/swing/map/outline/NodeButton$$Lambda+0x00000008008189e0
instanceKlass org/freeplane/core/ui/components/TextIcon
instanceKlass org/freeplane/core/ui/components/DoubleTextIcon
instanceKlass  @bci org/freeplane/features/text/TextController getPlainTransformedTextWithoutNodeNumber (Lorg/freeplane/features/map/NodeModel;)Ljava/lang/String; 4 <appendix> member <vmtarget> ; # org/freeplane/features/text/TextController$$Lambda+0x0000000800817748
instanceKlass  @bci org/freeplane/view/swing/map/outline/MapAwareOutlinePane findOutlineNode (Lorg/freeplane/features/map/NodeModel;)Lorg/freeplane/view/swing/map/outline/TreeNode; 50 <appendix> member <vmtarget> ; # org/freeplane/view/swing/map/outline/MapAwareOutlinePane$$Lambda+0x00000008008172d8
instanceKlass  @bci org/freeplane/view/swing/map/outline/MapAwareOutlinePane findOutlineNode (Lorg/freeplane/features/map/NodeModel;)Lorg/freeplane/view/swing/map/outline/TreeNode; 39 <appendix> member <vmtarget> ; # org/freeplane/view/swing/map/outline/MapAwareOutlinePane$$Lambda+0x0000000800817080
instanceKlass  @bci org/freeplane/view/swing/map/outline/MapAwareOutlinePane findOutlineNode (Lorg/freeplane/features/map/NodeModel;)Lorg/freeplane/view/swing/map/outline/TreeNode; 22 <appendix> member <vmtarget> ; # org/freeplane/view/swing/map/outline/MapAwareOutlinePane$$Lambda+0x0000000800816e18
instanceKlass java/util/LinkedList$LLSpliterator
instanceKlass  @bci org/freeplane/view/swing/map/outline/MapAwareOutlinePane installFocusListener ()V 6 <appendix> member <vmtarget> ; # org/freeplane/view/swing/map/outline/MapAwareOutlinePane$$Lambda+0x00000008008169d8
instanceKlass  @bci org/freeplane/view/swing/map/outline/MapAwareOutlinePane updateTreeFromMap (Lorg/freeplane/view/swing/map/MapView;Z)V 290 <appendix> member <vmtarget> ; # org/freeplane/view/swing/map/outline/MapAwareOutlinePane$$Lambda+0x00000008008167a0
instanceKlass  @bci org/freeplane/view/swing/map/outline/MapTreeNode <init> (Lorg/freeplane/features/map/NodeModel;Lorg/freeplane/view/swing/map/outline/OutlinePane;Lorg/freeplane/features/nodestyle/NodeStyleController;Ljava/awt/Color;)V 32 <appendix> member <vmtarget> ; # org/freeplane/view/swing/map/outline/MapTreeNode$$Lambda+0x00000008008159e0
instanceKlass org/freeplane/core/ui/components/StyledIcon
instanceKlass org/freeplane/view/swing/map/outline/NodeTreeBuilder
instanceKlass org/freeplane/features/bookmarks/mindmapmode/ui/HoverTimer
instanceKlass org/freeplane/features/bookmarks/mindmapmode/ui/DropValidator
instanceKlass java/awt/dnd/DropTargetAdapter
instanceKlass org/freeplane/features/bookmarks/mindmapmode/ui/DropExecutor
instanceKlass org/freeplane/features/bookmarks/mindmapmode/ui/BookmarkIndexCalculator
instanceKlass org/freeplane/features/bookmarks/mindmapmode/ui/BookmarkToolbar$1
instanceKlass org/freeplane/features/bookmarks/mindmapmode/ui/BookmarkClipboardHandler
instanceKlass org/freeplane/features/bookmarks/mindmapmode/ui/BookmarkIndexCalculator$ToolbarDropPosition
instanceKlass  @bci org/freeplane/view/swing/map/MapViewController focusSelectedNode (Ljava/awt/Window;I)V 7 <appendix> member <vmtarget> ; # org/freeplane/view/swing/map/MapViewController$$Lambda+0x00000008007af2e0
instanceKlass org/dpolivaev/mnemonicsetter/ItemMnemonicSetter$1
instanceKlass  @bci java/util/regex/CharPredicates category (I)Ljava/util/regex/Pattern$CharPredicate; 1 <appendix> member <vmtarget> ; # java/util/regex/CharPredicates$$Lambda+0x00000008007d0028
instanceKlass org/dpolivaev/mnemonicsetter/ItemMnemonicSetter
instanceKlass org/dpolivaev/mnemonicsetter/UsedAltAcceleratorsFinder
instanceKlass org/freeplane/main/application/MapViewDockingWindows$4
instanceKlass  @bci org/freeplane/main/application/FreeplaneGUIStarter$3 finishStartup ()V 29 <appendix> member <vmtarget> ; # org/freeplane/main/application/FreeplaneGUIStarter$3$$Lambda+0x00000008007add30
instanceKlass org/freeplane/view/swing/map/MapViewChangeObserverCompound$1
instanceKlass  @bci org/freeplane/features/url/mindmapmode/ExternalMapChangeMonitor <init> ()V 13 <appendix> member <vmtarget> ; # org/freeplane/features/url/mindmapmode/ExternalMapChangeMonitor$$Lambda+0x00000008007ad8b8
instanceKlass org/freeplane/features/url/mindmapmode/ExternalMapChangeMonitor
instanceKlass net/infonode/docking/RootWindow$6
instanceKlass net/infonode/docking/util/DockingUtil
instanceKlass net/infonode/docking/FocusManager$4
instanceKlass org/apache/batik/util/EventDispatcher$1
instanceKlass org/apache/batik/util/EventDispatcher
instanceKlass org/apache/batik/swing/svg/SVGDocumentLoader$4
instanceKlass org/apache/batik/swing/svg/SVGDocumentLoader$3
instanceKlass org/apache/batik/swing/svg/SVGDocumentLoader$2
instanceKlass org/apache/batik/swing/svg/SVGDocumentLoader$1
instanceKlass org/apache/batik/util/EventDispatcher$Dispatcher
instanceKlass org/apache/batik/dom/DomExtension
instanceKlass org/apache/batik/i18n/LocaleGroup
instanceKlass org/apache/batik/i18n/LocalizableSupport
instanceKlass org/apache/batik/anim/dom/SVGDOMImplementation$VkernElementFactory
instanceKlass org/apache/batik/anim/dom/SVGDOMImplementation$ViewElementFactory
instanceKlass org/apache/batik/anim/dom/SVGDOMImplementation$UseElementFactory
instanceKlass org/apache/batik/anim/dom/SVGDOMImplementation$TspanElementFactory
instanceKlass org/apache/batik/anim/dom/SVGDOMImplementation$TrefElementFactory
instanceKlass org/apache/batik/anim/dom/SVGDOMImplementation$TitleElementFactory
instanceKlass org/apache/batik/anim/dom/SVGDOMImplementation$TextPathElementFactory
instanceKlass org/apache/batik/anim/dom/SVGDOMImplementation$TextElementFactory
instanceKlass org/apache/batik/anim/dom/SVGDOMImplementation$SymbolElementFactory
instanceKlass org/apache/batik/anim/dom/SVGDOMImplementation$SwitchElementFactory
instanceKlass org/apache/batik/anim/dom/SVGDOMImplementation$SvgElementFactory
instanceKlass org/apache/batik/anim/dom/SVGDOMImplementation$StyleElementFactory
instanceKlass org/apache/batik/anim/dom/SVGDOMImplementation$StopElementFactory
instanceKlass org/apache/batik/anim/dom/SVGDOMImplementation$ScriptElementFactory
instanceKlass org/apache/batik/anim/dom/SVGDOMImplementation$SetElementFactory
instanceKlass org/apache/batik/anim/dom/SVGDOMImplementation$RectElementFactory
instanceKlass org/apache/batik/anim/dom/SVGDOMImplementation$RadialGradientElementFactory
instanceKlass org/apache/batik/anim/dom/SVGDOMImplementation$PolylineElementFactory
instanceKlass org/apache/batik/anim/dom/SVGDOMImplementation$PolygonElementFactory
instanceKlass org/apache/batik/anim/dom/SVGDOMImplementation$PatternElementFactory
instanceKlass org/apache/batik/anim/dom/SVGDOMImplementation$PathElementFactory
instanceKlass org/apache/batik/anim/dom/SVGDOMImplementation$MpathElementFactory
instanceKlass org/apache/batik/anim/dom/SVGDOMImplementation$MissingGlyphElementFactory
instanceKlass org/apache/batik/anim/dom/SVGDOMImplementation$MetadataElementFactory
instanceKlass org/apache/batik/anim/dom/SVGDOMImplementation$MaskElementFactory
instanceKlass org/apache/batik/anim/dom/SVGDOMImplementation$MarkerElementFactory
instanceKlass org/apache/batik/anim/dom/SVGDOMImplementation$LinearGradientElementFactory
instanceKlass org/apache/batik/anim/dom/SVGDOMImplementation$LineElementFactory
instanceKlass org/apache/batik/anim/dom/SVGDOMImplementation$ImageElementFactory
instanceKlass org/apache/batik/anim/dom/SVGDOMImplementation$HkernElementFactory
instanceKlass org/apache/batik/anim/dom/SVGDOMImplementation$GlyphRefElementFactory
instanceKlass org/apache/batik/anim/dom/SVGDOMImplementation$GlyphElementFactory
instanceKlass org/apache/batik/anim/dom/SVGDOMImplementation$GElementFactory
instanceKlass org/apache/batik/anim/dom/SVGDOMImplementation$ForeignObjectElementFactory
instanceKlass org/apache/batik/anim/dom/SVGDOMImplementation$FontFaceUriElementFactory
instanceKlass org/apache/batik/anim/dom/SVGDOMImplementation$FontFaceSrcElementFactory
instanceKlass org/apache/batik/anim/dom/SVGDOMImplementation$FontFaceNameElementFactory
instanceKlass org/apache/batik/anim/dom/SVGDOMImplementation$FontFaceFormatElementFactory
instanceKlass org/apache/batik/anim/dom/SVGDOMImplementation$FontFaceElementFactory
instanceKlass org/apache/batik/anim/dom/SVGDOMImplementation$FontElementFactory
instanceKlass org/apache/batik/anim/dom/SVGDOMImplementation$FilterElementFactory
instanceKlass org/apache/batik/anim/dom/SVGDOMImplementation$FeTurbulenceElementFactory
instanceKlass org/apache/batik/anim/dom/SVGDOMImplementation$FeTileElementFactory
instanceKlass org/apache/batik/anim/dom/SVGDOMImplementation$FeSpotLightElementFactory
instanceKlass org/apache/batik/anim/dom/SVGDOMImplementation$FeSpecularLightingElementFactory
instanceKlass org/apache/batik/anim/dom/SVGDOMImplementation$FePointLightElementFactory
instanceKlass org/apache/batik/anim/dom/SVGDOMImplementation$FeOffsetElementFactory
instanceKlass org/apache/batik/anim/dom/SVGDOMImplementation$FeMorphologyElementFactory
instanceKlass org/apache/batik/anim/dom/SVGDOMImplementation$FeMergeNodeElementFactory
instanceKlass org/apache/batik/anim/dom/SVGDOMImplementation$FeMergeElementFactory
instanceKlass org/apache/batik/anim/dom/SVGDOMImplementation$FeImageElementFactory
instanceKlass org/apache/batik/anim/dom/SVGDOMImplementation$FeGaussianBlurElementFactory
instanceKlass org/apache/batik/anim/dom/SVGDOMImplementation$FeFuncBElementFactory
instanceKlass org/apache/batik/anim/dom/SVGDOMImplementation$FeFuncGElementFactory
instanceKlass org/apache/batik/anim/dom/SVGDOMImplementation$FeFuncRElementFactory
instanceKlass org/apache/batik/anim/dom/SVGDOMImplementation$FeFuncAElementFactory
instanceKlass org/apache/batik/anim/dom/SVGDOMImplementation$FeFloodElementFactory
instanceKlass org/apache/batik/anim/dom/SVGDOMImplementation$FeDistantLightElementFactory
instanceKlass org/apache/batik/anim/dom/SVGDOMImplementation$FeDisplacementMapElementFactory
instanceKlass org/apache/batik/anim/dom/SVGDOMImplementation$FeDiffuseLightingElementFactory
instanceKlass org/apache/batik/anim/dom/SVGDOMImplementation$FeConvolveMatrixElementFactory
instanceKlass org/apache/batik/anim/dom/SVGDOMImplementation$FeCompositeElementFactory
instanceKlass org/apache/batik/anim/dom/SVGDOMImplementation$FeComponentTransferElementFactory
instanceKlass org/apache/batik/anim/dom/SVGDOMImplementation$FeColorMatrixElementFactory
instanceKlass org/apache/batik/anim/dom/SVGDOMImplementation$FeBlendElementFactory
instanceKlass org/apache/batik/anim/dom/SVGDOMImplementation$EllipseElementFactory
instanceKlass org/apache/batik/anim/dom/SVGDOMImplementation$DescElementFactory
instanceKlass org/apache/batik/anim/dom/SVGDOMImplementation$DefsElementFactory
instanceKlass org/apache/batik/anim/dom/SVGDOMImplementation$DefinitionSrcElementFactory
instanceKlass org/apache/batik/anim/dom/SVGDOMImplementation$CursorElementFactory
instanceKlass org/apache/batik/anim/dom/SVGDOMImplementation$ColorProfileElementFactory
instanceKlass org/apache/batik/anim/dom/SVGDOMImplementation$ClipPathElementFactory
instanceKlass org/apache/batik/anim/dom/SVGDOMImplementation$CircleElementFactory
instanceKlass org/apache/batik/anim/dom/SVGDOMImplementation$AnimateTransformElementFactory
instanceKlass org/apache/batik/anim/dom/SVGDOMImplementation$AnimateMotionElementFactory
instanceKlass org/apache/batik/anim/dom/SVGDOMImplementation$AnimateColorElementFactory
instanceKlass org/apache/batik/anim/dom/SVGDOMImplementation$AnimateElementFactory
instanceKlass org/apache/batik/anim/dom/SVGDOMImplementation$AltGlyphItemElementFactory
instanceKlass org/apache/batik/anim/dom/SVGDOMImplementation$AltGlyphDefElementFactory
instanceKlass org/apache/batik/anim/dom/SVGDOMImplementation$AltGlyphElementFactory
instanceKlass org/apache/batik/anim/dom/SVGDOMImplementation$AElementFactory
instanceKlass org/apache/batik/dom/ExtensibleDOMImplementation$ElementFactory
instanceKlass org/apache/batik/dom/events/DocumentEventSupport$EventFactory
instanceKlass org/apache/batik/css/engine/CSSEngine
instanceKlass org/apache/batik/dom/AbstractDOMImplementation
instanceKlass org/apache/batik/dom/StyleSheetFactory
instanceKlass org/w3c/dom/css/DOMImplementationCSS
instanceKlass org/w3c/dom/DOMImplementation
instanceKlass org/apache/batik/dom/util/CSSStyleDeclarationFactory
instanceKlass org/apache/batik/util/XMLResourceDescriptor
instanceKlass org/xml/sax/ext/LexicalHandler
instanceKlass org/apache/batik/dom/svg/SVGDocumentFactory
instanceKlass org/apache/batik/dom/util/DocumentFactory
instanceKlass org/apache/batik/bridge/DocumentLoader
instanceKlass org/apache/batik/swing/svg/JSVGComponent$1
instanceKlass org/apache/batik/util/Service
instanceKlass org/apache/batik/util/ParsedURLData
instanceKlass org/apache/batik/Version
instanceKlass org/apache/batik/util/AbstractParsedURLProtocolHandler
instanceKlass org/apache/batik/util/ParsedURLProtocolHandler
instanceKlass org/apache/batik/util/ParsedURL
instanceKlass org/apache/batik/swing/svg/GVTTreeBuilderAdapter
instanceKlass org/apache/batik/bridge/ScriptSecurity
instanceKlass org/apache/batik/bridge/FontFamilyResolver
instanceKlass org/apache/batik/bridge/ExternalResourceSecurity
instanceKlass org/apache/batik/swing/svg/JSVGComponent$BridgeUserAgent
instanceKlass org/apache/batik/swing/svg/JSVGComponent$BridgeUserAgentWrapper
instanceKlass org/apache/batik/gvt/renderer/ConcreteImageRendererFactory
instanceKlass org/apache/batik/bridge/UpdateManager
instanceKlass org/apache/batik/script/Interpreter
instanceKlass org/apache/batik/gvt/AbstractGraphicsNode
instanceKlass org/w3c/dom/svg/SVGSVGElement
instanceKlass org/w3c/dom/css/ViewCSS
instanceKlass org/w3c/dom/views/AbstractView
instanceKlass org/w3c/dom/svg/SVGZoomAndPan
instanceKlass org/w3c/dom/svg/SVGFitToViewBox
instanceKlass org/w3c/dom/svg/SVGLocatable
instanceKlass org/w3c/dom/svg/SVGStylable
instanceKlass org/w3c/dom/svg/SVGExternalResourcesRequired
instanceKlass org/w3c/dom/svg/SVGLangSpace
instanceKlass org/w3c/dom/svg/SVGTests
instanceKlass org/w3c/dom/svg/SVGElement
instanceKlass org/apache/batik/dom/AbstractNode
instanceKlass org/apache/batik/dom/xbl/XBLManagerData
instanceKlass org/apache/batik/dom/xbl/NodeXBL
instanceKlass org/apache/batik/dom/ExtendedNode
instanceKlass org/apache/batik/dom/events/NodeEventTarget
instanceKlass org/w3c/dom/xpath/XPathEvaluator
instanceKlass org/apache/batik/i18n/Localizable
instanceKlass org/w3c/dom/views/DocumentView
instanceKlass org/w3c/dom/css/DocumentCSS
instanceKlass org/w3c/dom/stylesheets/DocumentStyle
instanceKlass org/apache/batik/dom/svg/IdContainer
instanceKlass org/apache/batik/css/engine/CSSNavigableDocument
instanceKlass org/w3c/dom/svg/SVGDocument
instanceKlass org/apache/batik/swing/svg/LinkActivationListener
instanceKlass org/apache/batik/gvt/GraphicsNode
instanceKlass org/apache/batik/gvt/event/AWTEventDispatcher
instanceKlass org/apache/batik/swing/gvt/TextSelectionManager
instanceKlass org/apache/batik/gvt/renderer/ImageRenderer
instanceKlass org/apache/batik/gvt/renderer/Renderer
instanceKlass org/apache/batik/bridge/Mark
instanceKlass  @bci org/freeplane/plugin/svg/SvgViewerFactory createViewer (Lorg/freeplane/view/swing/features/filepreview/ExternalResource;Ljava/net/URI;IF)Lorg/freeplane/plugin/svg/SvgViewerFactory$ViewerComponent; 9 <adapter> ; # java/lang/invoke/LambdaForm$MH+0x00000008007b8000
# instanceKlass java/lang/invoke/LambdaForm$DMH+0x00000008007a1c00
instanceKlass  @bci org/freeplane/plugin/svg/SvgViewerFactory createViewer (Lorg/freeplane/view/swing/features/filepreview/ExternalResource;Ljava/net/URI;IF)Lorg/freeplane/plugin/svg/SvgViewerFactory$ViewerComponent; 9 <appendix> form vmentry <vmtarget> ; # java/lang/invoke/LambdaForm$DMH+0x00000008007a1800
instanceKlass  @bci org/freeplane/plugin/svg/SvgViewerFactory createViewer (Lorg/freeplane/view/swing/features/filepreview/ExternalResource;Ljava/net/URI;IF)Lorg/freeplane/plugin/svg/SvgViewerFactory$ViewerComponent; 9 <appendix> member <vmtarget> ; # org/freeplane/plugin/svg/SvgViewerFactory$$Lambda+0x00000008007b54e0
instanceKlass  @cpi org/freeplane/plugin/svg/SvgViewerFactory 176 form vmentry <vmtarget> ; # java/lang/invoke/LambdaForm$DMH+0x00000008007a1400
instanceKlass org/apache/batik/util/SVGFeatureStrings
instanceKlass org/apache/batik/swing/gvt/JGVTComponentListener
instanceKlass org/apache/batik/bridge/BridgeContext
instanceKlass org/apache/batik/css/engine/CSSContext
instanceKlass org/apache/batik/bridge/ErrorConstants
instanceKlass org/apache/batik/bridge/UpdateManagerListener
instanceKlass org/apache/batik/swing/gvt/JGVTComponent$Listener
instanceKlass org/apache/batik/swing/svg/SVGLoadEventDispatcherListener
instanceKlass org/apache/batik/swing/svg/GVTTreeBuilderListener
instanceKlass org/apache/batik/swing/svg/SVGDocumentLoaderListener
instanceKlass org/apache/batik/bridge/UserAgent
instanceKlass org/apache/batik/gvt/event/SelectionListener
instanceKlass org/apache/batik/gvt/event/EventDispatcher
instanceKlass org/apache/batik/gvt/renderer/ImageRendererFactory
instanceKlass org/apache/batik/gvt/renderer/RendererFactory
instanceKlass sun/java2d/cmm/lcms/LCMSTransform$NativeTransform
instanceKlass sun/java2d/cmm/lcms/LCMSImageLayout
instanceKlass  @bci java/awt/color/ICC_Profile getStandardProfileInputStream (Ljava/lang/String;)Ljava/io/InputStream; 1 <appendix> member <vmtarget> ; # java/awt/color/ICC_Profile$$Lambda+0x00000008007cda60
instanceKlass sun/java2d/cmm/lcms/LCMSTransform
instanceKlass sun/java2d/cmm/ColorTransform
instanceKlass  @bci sun/java2d/cmm/lcms/LCMSProfile getTag (I)[B 40 <appendix> member <vmtarget> ; # sun/java2d/cmm/lcms/LCMSProfile$$Lambda+0x00000008007ccd78
instanceKlass sun/java2d/cmm/lcms/LCMS$1
instanceKlass sun/java2d/cmm/lcms/LCMS
instanceKlass sun/java2d/cmm/PCMM
instanceKlass sun/java2d/cmm/CMMServiceProvider
instanceKlass sun/java2d/cmm/CMSManager
instanceKlass sun/java2d/cmm/ProfileDataVerifier
instanceKlass com/sun/imageio/plugins/jpeg/JPEGImageReader$JPEGReaderDisposerRecord
instanceKlass com/sun/imageio/plugins/jpeg/JPEGImageReader$CallBackLock
instanceKlass javax/imageio/plugins/jpeg/JPEGHuffmanTable
instanceKlass javax/imageio/plugins/jpeg/JPEGQTable
instanceKlass com/sun/imageio/plugins/jpeg/JPEGImageReader$1
instanceKlass org/freeplane/view/swing/features/filepreview/ViewerLayoutManager
instanceKlass javax/imageio/metadata/IIOMetadata
instanceKlass com/sun/imageio/plugins/common/ReaderUtil
instanceKlass javax/imageio/ImageIO$CanDecodeInputFilter
instanceKlass javax/imageio/stream/FileCacheImageInputStream$StreamDisposerRecord
instanceKlass  @bci com/sun/imageio/stream/StreamCloser addToQueue (Lcom/sun/imageio/stream/StreamCloser$CloseAction;)V 45 <appendix> member <vmtarget> ; # com/sun/imageio/stream/StreamCloser$$Lambda+0x00000008007c9508
instanceKlass com/sun/imageio/stream/StreamCloser$1
instanceKlass com/sun/imageio/stream/StreamCloser$CloseAction
instanceKlass com/sun/imageio/stream/StreamCloser
instanceKlass javax/imageio/stream/ImageInputStreamImpl
instanceKlass javax/imageio/ImageIO$CacheInfo
instanceKlass javax/imageio/ImageIO$ImageReaderIterator
instanceKlass javax/imageio/spi/FilterIterator
instanceKlass javax/imageio/spi/PartialOrderIterator
instanceKlass javax/imageio/ImageIO$ContainsFilter
instanceKlass javax/imageio/spi/ServiceRegistry$Filter
instanceKlass javax/imageio/ImageWriter
instanceKlass javax/imageio/ImageTranscoder
instanceKlass javax/imageio/ImageTypeSpecifier
instanceKlass javax/imageio/metadata/IIOMetadataFormat
instanceKlass javax/imageio/ImageReader
instanceKlass javax/imageio/spi/IIORegistry$1
instanceKlass com/sun/imageio/plugins/jpeg/JPEG
instanceKlass javax/imageio/stream/ImageOutputStream
instanceKlass javax/imageio/spi/DigraphNode
instanceKlass javax/imageio/stream/ImageInputStream
instanceKlass javax/imageio/spi/SubRegistry
instanceKlass javax/imageio/spi/IIOServiceProvider
instanceKlass javax/imageio/spi/RegisterableService
instanceKlass javax/imageio/spi/ServiceRegistry
instanceKlass javax/imageio/ImageIO
instanceKlass javax/swing/text/html/ImageView$1
instanceKlass sun/awt/image/ImageDecoder$1
instanceKlass javax/swing/SizeSequence
instanceKlass org/freeplane/view/swing/map/attribute/AttributeTable$TableHeaderRendererImpl
instanceKlass org/freeplane/view/swing/map/attribute/AttributeTable$1
instanceKlass org/freeplane/view/swing/map/attribute/AttributeSelectionChangeListener
instanceKlass java/text/BreakIterator$BreakIteratorCache
instanceKlass sun/text/SupplementaryCharacterData
instanceKlass sun/text/CompactByteArray
instanceKlass  @bci sun/util/resources/BreakIteratorResourceBundle getResourceAsStream (Ljava/lang/String;)Ljava/io/InputStream; 2 <appendix> member <vmtarget> ; # sun/util/resources/BreakIteratorResourceBundle$$Lambda+0x000000080077ea60
instanceKlass  @bci sun/util/locale/provider/JRELocaleProviderAdapter getBreakIteratorProvider ()Ljava/text/spi/BreakIteratorProvider; 8 <appendix> member <vmtarget> ; # sun/util/locale/provider/JRELocaleProviderAdapter$$Lambda+0x000000080077de80
instanceKlass sun/font/CMap$UVS
instanceKlass javax/swing/text/html/ImageView$ImageHandler
instanceKlass org/freeplane/view/swing/map/ArrowIcon
instanceKlass org/freeplane/view/swing/map/ContentPaneLayout
instanceKlass org/freeplane/features/link/icons/LinkMatchResult
instanceKlass java/util/Collections$ReverseComparator2
instanceKlass  @bci org/freeplane/features/link/icons/LinkDecorationConfig loadRules ()Ljava/lang/Void; 213 <appendix> argL0 ; # org/freeplane/features/link/icons/LinkDecorationConfig$$Lambda+0x000000080079f6a0
instanceKlass org/freeplane/features/link/icons/PatternBasedMatcher
instanceKlass org/freeplane/features/link/icons/LinkDecorationRule
instanceKlass java/util/stream/ReduceOps$5ReducingSink
instanceKlass java/util/stream/Sink$OfInt
instanceKlass java/util/function/IntConsumer
instanceKlass  @bci java/util/stream/IntPipeline sum ()I 2 <appendix> argL0 ; # java/util/stream/IntPipeline$$Lambda+0x000000080077c418
instanceKlass java/util/function/IntBinaryOperator
instanceKlass java/util/stream/IntStream
instanceKlass  @bci org/freeplane/features/link/icons/ContainsMatcher <init> (Ljava/lang/String;)V 22 <appendix> argL0 ; # org/freeplane/features/link/icons/ContainsMatcher$$Lambda+0x000000080079eff0
instanceKlass java/util/function/ToIntFunction
instanceKlass org/freeplane/features/link/icons/ContainsMatcher
instanceKlass  @bci org/freeplane/features/link/icons/MatcherFactory matcherOf (Ljava/lang/String;)Lorg/freeplane/features/link/icons/DecorationRuleMatcher; 9 <appendix> member <vmtarget> ; # org/freeplane/features/link/icons/MatcherFactory$$Lambda+0x000000080079eb48
instanceKlass org/freeplane/features/link/icons/DecorationRuleMatcher
instanceKlass org/freeplane/features/link/icons/MatcherFactory
instanceKlass  @bci org/freeplane/features/link/icons/LinkDecorationConfig getRules ()Ljava/util/List; 25 <appendix> member <vmtarget> ; # org/freeplane/features/link/icons/LinkDecorationConfig$$Lambda+0x000000080079e4d8
instanceKlass org/freeplane/features/link/icons/LinkDecorationConfig
instanceKlass org/freeplane/features/link/icons/NodeViewDecorator
instanceKlass  @bci org/freeplane/view/swing/map/NodeView updateFilterResults (Lorg/freeplane/features/map/NodeModel;)V 29 <appendix> member <vmtarget> ; # org/freeplane/view/swing/map/NodeView$$Lambda+0x000000080079de48
instanceKlass  @cpi org/freeplane/view/swing/map/NodeView 2292 form vmentry <vmtarget> ; # java/lang/invoke/LambdaForm$DMH+0x00000008007a1000
instanceKlass org/freeplane/features/text/HighlightedTransformedObject
instanceKlass org/freeplane/features/format/FormattedObject
instanceKlass org/freeplane/plugin/script/FormulaUtils
instanceKlass org/freeplane/features/format/FormattedFormula
instanceKlass  @bci org/freeplane/features/icon/IconController getTagIcons (Lorg/freeplane/features/map/NodeModel;Z)Ljava/util/List; 58 <adapter> ; # java/lang/invoke/LambdaForm$MH+0x00000008007a0c00
# instanceKlass java/lang/invoke/LambdaForm$DMH+0x00000008007a0800
instanceKlass  @bci org/freeplane/features/icon/IconController getTagIcons (Lorg/freeplane/features/map/NodeModel;Z)Ljava/util/List; 58 <appendix> form vmentry <vmtarget> ; # java/lang/invoke/LambdaForm$DMH+0x00000008007a0400
instanceKlass  @bci org/freeplane/features/icon/IconController getTagIcons (Lorg/freeplane/features/map/NodeModel;Z)Ljava/util/List; 58 <appendix> member <vmtarget> ; # org/freeplane/features/icon/IconController$$Lambda+0x000000080079d0c0
instanceKlass  @cpi org/freeplane/features/icon/IconController 566 form vmentry <vmtarget> ; # java/lang/invoke/LambdaForm$DMH+0x00000008007a0000
instanceKlass org/freeplane/features/icon/hierarchicalicons/AccumulatedIcons
instanceKlass javax/swing/text/AbstractWriter
instanceKlass org/freeplane/core/util/HtmlProcessor
instanceKlass org/freeplane/core/ui/components/html/CssRuleBuilder
instanceKlass org/freeplane/view/swing/map/SelectableLayout
instanceKlass org/freeplane/view/swing/map/INodeViewLayout
instanceKlass java/awt/peer/MenuBarPeer
instanceKlass sun/awt/windows/WMenuItemPeer$2
instanceKlass java/awt/peer/PopupMenuPeer
instanceKlass java/awt/peer/MenuPeer
instanceKlass java/awt/peer/MenuItemPeer
instanceKlass java/awt/peer/MenuComponentPeer
instanceKlass net/infonode/gui/draggable/DraggableComponentBox$9
instanceKlass net/infonode/docking/util/AbstractViewMap
instanceKlass net/infonode/docking/util/ViewFactoryManager
instanceKlass net/infonode/docking/internalutil/InternalDockingUtil
instanceKlass net/infonode/docking/AbstractTabWindow$5$1
instanceKlass net/infonode/docking/WindowTab$3
instanceKlass net/infonode/docking/WindowTab$2
instanceKlass net/infonode/tabbedpanel/titledtab/TitledTab$9
instanceKlass net/infonode/tabbedpanel/titledtab/TitledTab$8
instanceKlass net/infonode/gui/border/FocusBorder$1
instanceKlass net/infonode/gui/border/FocusBorder
instanceKlass net/infonode/tabbedpanel/titledtab/TitledTab$5
instanceKlass net/infonode/tabbedpanel/titledtab/TitledTab$4
instanceKlass net/infonode/tabbedpanel/titledtab/TitledTab$3
instanceKlass net/infonode/tabbedpanel/Tab$2
instanceKlass net/infonode/docking/title/SimpleDockingWindowTitleProvider
instanceKlass net/infonode/gui/draggable/DraggableComponentAdapter
instanceKlass net/infonode/gui/draggable/DraggableComponent$1
instanceKlass net/infonode/docking/TabWindow$3
instanceKlass net/infonode/docking/drag/DockingWindowDragSource
instanceKlass net/infonode/docking/TabWindow$2
instanceKlass net/infonode/docking/TabWindow$1
instanceKlass net/infonode/docking/internalutil/AbstractButtonInfo
instanceKlass net/infonode/docking/internalutil/ButtonInfo
instanceKlass  @bci java/io/ObjectStreamClass newInstance ()Ljava/lang/Object; 43 <appendix> member <vmtarget> ; # java/io/ObjectStreamClass$$Lambda+0x0000000800777818
instanceKlass net/infonode/docking/model/WindowItemDecoder
instanceKlass net/infonode/docking/RootWindow$5
instanceKlass org/freeplane/core/util/URIUtils
# instanceKlass java/lang/invoke/LambdaForm$MH+0x000000080078c000
instanceKlass sun/awt/CachedCursorManager$1
instanceKlass javax/swing/Autoscroller
instanceKlass org/freeplane/core/util/TypeReference
instanceKlass org/freeplane/features/attribute/AttributeTableLayoutModel
instanceKlass org/freeplane/features/attribute/AttributeBuilder$AttributeProperties
instanceKlass org/freeplane/core/util/collection/SortedMapVector$MapElement
instanceKlass org/freeplane/features/attribute/AttributeRegistryElement
instanceKlass org/freeplane/core/util/collection/SortedMapVector
instanceKlass org/freeplane/features/attribute/AttributeBuilder$RegisteredAttributeProperties
instanceKlass net/infonode/properties/propertymap/value/ValueDecoder
instanceKlass net/infonode/docking/View$3
instanceKlass net/infonode/docking/View$2
instanceKlass net/infonode/docking/View$1
instanceKlass  @bci org/freeplane/main/application/MapViewSerializer newDockedView (Ljava/awt/Component;Ljava/lang/String;)Lnet/infonode/docking/View; 43 <appendix> member <vmtarget> ; # org/freeplane/main/application/MapViewSerializer$$Lambda+0x0000000800785b40
instanceKlass  @bci org/freeplane/view/swing/map/overview/MapViewPane <init> (Ljavax/swing/JScrollPane;)V 153 <appendix> member <vmtarget> ; # org/freeplane/view/swing/map/overview/MapViewPane$$Lambda+0x0000000800785908
instanceKlass org/freeplane/view/swing/map/overview/resizable/ResizablePanelBorder
instanceKlass org/freeplane/view/swing/map/overview/MapOverviewImage$1
instanceKlass java/awt/PopupMenu$1
instanceKlass sun/awt/AWTAccessor$PopupMenuAccessor
instanceKlass java/awt/Menu$1
instanceKlass sun/awt/AWTAccessor$MenuAccessor
instanceKlass java/awt/MenuItem$1
instanceKlass sun/awt/AWTAccessor$MenuItemAccessor
instanceKlass java/awt/MenuComponent$1
instanceKlass sun/awt/AWTAccessor$MenuComponentAccessor
instanceKlass org/freeplane/view/swing/map/MapViewScrollPane$1
instanceKlass org/freeplane/view/swing/map/MapViewScrollPane$ViewportReservedAreaSupplier
instanceKlass org/freeplane/features/map/mindmapmode/MMapModel$1
instanceKlass org/freeplane/main/mindmapmode/UpdateCheckAction$1$1
instanceKlass org/freeplane/main/application/LastOpenedList$3
instanceKlass org/freeplane/features/styles/mindmapmode/NewNodeStyle
instanceKlass org/freeplane/view/swing/map/MapViewController$2
instanceKlass org/freeplane/features/presentations/mindmapmode/PresentationController$6
instanceKlass org/freeplane/features/presentations/mindmapmode/NamedElementCollection$1
instanceKlass org/freeplane/features/presentations/mindmapmode/NamedElementCollection
instanceKlass org/freeplane/features/presentations/mindmapmode/PresentationController$8
instanceKlass org/freeplane/features/presentations/mindmapmode/PresentationController$7
instanceKlass org/freeplane/features/presentations/mindmapmode/PresentationController$9$1
instanceKlass org/freeplane/features/presentations/mindmapmode/PresentationController$9
instanceKlass org/freeplane/features/url/LastChoosenDirectory
instanceKlass org/freeplane/view/swing/features/progress/mindmapmode/ProgressUtilities
instanceKlass org/freeplane/view/swing/map/MapView$6$1
instanceKlass org/freeplane/features/attribute/mindmapmode/AttributeUtilities
instanceKlass  @bci org/freeplane/view/swing/map/MapView$Selection addSelectionForHooks ()V 36 <appendix> argL0 ; # org/freeplane/view/swing/map/MapView$Selection$$Lambda+0x000000080075d6e8
instanceKlass org/freeplane/core/util/ConstantObject
instanceKlass org/freeplane/features/nodestyle/FontUtils
instanceKlass org/freeplane/features/styles/mindmapmode/styleeditorpanel/StylePropertyAdjuster
instanceKlass org/freeplane/core/ui/components/IconRow
instanceKlass org/freeplane/core/ui/components/MultipleImageIcon
instanceKlass  @bci org/freeplane/core/resources/components/ButtonSelectorPanel setSelected (Ljavax/swing/JToggleButton;)V 5 <appendix> member <vmtarget> ; # org/freeplane/core/resources/components/ButtonSelectorPanel$$Lambda+0x000000080075c8a8
instanceKlass  @bci org/freeplane/api/ChildNodesLayout using (Lorg/freeplane/api/LayoutOrientation;Lorg/freeplane/api/ChildrenSides;Lorg/freeplane/api/ChildNodesAlignment;)Ljava/util/Optional; 9 <appendix> member <vmtarget> ; # org/freeplane/api/ChildNodesLayout$$Lambda+0x0000000800679658
instanceKlass org/freeplane/view/swing/map/NodeView$3
instanceKlass  @bci org/freeplane/features/layout/LayoutController$1 getProperty (Lorg/freeplane/features/map/NodeModel;Lorg/freeplane/features/styles/LogicalStyleController$StyleOption;Lorg/freeplane/api/ChildNodesLayout;)Lorg/freeplane/api/ChildNodesLayout; 5 <appendix> argL0 ; # org/freeplane/features/layout/LayoutController$1$$Lambda+0x000000080075c440
instanceKlass org/freeplane/view/swing/features/nodehistory/NodeHolder
instanceKlass org/freeplane/view/swing/features/time/mindmapmode/ReminderExtension$1
instanceKlass org/freeplane/view/swing/features/time/mindmapmode/nodelist/ShowPastRemindersOnce
instanceKlass org/freeplane/core/util/DelayedRunner$1
instanceKlass  @bci org/freeplane/view/swing/map/MapView$Selection fireSelectionChangedLater ()V 23 <appendix> member <vmtarget> ; # org/freeplane/view/swing/map/MapView$Selection$$Lambda+0x000000080075b8a0
instanceKlass org/freeplane/view/swing/map/MapView$MapSelection
instanceKlass org/freeplane/view/swing/map/MapViewChangeObserverCompound$2
instanceKlass org/freeplane/view/swing/map/MapScroller$ScrollingDirective$CompanionObject
instanceKlass org/freeplane/view/swing/map/NodeViewFactory$1
instanceKlass java/awt/dnd/DragGestureRecognizer
instanceKlass java/awt/Cursor$CursorDisposer
instanceKlass java/awt/image/PixelGrabber
instanceKlass sun/awt/image/GifFrame
instanceKlass  @bci java/awt/Cursor getSystemCustomCursor (Ljava/lang/String;)Ljava/awt/Cursor; 224 <appendix> member <vmtarget> ; # java/awt/Cursor$$Lambda+0x0000000800770c68
instanceKlass  @bci java/awt/Cursor loadSystemCustomCursorProperties ()V 25 <appendix> argL0 ; # java/awt/Cursor$$Lambda+0x0000000800770a38
instanceKlass java/awt/dnd/DragSource
instanceKlass org/freeplane/view/swing/map/NodeTooltipManager$3
instanceKlass org/freeplane/view/swing/map/NodeTooltipManager$2
instanceKlass org/freeplane/view/swing/map/NodeViewFactory$2
instanceKlass org/freeplane/core/ui/components/html/DummyElement
instanceKlass org/freeplane/core/ui/components/TagIcon
instanceKlass org/freeplane/view/swing/map/Drawable
instanceKlass java/text/AttributedString
instanceKlass org/freeplane/features/map/EncryptionModel
instanceKlass org/freeplane/view/swing/map/attribute/AttributeView
instanceKlass org/freeplane/view/swing/map/NodeView$ChildNodeViewLayout
instanceKlass org/freeplane/view/swing/map/NodeViewLayoutHelper
instanceKlass org/freeplane/view/swing/map/edge/EdgeView
instanceKlass org/freeplane/core/ui/AMouseListener
instanceKlass org/freeplane/view/swing/map/MainViewPainter
instanceKlass org/freeplane/view/swing/map/NodeViewFactory
instanceKlass org/freeplane/features/styles/StyleNode
instanceKlass org/freeplane/view/swing/map/MapView$4
instanceKlass org/freeplane/view/swing/map/MindMapLayout
instanceKlass org/freeplane/core/ui/AntiAliasingConfigurator$1
instanceKlass org/freeplane/core/ui/AntiAliasingConfigurator
instanceKlass org/freeplane/view/swing/map/MapView$Selection
instanceKlass org/freeplane/view/swing/map/MapScroller
instanceKlass java/awt/print/PageFormat
instanceKlass org/freeplane/view/swing/map/MapView$5
instanceKlass  @bci org/freeplane/view/swing/map/MapView <clinit> ()V 146 <appendix> argL0 ; # org/freeplane/view/swing/map/MapView$$Lambda+0x000000080074c7c8
instanceKlass org/freeplane/core/util/SupplierRule
instanceKlass org/freeplane/view/swing/map/MapView$2
instanceKlass org/freeplane/view/swing/map/MapView$1
instanceKlass org/freeplane/view/swing/map/link/ILinkView
instanceKlass org/freeplane/features/map/IMapSelection
instanceKlass org/freeplane/core/undo/UndoHandler$UndoAction
instanceKlass org/freeplane/core/undo/UndoHandler$RedoAction
instanceKlass org/freeplane/core/undo/UndoHandler
instanceKlass org/freeplane/core/util/Hyperlink
instanceKlass org/freeplane/features/styles/LogicalStyleModel
instanceKlass org/freeplane/features/attribute/FontSizeExtension
instanceKlass org/freeplane/core/undo/IUndoHandler
instanceKlass org/freeplane/features/map/NodeModel$1
instanceKlass org/freeplane/features/link/MapLinks
instanceKlass org/freeplane/features/styles/StyleString
instanceKlass org/freeplane/features/icon/IconBuilder$IconProperties
instanceKlass  @bci org/freeplane/features/link/ConnectorArrows of (Lorg/freeplane/features/link/ArrowType;Lorg/freeplane/features/link/ArrowType;)Ljava/util/Optional; 8 <appendix> member <vmtarget> ; # org/freeplane/features/link/ConnectorArrows$$Lambda+0x0000000800748f68
instanceKlass org/freeplane/core/ui/svgicons/FreeplaneIconFactory$4
instanceKlass org/freeplane/features/link/ConnectorProperties
instanceKlass org/freeplane/features/link/NodeLinks
instanceKlass org/freeplane/features/nodestyle/NodeStyleBuilder$FontProperties
instanceKlass org/freeplane/features/nodestyle/NodeGeometryModel
instanceKlass org/freeplane/features/styles/StyleFactory
instanceKlass org/freeplane/features/styles/StyleTranslatedObject
instanceKlass org/freeplane/features/map/SingleNodeList
instanceKlass org/freeplane/features/map/DetachedNodeList
instanceKlass org/freeplane/features/map/Clones
instanceKlass org/freeplane/features/map/HistoryInformationModel
instanceKlass org/freeplane/features/map/NodeIconSetModel
instanceKlass org/freeplane/core/extension/SmallExtensionMap
instanceKlass org/freeplane/features/map/SharedNodeData
instanceKlass org/freeplane/features/map/MapReader$NodeTreeCreator
instanceKlass org/w3c/dom/Attr
instanceKlass com/sun/org/apache/xerces/internal/dom/NamedNodeMapImpl
instanceKlass org/w3c/dom/NamedNodeMap
instanceKlass com/sun/org/apache/xerces/internal/dom/CharacterDataImpl$1
instanceKlass org/w3c/dom/Text
instanceKlass org/w3c/dom/CharacterData
instanceKlass com/sun/org/apache/xerces/internal/dom/DeepNodeListImpl
instanceKlass com/sun/org/apache/xerces/internal/dom/DeferredDocumentImpl$RefCount
instanceKlass com/sun/org/apache/xerces/internal/dom/NodeListCache
instanceKlass org/w3c/dom/TypeInfo
instanceKlass org/w3c/dom/ElementTraversal
instanceKlass org/w3c/dom/Element
instanceKlass org/w3c/dom/DocumentType
instanceKlass com/sun/org/apache/xerces/internal/dom/NodeImpl
instanceKlass org/w3c/dom/events/EventTarget
instanceKlass org/w3c/dom/NodeList
instanceKlass org/w3c/dom/ranges/DocumentRange
instanceKlass org/w3c/dom/events/DocumentEvent
instanceKlass org/w3c/dom/traversal/DocumentTraversal
instanceKlass com/sun/org/apache/xerces/internal/dom/DeferredNode
instanceKlass javax/xml/parsers/DocumentBuilder
instanceKlass javax/xml/parsers/DocumentBuilderFactory
instanceKlass org/freeplane/features/url/MapVersionInterpreter$1
instanceKlass org/freeplane/features/url/IMapInputStreamConverter
instanceKlass org/freeplane/features/url/MapVersionInterpreter
instanceKlass org/freeplane/features/url/mindmapmode/MapLoader$1
instanceKlass  @bci java/util/Comparator thenComparing (Ljava/util/Comparator;)Ljava/util/Comparator; 7 <appendix> member <vmtarget> ; # java/util/Comparator$$Lambda+0x0000000800764830
instanceKlass  @cpi java/util/Comparator 251 form vmentry <vmtarget> ; # java/lang/invoke/LambdaForm$DMH+0x000000080073d000
instanceKlass  @bci org/freeplane/core/util/collection/SortedComboBoxModel <clinit> ()V 8 <appendix> argL0 ; # org/freeplane/core/util/collection/SortedComboBoxModel$$Lambda+0x0000000800743c40
instanceKlass  @bci org/freeplane/core/util/collection/SortedComboBoxModel <clinit> ()V 0 <appendix> argL0 ; # org/freeplane/core/util/collection/SortedComboBoxModel$$Lambda+0x00000008007439f0
instanceKlass org/freeplane/core/util/collection/IListModel
instanceKlass javax/swing/event/TreeModelListener
instanceKlass javax/swing/tree/DefaultTreeModel
instanceKlass javax/swing/tree/TreeModel
instanceKlass org/freeplane/features/icon/TagCategories
instanceKlass org/freeplane/features/icon/IconRegistry
instanceKlass org/freeplane/features/url/mindmapmode/LockManager
instanceKlass org/freeplane/features/url/mindmapmode/MFileManager$1
instanceKlass org/freeplane/features/map/DocuMapAttribute
instanceKlass org/freeplane/features/url/mindmapmode/MapLoader
instanceKlass java/io/SerialCallbackContext
instanceKlass java/io/ObjectInputStream$GetField
instanceKlass java/io/ObjectStreamClass$ClassDataSlot
instanceKlass java/io/ObjectStreamClass$FieldReflector
instanceKlass java/io/ObjectStreamClass$FieldReflectorKey
instanceKlass java/net/Proxy
instanceKlass jdk/internal/reflect/ClassDefiner$1
instanceKlass jdk/internal/reflect/ClassDefiner
instanceKlass jdk/internal/reflect/MethodAccessorGenerator$1
instanceKlass jdk/internal/reflect/Label$PatchInfo
instanceKlass jdk/internal/reflect/Label
instanceKlass jdk/internal/reflect/UTF8
instanceKlass jdk/internal/reflect/ClassFileAssembler
instanceKlass jdk/internal/reflect/ByteVectorImpl
instanceKlass jdk/internal/reflect/ByteVector
instanceKlass jdk/internal/reflect/ByteVectorFactory
instanceKlass jdk/internal/reflect/AccessorGenerator
instanceKlass jdk/internal/reflect/ClassFileConstants
instanceKlass  @bci jdk/internal/reflect/MethodHandleLongFieldAccessorImpl getLong (Ljava/lang/Object;)J 11 <adapter> ; # java/lang/invoke/LambdaForm$MH+0x000000080073c800
# instanceKlass java/lang/invoke/LambdaForm$DMH+0x000000080073c400
instanceKlass java/net/UrlDeserializedState
instanceKlass java/io/ObjectStreamClass$2
instanceKlass java/io/ClassCache
instanceKlass java/io/ObjectStreamClass$Caches
instanceKlass java/io/ObjectStreamClass
instanceKlass net/infonode/util/StreamUtil
instanceKlass net/infonode/docking/drag/DockingWindowDraggerProvider
instanceKlass org/apache/commons/codec/binary/BaseNCodec$Context
instanceKlass org/apache/commons/codec/binary/BinaryCodec
instanceKlass org/apache/commons/codec/binary/StringUtils
instanceKlass org/apache/commons/codec/binary/BaseNCodec
instanceKlass org/apache/commons/codec/BinaryDecoder
instanceKlass org/apache/commons/codec/Decoder
instanceKlass org/apache/commons/codec/BinaryEncoder
instanceKlass org/apache/commons/codec/Encoder
instanceKlass  @bci org/freeplane/main/application/FreeplaneGUIStarter loadMaps (Lorg/freeplane/features/mode/Controller;[Ljava/lang/String;)V 32 <appendix> member <vmtarget> ; # org/freeplane/main/application/FreeplaneGUIStarter$$Lambda+0x000000080073a8b0
instanceKlass org/freeplane/main/application/MacOptions
instanceKlass sun/awt/SunToolkit$1
instanceKlass java/text/BreakIterator
instanceKlass  @bci javax/swing/text/html/MuxingAttributeSet getAttribute (Ljava/lang/Object;)Ljava/lang/Object; 77 <appendix> argL0 ; # javax/swing/text/html/MuxingAttributeSet$$Lambda+0x00000008006fd5c0
instanceKlass  @bci javax/swing/text/html/MuxingAttributeSet getAttribute (Ljava/lang/Object;)Ljava/lang/Object; 67 <appendix> argL0 ; # javax/swing/text/html/MuxingAttributeSet$$Lambda+0x00000008006fd360
instanceKlass  @bci javax/swing/text/html/MuxingAttributeSet getAttribute (Ljava/lang/Object;)Ljava/lang/Object; 57 <appendix> member <vmtarget> ; # javax/swing/text/html/MuxingAttributeSet$$Lambda+0x00000008006fd108
instanceKlass javax/swing/text/GlyphView$GlyphPainter
instanceKlass com/jgoodies/forms/util/DefaultUnitConverter$DialogBaseUnits
instanceKlass org/freeplane/core/ui/components/JAutoScrollBarPane$1
instanceKlass  @bci org/freeplane/view/swing/map/outline/OutlineBlockViewCache setBlockWidhts (I)V 10 <appendix> member <vmtarget> ; # org/freeplane/view/swing/map/outline/OutlineBlockViewCache$$Lambda+0x000000080073a000
instanceKlass  @cpi org/freeplane/view/swing/map/outline/OutlineBlockViewCache 112 form vmentry <vmtarget> ; # java/lang/invoke/LambdaForm$DMH+0x000000080073c000
instanceKlass org/freeplane/view/swing/map/outline/RightToLeftLayout
instanceKlass org/freeplane/features/bookmarks/mindmapmode/NodeNavigator
instanceKlass org/freeplane/view/swing/map/outline/NodeButton$1
instanceKlass org/freeplane/view/swing/map/outline/OutlineVisibleBlockRange
instanceKlass net/infonode/gui/layout/LayoutUtil
instanceKlass org/freeplane/features/icon/Tag
instanceKlass java/lang/Class$EnclosingMethodInfo
instanceKlass java/awt/GridBagLayoutInfo
instanceKlass java/awt/LightweightDispatcher$2
instanceKlass java/awt/Window$1DisposeAction
instanceKlass net/infonode/gui/ComponentPaintChecker$1$1
instanceKlass org/freeplane/features/filter/FilterController$3
instanceKlass  @bci org/freeplane/view/swing/ui/UserInputListenerFactory createMapActions (Lorg/freeplane/core/ui/menubuilders/generic/Entry;)V 41 <appendix> argL0 ; # org/freeplane/view/swing/ui/UserInputListenerFactory$$Lambda+0x0000000800738000
instanceKlass  @bci org/freeplane/core/ui/menubuilders/menu/JRadioButtonGroupComponentRemover visit (Lorg/freeplane/core/ui/menubuilders/generic/Entry;)V 13 <appendix> member <vmtarget> ; # org/freeplane/core/ui/menubuilders/menu/JRadioButtonGroupComponentRemover$$Lambda+0x0000000800720c28
instanceKlass org/freeplane/features/presentations/mindmapmode/CollectionChangedEvent
instanceKlass org/freeplane/view/swing/ui/UserInputListenerFactory$ActionEnabler$1
instanceKlass org/freeplane/features/styles/mindmapmode/styleeditorpanel/StyleEditorPanel$PanelEnabler
instanceKlass  @bci org/freeplane/features/styles/mindmapmode/styleeditorpanel/StyleEditorPanel addListeners ()V 1 <appendix> member <vmtarget> ; # org/freeplane/features/styles/mindmapmode/styleeditorpanel/StyleEditorPanel$$Lambda+0x0000000800721000
instanceKlass  @bci org/freeplane/features/styles/mindmapmode/styleeditorpanel/EdgeDashControlGroup addControlGroup (Lcom/jgoodies/forms/builder/DefaultFormBuilder;)V 18 <appendix> argL0 ; # org/freeplane/features/styles/mindmapmode/styleeditorpanel/EdgeDashControlGroup$$Lambda+0x0000000800737568
instanceKlass org/freeplane/core/resources/components/NumberProperty$1
instanceKlass org/freeplane/features/styles/mindmapmode/styleeditorpanel/BorderColorAndColorMatchesEdgeControlGroup$1
instanceKlass org/freeplane/features/DashIconFactory$1
instanceKlass  @bci org/freeplane/features/DashIconFactory iconFor (Lorg/freeplane/api/Dash;)Ljavax/swing/Icon; 4 <appendix> argL0 ; # org/freeplane/features/DashIconFactory$$Lambda+0x0000000800735f38
instanceKlass org/freeplane/features/DashIconFactory
instanceKlass  @bci org/freeplane/features/DashRenderedContent of (Lorg/freeplane/api/Dash;)Lorg/freeplane/core/ui/components/RenderedContent; 4 <appendix> argL0 ; # org/freeplane/features/DashRenderedContent$$Lambda+0x0000000800735ad0
instanceKlass  @bci org/freeplane/features/styles/mindmapmode/styleeditorpanel/BorderDashAndDashMatchesEdgeControlGroup addBorderDashControl (Lcom/jgoodies/forms/builder/DefaultFormBuilder;)V 16 <appendix> argL0 ; # org/freeplane/features/styles/mindmapmode/styleeditorpanel/BorderDashAndDashMatchesEdgeControlGroup$$Lambda+0x00000008007358a0
instanceKlass org/freeplane/features/DashRenderedContent
instanceKlass org/freeplane/features/styles/mindmapmode/styleeditorpanel/BorderDashAndDashMatchesEdgeControlGroup$1
instanceKlass org/freeplane/features/styles/mindmapmode/styleeditorpanel/BorderWidthAndBorderWidthMatchesEdgeControlGroup$1
instanceKlass  @bci java/util/stream/Collectors uniqKeysMapMerger ()Ljava/util/function/BinaryOperator; 0 <appendix> argL0 ; # java/util/stream/Collectors$$Lambda+0x00000008006fa560
instanceKlass  @bci java/util/stream/Collectors uniqKeysMapAccumulator (Ljava/util/function/Function;Ljava/util/function/Function;)Ljava/util/function/BiConsumer; 2 <appendix> member <vmtarget> ; # java/util/stream/Collectors$$Lambda+0x00000008006fa318
instanceKlass  @bci java/util/stream/Collectors toMap (Ljava/util/function/Function;Ljava/util/function/Function;)Ljava/util/stream/Collector; 4 <appendix> argL0 ; # java/util/stream/Collectors$$Lambda+0x00000008006fa0e8
instanceKlass  @bci org/freeplane/core/resources/components/FormatterFactoryWithPredefinedNames <init> (Ljavax/swing/JFormattedTextField$AbstractFormatterFactory;Ljava/util/Map;)V 31 <appendix> argL0 ; # org/freeplane/core/resources/components/FormatterFactoryWithPredefinedNames$$Lambda+0x0000000800734850
instanceKlass  @bci org/freeplane/core/resources/components/FormatterFactoryWithPredefinedNames <init> (Ljavax/swing/JFormattedTextField$AbstractFormatterFactory;Ljava/util/Map;)V 26 <appendix> argL0 ; # org/freeplane/core/resources/components/FormatterFactoryWithPredefinedNames$$Lambda+0x0000000800734600
instanceKlass java/util/Collections$2
# instanceKlass java/lang/invoke/LambdaForm$MH+0x0000000800720400
instanceKlass  @bci org/freeplane/features/text/mindmapmode/MTextController getDetailContentTypes ()[Ljava/lang/String; 9 <appendix> argL0 ; # org/freeplane/features/text/mindmapmode/MTextController$$Lambda+0x0000000800732970
instanceKlass org/freeplane/core/resources/components/EditableComboProperty$1
instanceKlass org/freeplane/core/resources/components/EditableComboProperty$2
instanceKlass org/freeplane/core/resources/components/QuantityProperty$3
instanceKlass org/freeplane/core/resources/components/QuantityProperty$2
instanceKlass org/freeplane/core/resources/components/NextLineProperty
instanceKlass org/freeplane/core/resources/components/BooleanProperty$1
instanceKlass org/freeplane/core/resources/components/FontProperty$1
instanceKlass  @bci org/freeplane/core/resources/components/ColorProperty <init> (Ljava/lang/String;Ljava/lang/String;Z)V 79 <appendix> member <vmtarget> ; # org/freeplane/core/resources/components/ColorProperty$$Lambda+0x000000080072bc70
instanceKlass org/freeplane/features/styles/mindmapmode/styleeditorpanel/StyleControlGroup$2
instanceKlass org/freeplane/features/styles/mindmapmode/styleeditorpanel/StyleControlGroup$1
instanceKlass  @bci org/freeplane/features/styles/mindmapmode/styleeditorpanel/StyleControlGroup addControlGroup (Lcom/jgoodies/forms/builder/DefaultFormBuilder;)V 253 <appendix> member <vmtarget> ; # org/freeplane/features/styles/mindmapmode/styleeditorpanel/StyleControlGroup$$Lambda+0x000000080072b510
instanceKlass  @bci com/formdev/flatlaf/ui/FlatRadioButtonUI createUI (Ljavax/swing/JComponent;)Ljavax/swing/plaf/ComponentUI; 16 <appendix> argL0 ; # com/formdev/flatlaf/ui/FlatRadioButtonUI$$Lambda+0x000000080072afe8
instanceKlass org/freeplane/features/styles/mindmapmode/styleeditorpanel/StyleControlGroup$5
instanceKlass org/freeplane/features/styles/mindmapmode/styleeditorpanel/StyleControlGroup$4
instanceKlass org/freeplane/features/styles/mindmapmode/styleeditorpanel/StyleControlGroup$3
instanceKlass org/freeplane/features/styles/mindmapmode/styleeditorpanel/StyleControlGroup$StyleChangeListener
instanceKlass sun/font/AttributeValues$1
instanceKlass com/jgoodies/forms/factories/DefaultComponentFactory$TitledSeparatorLayout
instanceKlass com/jgoodies/common/swing/MnemonicUtils$MnemonicText
instanceKlass com/jgoodies/common/swing/MnemonicUtils
instanceKlass com/jgoodies/common/bean/Bean
instanceKlass com/jgoodies/common/bean/ObservableBean2
instanceKlass com/jgoodies/common/bean/ObservableBean
instanceKlass com/jgoodies/forms/util/FormUtils
instanceKlass javax/accessibility/AccessibleText
instanceKlass com/jgoodies/forms/factories/DefaultComponentFactory
instanceKlass org/freeplane/core/resources/components/SeparatorProperty
instanceKlass com/jgoodies/forms/factories/Paddings
instanceKlass  @bci org/freeplane/view/swing/map/outline/OutlinePane performInitialSetup ()V 1 <appendix> member <vmtarget> ; # org/freeplane/view/swing/map/outline/OutlinePane$$Lambda+0x00000008007263a8
instanceKlass  @bci org/freeplane/view/swing/map/outline/OutlinePane setRootNode (Lorg/freeplane/view/swing/map/outline/OutlineDisplayMode;Lorg/freeplane/view/swing/map/outline/TreeNode;)V 67 <appendix> member <vmtarget> ; # org/freeplane/view/swing/map/outline/OutlinePane$$Lambda+0x0000000800726170
instanceKlass  @bci org/freeplane/view/swing/map/outline/MapAwareOutlinePane configureQuickFilterToggleButton (Ljavax/swing/JToggleButton;)V 27 <appendix> member <vmtarget> ; # org/freeplane/view/swing/map/outline/MapAwareOutlinePane$$Lambda+0x0000000800725c20
instanceKlass  @bci org/freeplane/view/swing/map/outline/MapAwareOutlinePane configureJumpinToggleButton (Ljavax/swing/JToggleButton;)V 19 <appendix> member <vmtarget> ; # org/freeplane/view/swing/map/outline/MapAwareOutlinePane$$Lambda+0x0000000800724950
instanceKlass  @bci org/freeplane/view/swing/map/outline/MapAwareOutlinePane configureModeToggleButton (Ljavax/swing/JToggleButton;Lorg/freeplane/view/swing/map/outline/OutlineDisplayMode;)V 9 <appendix> member <vmtarget> ; # org/freeplane/view/swing/map/outline/MapAwareOutlinePane$$Lambda+0x0000000800724718
instanceKlass org/freeplane/view/swing/map/outline/FilterCache
instanceKlass org/freeplane/view/swing/map/outline/OutlineTreeViewStates
instanceKlass org/freeplane/view/swing/map/outline/OutlineSelectedNodeUpdater
instanceKlass  @bci org/freeplane/view/swing/map/outline/MapAwareOutlinePane <init> (Lorg/freeplane/main/application/AuxillaryEditorSplitPane;)V 34 <appendix> member <vmtarget> ; # org/freeplane/view/swing/map/outline/MapAwareOutlinePane$$Lambda+0x000000080071fbd8
instanceKlass org/freeplane/features/filter/FilterUpdateListener
instanceKlass  @bci org/freeplane/view/swing/map/outline/OutlinePane setupScrollListeners ()V 31 <appendix> member <vmtarget> ; # org/freeplane/view/swing/map/outline/OutlinePane$$Lambda+0x000000080071f520
instanceKlass  @bci org/freeplane/view/swing/map/outline/OutlinePane setupScrollListeners ()V 8 <appendix> member <vmtarget> ; # org/freeplane/view/swing/map/outline/OutlinePane$$Lambda+0x000000080071f2e8
instanceKlass  @bci org/freeplane/view/swing/map/outline/OutlinePane configureToolbar (Lorg/freeplane/core/ui/components/FreeplaneToolBar;)V 19 <appendix> member <vmtarget> ; # org/freeplane/view/swing/map/outline/OutlinePane$$Lambda+0x000000080071ed98
instanceKlass  @bci org/freeplane/view/swing/map/outline/BreadcrumbPanel setupKeyBindings ()V 5 <appendix> member <vmtarget> ; # org/freeplane/view/swing/map/outline/BreadcrumbPanel$$Lambda+0x000000080071eb60
instanceKlass org/freeplane/view/swing/map/outline/OutlineViewport
instanceKlass  @bci org/freeplane/view/swing/map/outline/OutlinePane <init> (Lorg/freeplane/view/swing/map/outline/OutlineDisplayMode;Lorg/freeplane/view/swing/map/outline/TreeNode;)V 45 <appendix> member <vmtarget> ; # org/freeplane/view/swing/map/outline/OutlinePane$$Lambda+0x000000080071e6d8
instanceKlass  @bci org/freeplane/view/swing/map/outline/ScrollableTreePanel <init> (Lorg/freeplane/view/swing/map/outline/OutlineDisplayMode;Lorg/freeplane/view/swing/map/outline/TreeNode;ILorg/freeplane/view/swing/map/outline/BreadcrumbPanel;)V 325 <appendix> member <vmtarget> ; # org/freeplane/view/swing/map/outline/ScrollableTreePanel$$Lambda+0x000000080071def0
instanceKlass  @cpi org/freeplane/view/swing/map/outline/ScrollableTreePanel 1085 form vmentry <vmtarget> ; # java/lang/invoke/LambdaForm$DMH+0x0000000800720000
instanceKlass  @bci org/freeplane/view/swing/map/outline/ScrollableTreePanel <init> (Lorg/freeplane/view/swing/map/outline/OutlineDisplayMode;Lorg/freeplane/view/swing/map/outline/TreeNode;ILorg/freeplane/view/swing/map/outline/BreadcrumbPanel;)V 319 <appendix> member <vmtarget> ; # org/freeplane/view/swing/map/outline/ScrollableTreePanel$$Lambda+0x000000080071dc88
instanceKlass  @bci org/freeplane/view/swing/map/outline/ScrollableTreePanel <init> (Lorg/freeplane/view/swing/map/outline/OutlineDisplayMode;Lorg/freeplane/view/swing/map/outline/TreeNode;ILorg/freeplane/view/swing/map/outline/BreadcrumbPanel;)V 313 <appendix> member <vmtarget> ; # org/freeplane/view/swing/map/outline/ScrollableTreePanel$$Lambda+0x000000080071da50
instanceKlass org/freeplane/view/swing/map/outline/BreadcrumbLayout
instanceKlass  @bci org/freeplane/view/swing/map/outline/ScrollableTreePanel <init> (Lorg/freeplane/view/swing/map/outline/OutlineDisplayMode;Lorg/freeplane/view/swing/map/outline/TreeNode;ILorg/freeplane/view/swing/map/outline/BreadcrumbPanel;)V 282 <appendix> member <vmtarget> ; # org/freeplane/view/swing/map/outline/ScrollableTreePanel$$Lambda+0x000000080071d5c8
instanceKlass  @bci org/freeplane/view/swing/map/outline/ScrollableTreePanel <init> (Lorg/freeplane/view/swing/map/outline/OutlineDisplayMode;Lorg/freeplane/view/swing/map/outline/TreeNode;ILorg/freeplane/view/swing/map/outline/BreadcrumbPanel;)V 276 <appendix> member <vmtarget> ; # org/freeplane/view/swing/map/outline/ScrollableTreePanel$$Lambda+0x000000080071d390
instanceKlass  @bci org/freeplane/view/swing/map/outline/ScrollableTreePanel <init> (Lorg/freeplane/view/swing/map/outline/OutlineDisplayMode;Lorg/freeplane/view/swing/map/outline/TreeNode;ILorg/freeplane/view/swing/map/outline/BreadcrumbPanel;)V 270 <appendix> member <vmtarget> ; # org/freeplane/view/swing/map/outline/ScrollableTreePanel$$Lambda+0x000000080071d158
instanceKlass  @bci org/freeplane/view/swing/map/outline/ScrollableTreePanel <init> (Lorg/freeplane/view/swing/map/outline/OutlineDisplayMode;Lorg/freeplane/view/swing/map/outline/TreeNode;ILorg/freeplane/view/swing/map/outline/BreadcrumbPanel;)V 264 <appendix> member <vmtarget> ; # org/freeplane/view/swing/map/outline/ScrollableTreePanel$$Lambda+0x000000080071cf20
instanceKlass  @bci org/freeplane/view/swing/map/outline/ScrollableTreePanel <init> (Lorg/freeplane/view/swing/map/outline/OutlineDisplayMode;Lorg/freeplane/view/swing/map/outline/TreeNode;ILorg/freeplane/view/swing/map/outline/BreadcrumbPanel;)V 258 <appendix> member <vmtarget> ; # org/freeplane/view/swing/map/outline/ScrollableTreePanel$$Lambda+0x000000080071cce8
instanceKlass java/util/function/IntSupplier
instanceKlass org/freeplane/view/swing/map/outline/VisibleBlockRenderer
instanceKlass  @bci org/freeplane/view/swing/map/outline/ScrollableTreePanel setupKeyBindings ()V 5 <appendix> member <vmtarget> ; # org/freeplane/view/swing/map/outline/ScrollableTreePanel$$Lambda+0x000000080071a8f0
instanceKlass org/freeplane/view/swing/map/outline/OutlineActions
instanceKlass  @bci org/freeplane/view/swing/map/outline/ScrollableTreePanel <init> (Lorg/freeplane/view/swing/map/outline/OutlineDisplayMode;Lorg/freeplane/view/swing/map/outline/TreeNode;ILorg/freeplane/view/swing/map/outline/BreadcrumbPanel;)V 211 <appendix> member <vmtarget> ; # org/freeplane/view/swing/map/outline/ScrollableTreePanel$$Lambda+0x000000080071a488
instanceKlass  @bci org/freeplane/view/swing/map/outline/ScrollableTreePanel <init> (Lorg/freeplane/view/swing/map/outline/OutlineDisplayMode;Lorg/freeplane/view/swing/map/outline/TreeNode;ILorg/freeplane/view/swing/map/outline/BreadcrumbPanel;)V 201 <appendix> member <vmtarget> ; # org/freeplane/view/swing/map/outline/ScrollableTreePanel$$Lambda+0x000000080071a250
instanceKlass org/freeplane/view/swing/map/outline/OutlineGeometry$GeometryListener
instanceKlass org/freeplane/view/swing/map/outline/OutlineFocusManager
instanceKlass org/freeplane/view/swing/map/outline/OutlineBlockLayout
instanceKlass  @bci org/freeplane/view/swing/map/outline/NavigationButtons configureNavigationButtons ()V 20 <appendix> member <vmtarget> ; # org/freeplane/view/swing/map/outline/NavigationButtons$$Lambda+0x00000008007188e0
instanceKlass  @bci org/freeplane/view/swing/map/outline/NavigationButtons configureNavigationButtons ()V 6 <appendix> member <vmtarget> ; # org/freeplane/view/swing/map/outline/NavigationButtons$$Lambda+0x00000008007186a8
instanceKlass org/freeplane/view/swing/map/outline/NavigationButtons
instanceKlass  @bci org/freeplane/view/swing/map/outline/OutlineGeometry <clinit> ()V 45 <appendix> argL0 ; # org/freeplane/view/swing/map/outline/OutlineGeometry$$Lambda+0x0000000800718240
instanceKlass java/text/DigitList$1
instanceKlass org/freeplane/view/swing/map/outline/ExpansionControls
instanceKlass org/freeplane/view/swing/map/outline/OutlineSelectionHistory
instanceKlass org/freeplane/view/swing/map/outline/OutlineBlockViewCache
instanceKlass org/freeplane/view/swing/map/outline/OutlineGeometry
instanceKlass org/freeplane/view/swing/map/outline/VisibleOutlineNodes
instanceKlass org/freeplane/view/swing/map/outline/OutlineSelectionBridge
instanceKlass org/freeplane/view/swing/map/outline/OutlineSelection
instanceKlass org/freeplane/view/swing/map/outline/OutlineTreeViewState
instanceKlass org/freeplane/features/map/NodeMoveEvent
instanceKlass org/freeplane/view/swing/map/outline/MapAwareOutlinePane$FilterEntry
instanceKlass org/freeplane/view/swing/map/outline/OutlineController
instanceKlass  @bci org/freeplane/view/swing/map/outline/MapAwareOutlinePane <clinit> ()V 82 <appendix> argL0 ; # org/freeplane/view/swing/map/outline/MapAwareOutlinePane$$Lambda+0x0000000800713da8
instanceKlass org/freeplane/view/swing/map/outline/TreeNode
instanceKlass org/freeplane/view/swing/map/outline/OutlineActionTarget
instanceKlass  @bci com/formdev/flatlaf/ui/FlatSplitPaneUI applyStyle (Ljava/lang/Object;)V 7 <appendix> member <vmtarget> ; # com/formdev/flatlaf/ui/FlatSplitPaneUI$$Lambda+0x0000000800710000
instanceKlass javax/swing/plaf/basic/BasicSplitPaneUI$Handler
instanceKlass  @bci com/formdev/flatlaf/ui/FlatSplitPaneUI createPropertyChangeListener ()Ljava/beans/PropertyChangeListener; 5 <appendix> member <vmtarget> ; # com/formdev/flatlaf/ui/FlatSplitPaneUI$$Lambda+0x000000080070fc30
instanceKlass org/freeplane/main/application/SplitPaneLayoutManagerDecorator
instanceKlass javax/swing/plaf/basic/BasicSplitPaneUI$BasicHorizontalLayoutManager
instanceKlass javax/swing/plaf/basic/BasicSplitPaneDivider$DividerLayout
instanceKlass org/freeplane/main/application/AuxiliarySplitPaneController
instanceKlass org/freeplane/view/swing/map/outline/OutlineActionTargetProvider
instanceKlass org/freeplane/main/application/AuxiliarySplitPanes
instanceKlass org/freeplane/features/map/NodeDeletionEvent
instanceKlass org/freeplane/main/application/MapViewDockingWindows$2
instanceKlass net/infonode/docking/DockingWindowAdapter
instanceKlass  @bci org/freeplane/main/application/MapViewDockingWindows <init> (Lorg/freeplane/main/application/ApplicationViewController;)V 174 <appendix> member <vmtarget> ; # org/freeplane/main/application/MapViewDockingWindows$$Lambda+0x0000000800707610
instanceKlass org/freeplane/features/url/mindmapmode/DroppedMindMapOpener
instanceKlass org/freeplane/core/ui/FileOpener
instanceKlass net/infonode/docking/RootWindow$4
instanceKlass java/io/ObjectOutputStream$ReplaceTable
instanceKlass java/io/ObjectOutputStream$HandleTable
instanceKlass net/infonode/util/collection/map/SingleValueMap$1
instanceKlass org/freeplane/main/application/MapViewDockingWindows$3
instanceKlass net/infonode/docking/theme/internal/laftheme/TitleBarUI$6
instanceKlass net/infonode/docking/theme/LookAndFeelDockingTheme$3$2
instanceKlass net/infonode/docking/theme/LookAndFeelDockingTheme$3$1
instanceKlass net/infonode/docking/theme/LookAndFeelDockingTheme$3
instanceKlass net/infonode/docking/theme/internal/laftheme/TitleBarUI$4
instanceKlass net/infonode/docking/theme/internal/laftheme/TitleBarUI$3
instanceKlass net/infonode/docking/theme/internal/laftheme/TitleBarUI$2
instanceKlass javax/swing/JInternalFrame$FocusPropertyChangeListener
instanceKlass javax/swing/plaf/basic/BasicInternalFrameTitlePane$Handler
instanceKlass  @bci com/formdev/flatlaf/ui/FlatInternalFrameUI applyStyle (Ljava/lang/Object;)V 7 <appendix> member <vmtarget> ; # com/formdev/flatlaf/ui/FlatInternalFrameUI$$Lambda+0x0000000800705300
instanceKlass  @bci com/formdev/flatlaf/ui/FlatInternalFrameUI createWindowResizer ()Lcom/formdev/flatlaf/ui/FlatWindowResizer; 9 <appendix> member <vmtarget> ; # com/formdev/flatlaf/ui/FlatInternalFrameUI$$Lambda+0x00000008007050c8
instanceKlass javax/swing/DesktopManager
instanceKlass com/formdev/flatlaf/util/ScaledImageIcon
instanceKlass javax/swing/plaf/basic/BasicInternalFrameTitlePane$PropertyChangeHandler
instanceKlass  @bci com/formdev/flatlaf/ui/FlatInternalFrameUI createPropertyChangeListener ()Ljava/beans/PropertyChangeListener; 5 <appendix> member <vmtarget> ; # com/formdev/flatlaf/ui/FlatInternalFrameUI$$Lambda+0x0000000800702110
instanceKlass javax/swing/plaf/basic/BasicInternalFrameUI$Handler
instanceKlass javax/swing/event/InternalFrameListener
instanceKlass  @bci sun/swing/SwingUtilities2 lambda$makeIcon$2 (ZLjava/lang/Class;Ljava/lang/Class;Ljava/lang/String;Ljavax/swing/UIDefaults;)Ljava/lang/Object; 7 <appendix> member <vmtarget> ; # sun/swing/SwingUtilities2$$Lambda+0x00000008006f2478
instanceKlass  @bci com/formdev/flatlaf/ui/FlatDesktopIconUI installListeners ()V 38 <appendix> member <vmtarget> ; # com/formdev/flatlaf/ui/FlatDesktopIconUI$$Lambda+0x00000008006efbd8
instanceKlass  @bci com/formdev/flatlaf/ui/FlatDesktopIconUI installListeners ()V 6 <appendix> member <vmtarget> ; # com/formdev/flatlaf/ui/FlatDesktopIconUI$$Lambda+0x00000008006ef9a0
instanceKlass com/formdev/flatlaf/ui/FlatDesktopIconUI$FlatDesktopIconLayout
instanceKlass net/infonode/docking/theme/internal/laftheme/TitleBarUI$1
instanceKlass net/infonode/docking/theme/LookAndFeelDockingTheme$1
instanceKlass net/infonode/docking/theme/internal/laftheme/TitleBarUI
instanceKlass net/infonode/tabbedpanel/theme/LookAndFeelTheme$3$6
instanceKlass net/infonode/tabbedpanel/theme/LookAndFeelTheme$3$5
instanceKlass net/infonode/tabbedpanel/theme/LookAndFeelTheme$4
instanceKlass net/infonode/tabbedpanel/theme/LookAndFeelTheme$3$4
instanceKlass net/infonode/tabbedpanel/theme/LookAndFeelTheme$3$3
instanceKlass net/infonode/tabbedpanel/theme/LookAndFeelTheme$3$2
instanceKlass net/infonode/tabbedpanel/theme/LookAndFeelTheme$3$1
instanceKlass net/infonode/tabbedpanel/theme/LookAndFeelTheme$3
instanceKlass  @bci com/formdev/flatlaf/util/JavaCompatibility drawStringUnderlineCharAt (Ljavax/swing/JComponent;Ljava/awt/Graphics;Ljava/lang/String;III)V 200 <adapter> ; # java/lang/invoke/LambdaForm$MH+0x00000008006e5c00
# instanceKlass java/lang/invoke/LambdaForm$DMH+0x00000008006e5800
# instanceKlass java/lang/invoke/LambdaForm$DMH+0x00000008006e5400
instanceKlass com/formdev/flatlaf/util/JavaCompatibility
instanceKlass  @bci com/formdev/flatlaf/ui/FlatTabbedPaneUI paintText (Ljava/awt/Graphics;ILjava/awt/Font;Ljava/awt/FontMetrics;ILjava/lang/String;Ljava/awt/Rectangle;Z)V 23 <adapter> ; # java/lang/invoke/LambdaForm$MH+0x00000008006e5000
# instanceKlass java/lang/invoke/LambdaForm$DMH+0x00000008006e4c00
instanceKlass  @bci com/formdev/flatlaf/ui/FlatTabbedPaneUI paintText (Ljava/awt/Graphics;ILjava/awt/Font;Ljava/awt/FontMetrics;ILjava/lang/String;Ljava/awt/Rectangle;Z)V 23 <appendix> form vmentry <vmtarget> ; # java/lang/invoke/LambdaForm$DMH+0x00000008006e4800
instanceKlass  @bci com/formdev/flatlaf/ui/FlatTabbedPaneUI paintText (Ljava/awt/Graphics;ILjava/awt/Font;Ljava/awt/FontMetrics;ILjava/lang/String;Ljava/awt/Rectangle;Z)V 23 <appendix> member <vmtarget> ; # com/formdev/flatlaf/ui/FlatTabbedPaneUI$$Lambda+0x00000008006eb880
instanceKlass  @cpi com/formdev/flatlaf/ui/FlatTabbedPaneUI 1640 form vmentry <vmtarget> ; # java/lang/invoke/LambdaForm$DMH+0x00000008006e4400
instanceKlass sun/java2d/marlin/ArrayCacheConst
instanceKlass sun/java2d/marlin/Helpers
instanceKlass sun/java2d/marlin/DPQSSorterContext
instanceKlass sun/java2d/marlin/MarlinUtils
instanceKlass sun/java2d/marlin/MergeSort
instanceKlass sun/java2d/marlin/Dasher$LengthIterator
instanceKlass sun/java2d/marlin/Dasher
instanceKlass sun/java2d/marlin/Stroker
instanceKlass sun/java2d/marlin/BBoxAATileGenerator
instanceKlass sun/java2d/pipe/AATileGenerator
instanceKlass sun/java2d/marlin/Renderer
instanceKlass sun/java2d/marlin/ArrayCacheIntClean$Reference
instanceKlass  @bci sun/java2d/marlin/OffHeapArray <init> (Ljava/lang/Object;J)V 52 <appendix> member <vmtarget> ; # sun/java2d/marlin/OffHeapArray$$Lambda+0x000000080057c4f8
instanceKlass sun/java2d/marlin/OffHeapArray
instanceKlass sun/java2d/marlin/MarlinCache
instanceKlass sun/java2d/marlin/ArrayCacheInt$Reference
instanceKlass sun/java2d/marlin/Helpers$IndexStack
instanceKlass sun/java2d/marlin/TransformingPathConsumer2D$PathClipFilter
instanceKlass sun/java2d/marlin/TransformingPathConsumer2D$StartFlagPathConsumer2D
instanceKlass sun/java2d/marlin/ArrayCacheByte$Reference
instanceKlass sun/java2d/marlin/ArrayCacheDouble$Reference
instanceKlass sun/java2d/marlin/Helpers$PolyStack
instanceKlass sun/java2d/marlin/TransformingPathConsumer2D$ClosedPathDetector
instanceKlass sun/java2d/marlin/TransformingPathConsumer2D$PathTracer
instanceKlass sun/java2d/marlin/TransformingPathConsumer2D$DeltaTransformFilter
instanceKlass sun/java2d/marlin/TransformingPathConsumer2D$DeltaScaleFilter
instanceKlass sun/java2d/marlin/TransformingPathConsumer2D$Path2DWrapper
instanceKlass sun/java2d/marlin/TransformingPathConsumer2D
instanceKlass sun/java2d/marlin/TransformingPathConsumer2D$CurveClipSplitter
instanceKlass sun/java2d/marlin/TransformingPathConsumer2D$CurveBasicMonotonizer
instanceKlass sun/java2d/marlin/DMarlinRenderingEngine$NormalizingPathIterator
instanceKlass sun/java2d/marlin/RendererContext$PathConsumer2DAdapter
instanceKlass sun/java2d/marlin/ArrayCacheByte
instanceKlass sun/java2d/marlin/ArrayCacheDouble
instanceKlass sun/java2d/marlin/ArrayCacheInt
instanceKlass sun/java2d/marlin/ArrayCacheIntClean
instanceKlass sun/java2d/marlin/PathSimplifier
instanceKlass sun/java2d/marlin/CollinearSimplifier
instanceKlass sun/java2d/marlin/DPathConsumer2D
instanceKlass sun/java2d/marlin/Curve
instanceKlass sun/java2d/ReentrantContext
instanceKlass sun/awt/image/OffScreenImageSource
instanceKlass java/awt/image/FilteredImageSource
instanceKlass javax/accessibility/AccessibleExtendedComponent
instanceKlass net/infonode/tabbedpanel/theme/internal/laftheme/SizeIcon
instanceKlass sun/awt/im/InputMethodAdapter
instanceKlass java/awt/im/spi/InputMethod
instanceKlass java/awt/im/spi/InputMethodContext
instanceKlass java/awt/im/InputMethodRequests
instanceKlass java/awt/im/InputContext
instanceKlass net/infonode/tabbedpanel/theme/internal/laftheme/TabData
instanceKlass  @bci com/formdev/flatlaf/ui/FlatRootPaneUI$FlatRootLayout preferredLayoutSize (Ljava/awt/Container;)Ljava/awt/Dimension; 2 <appendix> argL0 ; # com/formdev/flatlaf/ui/FlatRootPaneUI$FlatRootLayout$$Lambda+0x00000008006eb110
instanceKlass  @bci com/formdev/flatlaf/ui/FlatTabbedPaneUI$Handler propertyChange (Ljava/beans/PropertyChangeEvent;)V 142 <appendix> member <vmtarget> ; # com/formdev/flatlaf/ui/FlatTabbedPaneUI$Handler$$Lambda+0x00000008006eabb8
instanceKlass sun/awt/AWTPermissions
instanceKlass java/awt/event/MouseEvent$1
instanceKlass sun/awt/AWTAccessor$MouseEventAccessor
instanceKlass net/infonode/tabbedpanel/theme/internal/laftheme/PaneHandler$1
instanceKlass net/infonode/tabbedpanel/theme/internal/laftheme/PaneUI$1
instanceKlass net/infonode/tabbedpanel/theme/internal/laftheme/PaneHandler
instanceKlass net/infonode/tabbedpanel/theme/LookAndFeelTheme$1
instanceKlass net/infonode/tabbedpanel/theme/internal/laftheme/ComponentCache
instanceKlass net/infonode/tabbedpanel/theme/internal/laftheme/PaneHandlerListener
instanceKlass net/infonode/tabbedpanel/theme/internal/laftheme/PaneUI
instanceKlass net/infonode/tabbedpanel/theme/internal/laftheme/PaneUIListener
instanceKlass net/infonode/tabbedpanel/theme/TabbedPanelTitledTabTheme
instanceKlass net/infonode/docking/theme/internal/laftheme/TitleBarUIListener
instanceKlass net/infonode/docking/RootWindow$3
instanceKlass net/infonode/docking/FocusManager$2
instanceKlass net/infonode/docking/FocusManager$1
instanceKlass net/infonode/docking/FocusManager
instanceKlass net/infonode/docking/RootWindow$SingleComponentLayout
# instanceKlass java/lang/invoke/LambdaForm$MH+0x00000008006e4000
instanceKlass net/infonode/gui/draggable/DraggableComponentBoxEvent
instanceKlass net/infonode/docking/RootWindow$7
instanceKlass net/infonode/tabbedpanel/TabbedUtils
instanceKlass net/infonode/tabbedpanel/internal/TabDropDownList$3
instanceKlass net/infonode/tabbedpanel/internal/TabDropDownList$2
instanceKlass net/infonode/gui/PopupList$1
instanceKlass javax/swing/JList$ListSelectionHandler
instanceKlass net/infonode/gui/PopupList$Popup$1
instanceKlass net/infonode/gui/ButtonFactory$ButtonHighlighter$1
instanceKlass net/infonode/gui/ButtonFactory$ButtonHighlighter
instanceKlass net/infonode/gui/ButtonFactory
instanceKlass net/infonode/gui/PopupListListener
instanceKlass net/infonode/gui/draggable/DraggableComponentBoxAdapter
instanceKlass net/infonode/tabbedpanel/TabbedPanelContentPanel$1
instanceKlass net/infonode/gui/layout/StackableLayout
instanceKlass net/infonode/docking/WindowBar$1
instanceKlass net/infonode/tabbedpanel/TabAdapter
instanceKlass net/infonode/properties/propertymap/PropertyMapWeakListenerManager$2
instanceKlass net/infonode/properties/propertymap/PropertyMapWeakListenerManager$1
instanceKlass net/infonode/properties/propertymap/PropertyMapWeakListenerManager
instanceKlass net/infonode/properties/gui/InternalPropertiesUtil
instanceKlass net/infonode/gui/panel/BaseContainerUtil
instanceKlass net/infonode/gui/ComponentUtil
instanceKlass net/infonode/gui/draggable/DraggableComponentBox$8
instanceKlass net/infonode/gui/draggable/DraggableComponentBox$6
instanceKlass net/infonode/gui/ScrollableBox$3
instanceKlass net/infonode/gui/ScrollableBox$2
instanceKlass net/infonode/gui/ScrollableBox$1
instanceKlass net/infonode/gui/ScrollButtonBox$3
instanceKlass net/infonode/gui/ScrollButtonBox$2
instanceKlass net/infonode/gui/ScrollButtonBox$1
instanceKlass net/infonode/gui/hover/hoverable/HoverManager$1$1
instanceKlass net/infonode/gui/ComponentPaintChecker$1
instanceKlass net/infonode/gui/ComponentPaintChecker
instanceKlass net/infonode/tabbedpanel/TabbedPanel$5
instanceKlass net/infonode/tabbedpanel/TabbedPanel$4
instanceKlass net/infonode/gui/hover/hoverable/HoverManager$3
instanceKlass net/infonode/gui/hover/hoverable/HoverManager$1
instanceKlass net/infonode/gui/hover/hoverable/HoverManager
instanceKlass net/infonode/gui/draggable/DraggableComponentBox$1
instanceKlass net/infonode/gui/draggable/DraggableComponentEvent
instanceKlass net/infonode/gui/ScrollableBoxListener
instanceKlass net/infonode/gui/ScrollButtonBoxListener
instanceKlass net/infonode/gui/layout/DirectionLayout
instanceKlass net/infonode/gui/draggable/DraggableComponentListener
instanceKlass net/infonode/gui/draggable/DraggableComponent
instanceKlass net/infonode/gui/draggable/DraggableComponentBoxListener
instanceKlass net/infonode/gui/hover/hoverable/Hoverable
instanceKlass net/infonode/properties/util/PropertyChangeListener
instanceKlass net/infonode/tabbedpanel/TabListener
instanceKlass net/infonode/gui/layout/BorderLayout2
instanceKlass net/infonode/docking/RootWindow$2
instanceKlass net/infonode/gui/layout/StretchLayout
instanceKlass net/infonode/gui/shaped/border/ShapedBorder
instanceKlass net/infonode/docking/DockingWindow$2
instanceKlass net/infonode/docking/DockingWindow$1
instanceKlass net/infonode/docking/internal/ReadContext
instanceKlass net/infonode/docking/internal/WindowAncestors
instanceKlass net/infonode/docking/internal/WriteContext
instanceKlass java/io/ObjectOutput
instanceKlass net/infonode/docking/properties/RootWindowProperties$2
instanceKlass net/infonode/util/collection/notifymap/ConstChangeNotifyVectorMap$1
instanceKlass net/infonode/util/collection/map/ConstVectorMap$ConstIterator
instanceKlass net/infonode/util/collection/notifymap/ChangeNotifyMapWrapper$Iterator
instanceKlass net/infonode/util/collection/CopyOnWriteArrayList
instanceKlass net/infonode/properties/propertymap/PropertyMapImpl$1
instanceKlass net/infonode/docking/properties/RootWindowProperties$1
instanceKlass net/infonode/gui/componentpainter/AbstractComponentPainter
instanceKlass net/infonode/gui/action/SimpleAction
instanceKlass net/infonode/docking/DefaultButtonFactories
instanceKlass net/infonode/docking/drop/AcceptAllDropFilter
instanceKlass net/infonode/gui/icon/button/BorderIcon
instanceKlass net/infonode/gui/button/FlatButtonFactory
instanceKlass net/infonode/tabbedpanel/TabbedPanelDefaultButtonFactories
instanceKlass net/infonode/gui/icon/button/AbstractButtonIcon
instanceKlass net/infonode/gui/border/HighlightBorder
instanceKlass net/infonode/tabbedpanel/border/OpenContentBorder
instanceKlass net/infonode/tabbedpanel/TabbedPanelProperties$2
instanceKlass net/infonode/tabbedpanel/TabbedPanelProperties$1
instanceKlass net/infonode/properties/propertymap/PropertyMapFactory
instanceKlass net/infonode/docking/drop/DropFilter
instanceKlass net/infonode/gui/button/ButtonFactory
instanceKlass net/infonode/docking/action/DockingWindowAction
instanceKlass net/infonode/gui/icon/IconProvider
instanceKlass net/infonode/tabbedpanel/border/TabHighlightBorder
instanceKlass net/infonode/gui/InsetsUtil
instanceKlass net/infonode/gui/colorprovider/ColorProviderUtil
instanceKlass net/infonode/gui/colorprovider/AbstractColorProvider
instanceKlass net/infonode/gui/colorprovider/ColorProvider
instanceKlass net/infonode/tabbedpanel/border/TabAreaLineBorder
instanceKlass net/infonode/util/ColorUtil
instanceKlass net/infonode/gui/FontUtil
instanceKlass net/infonode/gui/UIManagerUtil
instanceKlass net/infonode/tabbedpanel/TabbedUIDefaults
instanceKlass net/infonode/tabbedpanel/titledtab/TitledTabProperties$2
instanceKlass net/infonode/properties/util/PropertyPath
instanceKlass net/infonode/properties/propertymap/ref/PropertyMapPropertyRef
instanceKlass net/infonode/properties/propertymap/ref/ParentMapRef
instanceKlass net/infonode/properties/propertymap/ref/CompositeMapRef
instanceKlass net/infonode/util/collection/map/EmptyIterator
instanceKlass net/infonode/util/collection/map/MapAdapter$Iterator
instanceKlass net/infonode/properties/propertymap/ref/ThisPropertyMapRef
instanceKlass net/infonode/properties/propertymap/value/PropertyRefValue
instanceKlass net/infonode/tabbedpanel/titledtab/TitledTabProperties$1
instanceKlass net/infonode/gui/DynamicUIManager$3
instanceKlass net/infonode/gui/DynamicUIManager$2
instanceKlass net/infonode/gui/DynamicUIManager$1
instanceKlass net/infonode/gui/DynamicUIManager
instanceKlass net/infonode/gui/hover/HoverListener
instanceKlass net/infonode/gui/DimensionProvider
instanceKlass net/infonode/util/ArrayUtil
instanceKlass net/infonode/properties/propertymap/PropertyMapManager
instanceKlass net/infonode/util/Utils
instanceKlass net/infonode/util/ValueChange
instanceKlass net/infonode/util/collection/map/SingleValueMap
instanceKlass net/infonode/properties/propertymap/value/SimplePropertyValue
instanceKlass net/infonode/util/collection/map/ConstVectorMap
instanceKlass net/infonode/util/signal/Signal$SignalHookImpl
instanceKlass net/infonode/util/signal/Signal$1
instanceKlass net/infonode/util/signal/SignalHook
instanceKlass net/infonode/util/collection/map/MapAdapter
instanceKlass net/infonode/util/collection/map/base/MapIterator
instanceKlass net/infonode/util/collection/map/base/ConstMapIterator
instanceKlass net/infonode/util/signal/Signal
instanceKlass net/infonode/util/collection/notifymap/AbstractConstChangeNotifyMap
instanceKlass net/infonode/util/collection/notifymap/ChangeNotifyMap
instanceKlass net/infonode/properties/propertymap/ref/PropertyMapRef
instanceKlass net/infonode/util/signal/SignalListener
instanceKlass net/infonode/util/collection/notifymap/ConstChangeNotifyMap
instanceKlass net/infonode/util/collection/map/base/Map
instanceKlass net/infonode/util/collection/Collection
instanceKlass net/infonode/util/collection/map/base/ConstMap
instanceKlass net/infonode/util/collection/ConstCollection
instanceKlass net/infonode/properties/propertymap/PropertyMapImpl
instanceKlass net/infonode/util/Enum
instanceKlass net/infonode/properties/propertymap/value/PropertyValue
instanceKlass net/infonode/properties/propertymap/PropertyMapValueHandler
instanceKlass net/infonode/properties/util/AbstractProperty
instanceKlass net/infonode/properties/base/Property
instanceKlass net/infonode/properties/propertymap/PropertyMap
instanceKlass net/infonode/properties/util/PropertyValueHandler
instanceKlass net/infonode/properties/base/PropertyGroup
instanceKlass net/infonode/properties/propertymap/PropertyMapContainer
instanceKlass net/infonode/docking/model/ViewReader
instanceKlass net/infonode/docking/model/ViewWriter
instanceKlass net/infonode/gui/componentpainter/ComponentPainter
instanceKlass net/infonode/gui/mouse/MouseButtonListener
instanceKlass net/infonode/gui/BackgroundPainter
instanceKlass net/infonode/docking/model/WindowItem
instanceKlass net/infonode/docking/drag/DockingWindowDragger
instanceKlass net/infonode/docking/drop/DropInfo
instanceKlass net/infonode/docking/title/DockingWindowTitleProvider
instanceKlass net/infonode/docking/internalutil/DropAction
instanceKlass net/infonode/properties/propertymap/PropertyMapTreeListener
instanceKlass net/infonode/properties/propertymap/PropertyMapListener
instanceKlass org/freeplane/main/application/MapViewSerializer
instanceKlass net/infonode/gui/DynamicUIManagerListener
instanceKlass net/infonode/docking/theme/DockingWindowsTheme
instanceKlass net/infonode/docking/WindowPopupMenuFactory
instanceKlass net/infonode/docking/DockingWindowListener
instanceKlass net/infonode/docking/ViewSerializer
instanceKlass org/freeplane/main/application/MapViewDockingWindows
instanceKlass org/freeplane/plugin/ai/chat/AIModelSelection
instanceKlass  @bci org/freeplane/plugin/ai/chat/AIModelSelectionController applyModelSelectionList (Ljava/util/List;)V 15 <appendix> argL0 ; # org/freeplane/plugin/ai/chat/AIModelSelectionController$$Lambda+0x000000080061c7b0
instanceKlass org/freeplane/main/application/FreeplaneGUIStarter$3
instanceKlass javax/swing/KeyboardManager$ComponentKeyStrokePair
# instanceKlass java/lang/invoke/LambdaForm$MH+0x0000000800685000
# instanceKlass java/lang/invoke/LambdaForm$DMH+0x0000000800684c00
# instanceKlass java/lang/invoke/LambdaForm$MH+0x0000000800684800
# instanceKlass java/lang/invoke/LambdaForm$MH+0x0000000800684400
# instanceKlass java/lang/invoke/LambdaForm$DMH+0x0000000800684000
instanceKlass java/awt/image/BufferedImageOp
instanceKlass com/kitfox/svg/Tspan$TextSegment
instanceKlass java/awt/font/GlyphMetrics
instanceKlass sun/font/DelegatingShape
instanceKlass com/kitfox/svg/Tspan$Cursor
instanceKlass java/awt/font/LineMetrics
instanceKlass sun/font/CoreMetrics
instanceKlass  @bci sun/font/SunFontManager addPathToFiles (Ljava/io/FilenameFilter;Ljava/lang/String;)[Ljava/lang/String; 37 <appendix> argL0 ; # sun/font/SunFontManager$$Lambda+0x000000080056f0f0
instanceKlass  @bci sun/font/SunFontManager addPathToFiles (Ljava/io/FilenameFilter;Ljava/lang/String;)[Ljava/lang/String; 27 <appendix> member <vmtarget> ; # sun/font/SunFontManager$$Lambda+0x000000080056ee98
instanceKlass sun/font/SunFontManager$9
instanceKlass sun/font/SunFontManager$8
instanceKlass com/kitfox/svg/util/FontUtil$FontInfo
instanceKlass com/kitfox/svg/util/FontUtil
instanceKlass  @bci org/freeplane/features/layout/mindmapmode/MLayoutController$1 createComponent (Lorg/freeplane/core/ui/menubuilders/generic/Entry;)Ljava/awt/Component; 25 <appendix> member <vmtarget> ; # org/freeplane/features/layout/mindmapmode/MLayoutController$1$$Lambda+0x0000000800680250
instanceKlass org/freeplane/features/styles/mindmapmode/SelectedNodeChangeListener$4
instanceKlass org/freeplane/features/styles/mindmapmode/SelectedNodeChangeListener$3
instanceKlass org/freeplane/features/styles/mindmapmode/SelectedNodeChangeListener$2
instanceKlass org/freeplane/features/styles/mindmapmode/SelectedNodeChangeListener$1
instanceKlass org/freeplane/features/styles/mindmapmode/SelectedNodeChangeListener
instanceKlass  @bci org/freeplane/features/layout/mindmapmode/MLayoutController$1 createComponent (Lorg/freeplane/core/ui/menubuilders/generic/Entry;)Ljava/awt/Component; 14 <appendix> member <vmtarget> ; # org/freeplane/features/layout/mindmapmode/MLayoutController$1$$Lambda+0x000000080067fbe0
instanceKlass org/freeplane/core/ui/svgicons/FixSizeIconWrapper
# instanceKlass java/lang/invoke/LambdaForm$DMH+0x000000080067d000
instanceKlass  @bci org/freeplane/core/resources/components/ButtonPanelProperty <init> (Ljava/lang/String;Lorg/freeplane/core/resources/components/ButtonSelectorPanel;)V 42 <appendix> member <vmtarget> ; # org/freeplane/core/resources/components/ButtonPanelProperty$$Lambda+0x000000080067f740
instanceKlass org/freeplane/core/resources/components/ButtonSelectorPanel$2
instanceKlass  @bci org/freeplane/core/resources/components/ButtonSelectorPanel <init> (Ljava/util/Collection;Ljava/util/Collection;)V 179 <adapter> ; # java/lang/invoke/LambdaForm$MH+0x000000080067cc00
instanceKlass  @cpi org/freeplane/features/map/NodeModel 868 form vmentry <vmtarget> ; # java/lang/invoke/LambdaForm$DMH+0x000000080067c800
instanceKlass  @bci org/freeplane/core/resources/components/ButtonSelectorPanel <init> (Ljava/util/Collection;Ljava/util/Collection;)V 179 <appendix> form vmentry <vmtarget> ; # java/lang/invoke/LambdaForm$DMH+0x000000080067c400
instanceKlass  @bci org/freeplane/core/resources/components/ButtonSelectorPanel <init> (Ljava/util/Collection;Ljava/util/Collection;)V 179 <appendix> member <vmtarget> ; # org/freeplane/core/resources/components/ButtonSelectorPanel$$Lambda+0x000000080067f2c8
instanceKlass org/freeplane/core/resources/components/ButtonSelectorPanel
instanceKlass  @bci java/util/stream/Collectors toList ()Ljava/util/stream/Collector; 14 <appendix> argL0 ; # java/util/stream/Collectors$$Lambda+0x000000080056e7b0
instanceKlass  @bci java/util/stream/Collectors toList ()Ljava/util/stream/Collector; 9 <appendix> argL0 ; # java/util/stream/Collectors$$Lambda+0x000000080056e570
instanceKlass  @bci java/util/stream/Collectors toList ()Ljava/util/stream/Collector; 4 <appendix> argL0 ; # java/util/stream/Collectors$$Lambda+0x000000080056e340
instanceKlass  @bci org/freeplane/features/layout/mindmapmode/LayoutSelectorPanelFactory createLayoutSelectorPanel ()Lorg/freeplane/core/resources/components/ButtonSelectorPanel; 148 <appendix> argL0 ; # org/freeplane/features/layout/mindmapmode/LayoutSelectorPanelFactory$$Lambda+0x000000080067e8b0
instanceKlass org/freeplane/core/resources/components/ButtonSelectorPanel$ButtonIcon
instanceKlass  @bci org/freeplane/features/layout/mindmapmode/LayoutSelectorPanelFactory <clinit> ()V 17 <appendix> argL0 ; # org/freeplane/features/layout/mindmapmode/LayoutSelectorPanelFactory$$Lambda+0x000000080067e000
instanceKlass  @cpi org/freeplane/features/layout/mindmapmode/LayoutSelectorPanelFactory 261 form vmentry <vmtarget> ; # java/lang/invoke/LambdaForm$DMH+0x000000080067c000
instanceKlass org/freeplane/features/layout/mindmapmode/LayoutSelectorPanelFactory
instanceKlass  @bci org/freeplane/core/ui/menubuilders/menu/ToolbarComponentProvider createComponent (Lorg/freeplane/core/ui/menubuilders/generic/Entry;)Ljava/awt/Component; 412 <appendix> member <vmtarget> ; # org/freeplane/core/ui/menubuilders/menu/ToolbarComponentProvider$$Lambda+0x00000008006756f0
instanceKlass  @bci org/freeplane/core/ui/menubuilders/menu/ToolbarComponentProvider createComponent (Lorg/freeplane/core/ui/menubuilders/generic/Entry;)Ljava/awt/Component; 395 <appendix> argL0 ; # org/freeplane/core/ui/menubuilders/menu/ToolbarComponentProvider$$Lambda+0x0000000800675490
instanceKlass  @bci org/freeplane/core/ui/menubuilders/menu/ToolbarComponentProvider createComponent (Lorg/freeplane/core/ui/menubuilders/generic/Entry;)Ljava/awt/Component; 385 <appendix> member <vmtarget> ; # org/freeplane/core/ui/menubuilders/menu/ToolbarComponentProvider$$Lambda+0x0000000800675238
instanceKlass  @bci org/freeplane/core/ui/menubuilders/menu/JButtonWithDropdownMenu <init> (Ljava/lang/String;Ljavax/swing/Icon;)V 24 <appendix> member <vmtarget> ; # org/freeplane/core/ui/menubuilders/menu/JButtonWithDropdownMenu$$Lambda+0x0000000800675000
instanceKlass org/freeplane/core/ui/menubuilders/generic/EntryNavigatorFactory
instanceKlass org/freeplane/core/ui/menubuilders/generic/EntryNavigator
instanceKlass org/freeplane/plugin/script/ScriptingMenuEntryVisitor$2
instanceKlass org/freeplane/plugin/script/ScriptingMenuUtils
instanceKlass org/freeplane/features/icon/mindmapmode/MIconController$6
instanceKlass org/freeplane/features/icon/mindmapmode/FastAccessableIcons$ActionPanel$1
instanceKlass  @bci org/freeplane/features/icon/mindmapmode/FastAccessableIcons load (Ljava/lang/String;)V 63 <appendix> member <vmtarget> ; # org/freeplane/features/icon/mindmapmode/FastAccessableIcons$$Lambda+0x0000000800676e70
instanceKlass  @bci org/freeplane/features/icon/mindmapmode/FastAccessableIcons load (Ljava/lang/String;)V 52 <appendix> member <vmtarget> ; # org/freeplane/features/icon/mindmapmode/FastAccessableIcons$$Lambda+0x0000000800676c18
instanceKlass  @bci org/freeplane/features/icon/mindmapmode/FastAccessableIcons load (Ljava/lang/String;)V 35 <appendix> member <vmtarget> ; # org/freeplane/features/icon/mindmapmode/FastAccessableIcons$$Lambda+0x00000008006769b0
instanceKlass  @bci org/freeplane/features/icon/mindmapmode/FastAccessableIcons load (Ljava/lang/String;)V 18 <appendix> member <vmtarget> ; # org/freeplane/features/icon/mindmapmode/FastAccessableIcons$$Lambda+0x0000000800676758
instanceKlass  @bci org/freeplane/features/icon/mindmapmode/MIconController updateIconToolbar (Lorg/freeplane/features/mode/ModeController;)V 83 <appendix> member <vmtarget> ; # org/freeplane/features/icon/mindmapmode/MIconController$$Lambda+0x0000000800676510
instanceKlass sun/awt/image/PNGImageDecoder$Chromaticities
instanceKlass java/text/DontCareFieldPosition$1
instanceKlass org/freeplane/core/ui/svgicons/FreeplaneIconFactory$1
# instanceKlass java/lang/invoke/LambdaForm$MH+0x0000000800674000
instanceKlass org/freeplane/features/filter/ExactStringMatchingStrategy
instanceKlass org/freeplane/features/filter/PseudoDamerauLevenshtein
instanceKlass org/freeplane/features/filter/EditDistanceStringMatchingStrategy
instanceKlass org/freeplane/features/filter/StringMatchingStrategy
instanceKlass org/apache/batik/swing/gvt/GVTTreeRendererListener
instanceKlass org/freeplane/plugin/svg/SvgViewerFactory
instanceKlass org/apache/fop/configuration/Configuration
instanceKlass org/apache/batik/svggen/ErrorConstants
instanceKlass org/apache/batik/svggen/SVGSyntax
instanceKlass org/apache/batik/util/SVGConstants
instanceKlass org/apache/batik/constants/XMLConstants
instanceKlass org/apache/batik/util/CSSConstants
instanceKlass org/apache/batik/svggen/ExtensionHandler
instanceKlass org/freeplane/plugin/svg/ExportVectorGraphic
instanceKlass java/security/AllPermissionCollection$1
instanceKlass org/knopflerfish/framework/permissions/PermissionsWrapper$1
instanceKlass org/freeplane/plugin/script/ScriptComboBoxEditor$1
instanceKlass org/freeplane/plugin/script/ScriptComboBoxEditor
instanceKlass org/freeplane/plugin/script/filter/ScriptConditionController
instanceKlass org/freeplane/plugin/script/ScriptingMenuEntryVisitor
instanceKlass org/freeplane/plugin/script/ScriptingPermissions
instanceKlass  @bci java/io/ObjectInputFilter$Config <clinit> ()V 368 <appendix> argL0 ; # java/io/ObjectInputFilter$Config$$Lambda+0x000000080056a420
instanceKlass jdk/internal/access/JavaObjectInputFilterAccess
instanceKlass java/io/ObjectInputFilter$Config$BuiltinFilterFactory
instanceKlass  @bci java/io/ObjectInputFilter$Config <clinit> ()V 80 <appendix> argL0 ; # java/io/ObjectInputFilter$Config$$Lambda+0x0000000800569d88
instanceKlass  @bci java/io/ObjectInputFilter$Config <clinit> ()V 56 <appendix> argL0 ; # java/io/ObjectInputFilter$Config$$Lambda+0x0000000800569b58
instanceKlass  @bci sun/util/logging/internal/LoggingProviderImpl demandJULLoggerFor (Ljava/lang/String;Ljava/lang/Module;)Ljava/util/logging/Logger; 27 <appendix> member <vmtarget> ; # sun/util/logging/internal/LoggingProviderImpl$$Lambda+0x0000000800569920
instanceKlass  @bci jdk/internal/logger/LazyLoggers getLoggerFromFinder (Ljava/lang/String;Ljava/lang/Module;)Ljava/lang/System$Logger; 19 <appendix> member <vmtarget> ; # jdk/internal/logger/LazyLoggers$$Lambda+0x00000008005696e8
instanceKlass java/io/ObjectInputFilter
instanceKlass java/io/ObjectInputFilter$Config
instanceKlass java/io/ObjectInputStream$ValidationList
instanceKlass java/io/ObjectInputStream$HandleTable$HandleList
instanceKlass java/io/ObjectInputStream$HandleTable
instanceKlass  @bci java/io/ObjectInputStream <clinit> ()V 100 <appendix> argL0 ; # java/io/ObjectInputStream$$Lambda+0x0000000800567b58
instanceKlass jdk/internal/access/JavaObjectInputStreamReadString
instanceKlass  @bci java/io/ObjectInputStream <clinit> ()V 92 <appendix> argL0 ; # java/io/ObjectInputStream$$Lambda+0x0000000800567718
instanceKlass jdk/internal/access/JavaObjectInputStreamAccess
instanceKlass java/io/ObjectStreamConstants
instanceKlass java/io/ObjectInput
instanceKlass org/apache/commons/lang/text/StrTokenizer
instanceKlass org/apache/commons/lang/text/StrBuilder
instanceKlass org/freeplane/plugin/script/ScriptingGuiConfiguration$ScriptMetaData
instanceKlass org/freeplane/plugin/script/ScriptingRegistration$7
instanceKlass org/apache/commons/lang/ObjectUtils$Null
instanceKlass org/apache/commons/lang/exception/Nestable
instanceKlass org/apache/commons/lang/ObjectUtils
instanceKlass java/net/URLClassLoader$3$1
instanceKlass javax/script/ScriptEngine
instanceKlass org/codehaus/groovy/jsr223/GroovyScriptEngineFactory
instanceKlass org/freeplane/plugin/script/ScriptClassLoader$3
instanceKlass java/net/URLClassLoader$3
instanceKlass org/freeplane/plugin/script/ScriptClassLoader$2
instanceKlass  @bci javax/script/ScriptEngineManager initEngines (Ljava/lang/ClassLoader;)V 2 <appendix> member <vmtarget> ; # javax/script/ScriptEngineManager$$Lambda+0x0000000800668430
instanceKlass javax/script/SimpleBindings
instanceKlass  @bci java/util/Comparator comparing (Ljava/util/function/Function;Ljava/util/Comparator;)Ljava/util/Comparator; 12 <appendix> member <vmtarget> ; # java/util/Comparator$$Lambda+0x0000000800566298
instanceKlass java/util/Comparators$NullComparator
instanceKlass  @bci javax/script/ScriptEngineManager <clinit> ()V 0 <appendix> argL0 ; # javax/script/ScriptEngineManager$$Lambda+0x0000000800661c20
instanceKlass javax/script/ScriptEngineFactory
instanceKlass javax/script/Bindings
instanceKlass javax/script/ScriptEngineManager
instanceKlass javax/script/ScriptContext
instanceKlass org/freeplane/plugin/script/ScriptingGuiConfiguration
instanceKlass org/freeplane/plugin/script/ScriptingRegistration$3
instanceKlass org/freeplane/main/addons/AddOnInstaller
instanceKlass org/freeplane/plugin/script/ScriptingRegistration$4
instanceKlass  @bci org/freeplane/plugin/script/CompiledScriptCleaner removeOutdatedCompiledScripts (Z)V 30 <adapter> ; # java/lang/invoke/LambdaForm$MH+0x0000000800661000
instanceKlass  @bci org/freeplane/plugin/script/CompiledScriptCleaner removeOutdatedCompiledScripts (Z)V 30 <appendix> form vmentry <vmtarget> ; # java/lang/invoke/LambdaForm$DMH+0x0000000800660c00
instanceKlass  @bci org/freeplane/plugin/script/CompiledScriptCleaner removeOutdatedCompiledScripts (Z)V 30 <appendix> member <vmtarget> ; # org/freeplane/plugin/script/CompiledScriptCleaner$$Lambda+0x00000008006626b0
instanceKlass  @cpi org/freeplane/plugin/script/CompiledScriptCleaner 286 form vmentry <vmtarget> ; # java/lang/invoke/LambdaForm$DMH+0x0000000800660800
instanceKlass  @bci org/freeplane/plugin/script/CompiledScriptCleaner calculateLastDependencyModificationTime (Ljava/io/File;)J 58 <appendix> argL0 ; # org/freeplane/plugin/script/CompiledScriptCleaner$$Lambda+0x0000000800662480
instanceKlass  @bci org/freeplane/plugin/script/CompiledScriptCleaner calculateLastDependencyModificationTime (Ljava/io/File;)J 47 <appendix> argL0 ; # org/freeplane/plugin/script/CompiledScriptCleaner$$Lambda+0x0000000800662250
instanceKlass  @cpi org/freeplane/plugin/script/CompiledScriptCleaner 283 form vmentry <vmtarget> ; # java/lang/invoke/LambdaForm$DMH+0x0000000800660400
instanceKlass  @bci org/freeplane/plugin/script/CompiledScriptCleaner calculateLastDependencyModificationTime (Ljava/io/File;)J 37 <appendix> argL0 ; # org/freeplane/plugin/script/CompiledScriptCleaner$$Lambda+0x0000000800662000
instanceKlass  @bci org/freeplane/plugin/script/CompiledScriptCleaner calculateLastDependencyModificationTime (Ljava/io/File;)J 27 <appendix> argL0 ; # org/freeplane/plugin/script/CompiledScriptCleaner$$Lambda+0x000000080065dd20
instanceKlass  @bci java/nio/file/Files walk (Ljava/nio/file/Path;I[Ljava/nio/file/FileVisitOption;)Ljava/util/stream/Stream; 43 <appendix> argL0 ; # java/nio/file/Files$$Lambda+0x00000008005656b8
instanceKlass  @bci java/nio/file/Files walk (Ljava/nio/file/Path;I[Ljava/nio/file/FileVisitOption;)Ljava/util/stream/Stream; 30 <appendix> member <vmtarget> ; # java/nio/file/Files$$Lambda+0x0000000800565480
instanceKlass java/nio/file/FileTreeWalker$Event
instanceKlass java/nio/file/FileTreeWalker$DirectoryNode
instanceKlass java/nio/file/FileTreeWalker$1
instanceKlass java/nio/file/FileTreeWalker
instanceKlass java/nio/file/FileTreeIterator
instanceKlass sun/nio/fs/WindowsUriSupport
instanceKlass java/util/stream/ReduceOps$8ReducingSink
instanceKlass java/util/stream/Sink$OfLong
instanceKlass java/util/function/LongConsumer
instanceKlass  @bci org/freeplane/plugin/script/CompiledScriptCleaner calculateLastDependencyModificationTime ()J 30 <appendix> argL0 ; # org/freeplane/plugin/script/CompiledScriptCleaner$$Lambda+0x000000080065daf0
instanceKlass java/util/function/LongBinaryOperator
instanceKlass java/util/stream/LongStream
instanceKlass  @bci org/freeplane/plugin/script/CompiledScriptCleaner calculateLastDependencyModificationTime ()J 19 <appendix> member <vmtarget> ; # org/freeplane/plugin/script/CompiledScriptCleaner$$Lambda+0x000000080065d8b8
instanceKlass java/util/function/ToLongFunction
instanceKlass  @bci org/freeplane/plugin/script/CompiledScriptCleaner calculateLastDependencyModificationTime ()J 8 <appendix> argL0 ; # org/freeplane/plugin/script/CompiledScriptCleaner$$Lambda+0x000000080065d668
instanceKlass org/freeplane/plugin/script/CompiledScriptCleaner
instanceKlass javax/xml/stream/events/DTD
instanceKlass javax/xml/stream/XMLEventFactory
instanceKlass com/sun/xml/internal/stream/writers/XMLStreamWriterImpl$NamespaceContextImpl
instanceKlass com/sun/xml/internal/stream/writers/XMLStreamWriterImpl$ElementStack
instanceKlass com/sun/xml/internal/stream/writers/XMLStreamWriterBase
instanceKlass javax/xml/stream/XMLStreamWriter
instanceKlass javax/xml/transform/stream/StreamResult
instanceKlass com/sun/xml/internal/stream/writers/XMLEventWriterImpl
instanceKlass javax/xml/stream/XMLEventWriter
instanceKlass javax/xml/stream/util/XMLEventConsumer
instanceKlass javax/xml/stream/XMLOutputFactory
instanceKlass  @bci org/apache/commons/io/FileUtils listFiles (Ljava/io/File;Ljava/util/List;ZLjava/io/FilenameFilter;)V 57 <appendix> member <vmtarget> ; # org/apache/commons/io/FileUtils$$Lambda+0x0000000800664000
instanceKlass  @bci org/apache/commons/io/filefilter/SuffixFileFilter accept (Ljava/lang/String;)Z 9 <appendix> member <vmtarget> ; # org/apache/commons/io/filefilter/SuffixFileFilter$$Lambda+0x0000000800627c20
instanceKlass  @bci org/apache/commons/io/FileUtils listFiles (Ljava/io/File;Ljava/util/List;ZLjava/io/FilenameFilter;)V 39 <adapter> ; # java/lang/invoke/LambdaForm$MH+0x0000000800660000
# instanceKlass java/lang/invoke/LambdaForm$DMH+0x000000080065cc00
instanceKlass  @bci org/apache/commons/io/FileUtils listFiles (Ljava/io/File;Ljava/util/List;ZLjava/io/FilenameFilter;)V 39 <appendix> form vmentry <vmtarget> ; # java/lang/invoke/LambdaForm$DMH+0x000000080065c800
instanceKlass  @bci org/apache/commons/io/FileUtils listFiles (Ljava/io/File;Ljava/util/List;ZLjava/io/FilenameFilter;)V 39 <appendix> member <vmtarget> ; # org/apache/commons/io/FileUtils$$Lambda+0x00000008006279d8
instanceKlass  @cpi org/apache/commons/io/FileUtils 1689 form vmentry <vmtarget> ; # java/lang/invoke/LambdaForm$DMH+0x000000080065c400
instanceKlass org/apache/commons/io/FilenameUtils
instanceKlass  @bci org/apache/commons/io/FileUtils toSuffixes ([Ljava/lang/String;)[Ljava/lang/String; 23 <appendix> argL0 ; # org/apache/commons/io/FileUtils$$Lambda+0x0000000800626cc0
instanceKlass  @bci org/apache/commons/io/FileUtils toSuffixes ([Ljava/lang/String;)[Ljava/lang/String; 13 <appendix> argL0 ; # org/apache/commons/io/FileUtils$$Lambda+0x0000000800626a70
instanceKlass org/apache/commons/io/filefilter/AbstractFileFilter
instanceKlass org/apache/commons/io/file/PathVisitor
instanceKlass org/apache/commons/io/filefilter/IOFileFilter
instanceKlass java/nio/file/PathMatcher
instanceKlass java/nio/file/FileVisitor
instanceKlass org/apache/commons/io/file/PathFilter
instanceKlass org/apache/commons/io/FileUtils
instanceKlass javax/xml/stream/events/EndDocument
instanceKlass javax/xml/stream/events/EndElement
instanceKlass javax/xml/stream/events/Characters
instanceKlass com/sun/xml/internal/stream/util/ReadOnlyIterator
instanceKlass com/sun/org/apache/xerces/internal/util/NamespaceSupport$Prefixes
instanceKlass javax/xml/stream/events/Attribute
instanceKlass javax/xml/namespace/QName
instanceKlass javax/xml/stream/events/StartElement
instanceKlass com/sun/org/apache/xerces/internal/impl/XMLStreamReaderImpl$1
instanceKlass com/sun/xml/internal/stream/events/DummyEvent$DummyLocation
instanceKlass javax/xml/stream/Location
instanceKlass com/sun/xml/internal/stream/events/DummyEvent
instanceKlass javax/xml/stream/events/StartDocument
instanceKlass com/sun/xml/internal/stream/events/XMLEventAllocatorImpl
instanceKlass javax/xml/stream/util/XMLEventAllocator
instanceKlass com/sun/org/apache/xerces/internal/util/NamespaceContextWrapper
instanceKlass javax/xml/namespace/NamespaceContext
instanceKlass com/sun/org/apache/xerces/internal/impl/XMLStreamReaderImpl
instanceKlass javax/xml/stream/XMLStreamReader
instanceKlass com/sun/xml/internal/stream/XMLEventReaderImpl
instanceKlass javax/xml/stream/XMLEventReader
instanceKlass  @bci javax/xml/stream/FactoryFinder newInstance (Ljava/lang/Class;Ljava/lang/String;Ljava/lang/ClassLoader;ZZ)Ljava/lang/Object; 104 <appendix> member <vmtarget> ; # javax/xml/stream/FactoryFinder$$Lambda+0x00000008005587d8
instanceKlass com/sun/org/apache/xerces/internal/impl/PropertyManager
instanceKlass  @bci javax/xml/stream/FactoryFinder find (Ljava/lang/Class;Ljava/lang/String;Ljava/lang/ClassLoader;Ljava/lang/String;)Ljava/lang/Object; 168 <appendix> member <vmtarget> ; # javax/xml/stream/FactoryFinder$$Lambda+0x0000000800558070
instanceKlass javax/xml/stream/FactoryFinder$1
instanceKlass  @bci javax/xml/stream/FactoryFinder find (Ljava/lang/Class;Ljava/lang/String;Ljava/lang/ClassLoader;Ljava/lang/String;)Ljava/lang/Object; 1 <appendix> member <vmtarget> ; # javax/xml/stream/FactoryFinder$$Lambda+0x0000000800557bf8
instanceKlass javax/xml/stream/FactoryFinder
instanceKlass javax/xml/stream/XMLInputFactory
instanceKlass javax/xml/stream/events/XMLEvent
instanceKlass javax/xml/stream/XMLStreamConstants
instanceKlass org/freeplane/plugin/script/PrecompiledClasses
instanceKlass org/freeplane/plugin/script/GroovyStaticImports
instanceKlass  @bci java/util/stream/Collectors castingIdentity ()Ljava/util/function/Function; 0 <appendix> argL0 ; # java/util/stream/Collectors$$Lambda+0x0000000800556e18
instanceKlass  @bci java/util/stream/Collectors toSet ()Ljava/util/stream/Collector; 14 <appendix> argL0 ; # java/util/stream/Collectors$$Lambda+0x0000000800556bc0
instanceKlass  @bci java/util/stream/Collectors toSet ()Ljava/util/stream/Collector; 9 <appendix> argL0 ; # java/util/stream/Collectors$$Lambda+0x0000000800556980
instanceKlass  @bci java/util/stream/Collectors toSet ()Ljava/util/stream/Collector; 4 <appendix> argL0 ; # java/util/stream/Collectors$$Lambda+0x0000000800556750
instanceKlass  @bci org/codehaus/groovy/ast/ClassHelper <clinit> ()V 1327 <appendix> argL0 ; # org/codehaus/groovy/ast/ClassHelper$$Lambda+0x000000080065f5e0
instanceKlass groovy/lang/GroovyInterceptable
instanceKlass sun/reflect/generics/tree/Wildcard
instanceKlass sun/reflect/generics/tree/BottomSignature
instanceKlass java/lang/Deprecated
instanceKlass java/lang/Override
instanceKlass groovy/transform/Sealed
instanceKlass java/lang/invoke/SerializedLambda
instanceKlass  @bci org/codehaus/groovy/ast/ClassNode <init> (Ljava/lang/String;ILorg/codehaus/groovy/ast/ClassNode;[Lorg/codehaus/groovy/ast/ClassNode;[Lorg/codehaus/groovy/ast/MixinNode;)V 107 <appendix> argL0 ; # org/codehaus/groovy/ast/ClassNode$$Lambda+0x000000080065ecb8
instanceKlass  @bci org/codehaus/groovy/vmplugin/v9/Java9 <clinit> ()V 149 <appendix> argL0 ; # org/codehaus/groovy/vmplugin/v9/Java9$$Lambda+0x000000080065e4d0
instanceKlass  @bci org/codehaus/groovy/vmplugin/v9/Java9 isExported (Ljava/lang/module/ModuleDescriptor;Ljava/lang/String;)Z 10 <appendix> member <vmtarget> ; # org/codehaus/groovy/vmplugin/v9/Java9$$Lambda+0x000000080065e268
instanceKlass  @bci java/util/stream/MatchOps makeRef (Ljava/util/function/Predicate;Ljava/util/stream/MatchOps$MatchKind;)Ljava/util/stream/TerminalOp; 20 <appendix> member <vmtarget> ; # java/util/stream/MatchOps$$Lambda+0x0000000800555720
instanceKlass java/util/stream/MatchOps$BooleanTerminalSink
instanceKlass java/util/stream/MatchOps$MatchOp
instanceKlass java/util/stream/MatchOps
instanceKlass  @bci org/codehaus/groovy/vmplugin/v9/Java9 isOpen (Ljava/lang/module/ModuleDescriptor;Ljava/lang/String;)Z 10 <appendix> member <vmtarget> ; # org/codehaus/groovy/vmplugin/v9/Java9$$Lambda+0x000000080065e000
instanceKlass  @bci org/codehaus/groovy/vmplugin/v9/Java9 lambda$static$7 (Ljava/util/Map;Ljava/lang/module/ModuleDescriptor;)V 6 <appendix> member <vmtarget> ; # org/codehaus/groovy/vmplugin/v9/Java9$$Lambda+0x000000080065bcd8
instanceKlass  @cpi org/freeplane/view/swing/map/outline/OutlineGeometry 306 form vmentry <vmtarget> ; # java/lang/invoke/LambdaForm$DMH+0x000000080065c000
instanceKlass  @bci org/codehaus/groovy/vmplugin/v9/Java9 <clinit> ()V 37 <appendix> member <vmtarget> ; # org/codehaus/groovy/vmplugin/v9/Java9$$Lambda+0x000000080065ba90
instanceKlass  @bci org/codehaus/groovy/vmplugin/v9/Java9 <clinit> ()V 26 <appendix> argL0 ; # org/codehaus/groovy/vmplugin/v9/Java9$$Lambda+0x000000080065b840
instanceKlass jdk/internal/module/SystemModules$all
instanceKlass  @bci java/lang/module/ModuleFinder ofSystem ()Ljava/lang/module/ModuleFinder; 21 <appendix> argL0 ; # java/lang/module/ModuleFinder$$Lambda+0x0000000800554700
instanceKlass org/codehaus/groovy/ast/Variable
instanceKlass org/codehaus/groovy/vmplugin/v8/Java8
instanceKlass org/codehaus/groovy/runtime/NumberAwareComparator
instanceKlass org/codehaus/groovy/runtime/StreamGroovyMethods
instanceKlass org/codehaus/groovy/runtime/EncodingGroovyMethods
instanceKlass org/codehaus/groovy/reflection/ParameterTypes
instanceKlass groovy/util/BufferedIterator
instanceKlass java/util/TimerTask
instanceKlass org/codehaus/groovy/runtime/DefaultGroovyMethodsSupport
instanceKlass java/util/Collections$UnmodifiableMap$UnmodifiableEntrySet$UnmodifiableEntry
instanceKlass  @bci org/codehaus/groovy/vmplugin/VMPluginFactory createPlugin ()Lorg/codehaus/groovy/vmplugin/VMPlugin; 0 <appendix> argL0 ; # org/codehaus/groovy/vmplugin/VMPluginFactory$$Lambda+0x000000080064ebf8
instanceKlass org/codehaus/groovy/vmplugin/VMPluginFactory
instanceKlass org/apache/groovy/util/concurrent/ConcurrentReferenceHashMap$KeyReference
instanceKlass org/codehaus/groovy/ast/ClassNode$MapOfLists
instanceKlass org/codehaus/groovy/ast/ASTNode
instanceKlass org/codehaus/groovy/ast/NodeMetaDataHandler
instanceKlass groovy/lang/groovydoc/GroovydocHolder
instanceKlass org/apache/groovy/util/concurrent/ConcurrentReferenceHashMap$HashEntry
instanceKlass org/codehaus/groovy/ast/ClassHelper$ClassHelperCache
instanceKlass org/codehaus/groovy/runtime/GeneratedLambda
instanceKlass org/codehaus/groovy/runtime/GeneratedClosure
instanceKlass groovy/lang/MetaClass
instanceKlass groovy/lang/MetaObjectProtocol
instanceKlass groovy/lang/Range
instanceKlass groovy/lang/Buildable
instanceKlass groovy/lang/Writable
instanceKlass groovy/lang/GroovyCallable
instanceKlass org/codehaus/groovy/ast/ClassHelper
instanceKlass org/codehaus/groovy/control/customizers/ImportCustomizer$Import
instanceKlass org/codehaus/groovy/control/messages/Message
instanceKlass org/codehaus/groovy/control/customizers/CompilationCustomizer
instanceKlass groovy/lang/GroovyObjectSupport
instanceKlass groovy/lang/GroovyObject
instanceKlass org/freeplane/plugin/script/GroovyScript
instanceKlass org/apache/groovy/util/SystemUtil
instanceKlass org/codehaus/groovy/vmplugin/VMPlugin
instanceKlass org/apache/groovy/util/Maps
instanceKlass org/codehaus/groovy/GroovyExceptionInterface
instanceKlass org/codehaus/groovy/control/CompilerConfiguration
instanceKlass groovy/lang/GroovyClassLoader$1
instanceKlass org/codehaus/groovy/runtime/memoize/CommonCache
instanceKlass java/util/concurrent/locks/StampedLock
instanceKlass org/codehaus/groovy/runtime/memoize/StampedCommonCache
instanceKlass org/codehaus/groovy/runtime/memoize/ValueConvertable
instanceKlass org/codehaus/groovy/runtime/memoize/UnlimitedConcurrentCache
instanceKlass org/freeplane/plugin/script/GenericScript
instanceKlass org/freeplane/plugin/script/IScript
instanceKlass org/codehaus/groovy/control/CompilationUnit$IPrimaryClassNodeOperation
instanceKlass org/codehaus/groovy/control/CompilationUnit$PhaseOperation
instanceKlass org/codehaus/groovy/control/CompilationUnit$ClassgenCallback
instanceKlass groovy/lang/GroovyResourceLoader
instanceKlass org/codehaus/groovy/runtime/memoize/EvictableCache
instanceKlass org/codehaus/groovy/runtime/memoize/MemoizeCache
instanceKlass org/codehaus/groovy/control/ProcessingUnit
instanceKlass org/freeplane/plugin/script/ClasspathScriptCompiler
instanceKlass  @bci org/freeplane/plugin/script/ScriptingConfiguration addPluginDefaults ()V 44 <appendix> member <vmtarget> ; # org/freeplane/plugin/script/ScriptingConfiguration$$Lambda+0x0000000800638e38
instanceKlass org/freeplane/plugin/script/ScriptResources$1
instanceKlass org/freeplane/plugin/script/IFreeplaneScriptErrorHandler
instanceKlass org/freeplane/plugin/script/ScriptResources
instanceKlass org/freeplane/plugin/script/ScriptingConfiguration$1
instanceKlass org/freeplane/plugin/script/FreeplaneScriptBaseClass$ConfigProperties
instanceKlass org/freeplane/plugin/script/ScriptingConfiguration
instanceKlass org/freeplane/plugin/script/ScriptingRegistration$5
instanceKlass org/freeplane/main/addons/AddOnsController$1
instanceKlass org/freeplane/main/addons/AddOnsController
instanceKlass org/freeplane/plugin/script/ScriptingRegistration$2
instanceKlass org/freeplane/features/script/IScriptStarter
instanceKlass org/freeplane/plugin/script/ScriptEditorPanel$IScriptModel
instanceKlass org/freeplane/plugin/script/ScriptingRegistration$1
instanceKlass org/freeplane/core/ui/menubuilders/generic/BuildPhaseListener
instanceKlass org/freeplane/main/addons/AddOnProperties
instanceKlass org/freeplane/plugin/script/ScriptingRegistration
instanceKlass org/freeplane/plugin/openmaps/OpenMapsRegistration$1
instanceKlass org/freeplane/plugin/openmaps/OpenMapsNodeHook$2
instanceKlass org/freeplane/plugin/openmaps/OpenMapsExtension
instanceKlass org/openstreetmap/gui/jmapviewer/interfaces/ICoordinate
instanceKlass org/freeplane/plugin/openmaps/LocationChoosenListener
instanceKlass org/freeplane/features/icon/IconMouseListener
instanceKlass org/freeplane/plugin/openmaps/OpenMapsRegistration
instanceKlass org/freeplane/core/resources/components/OptionPanelBuilder$5
instanceKlass org/freeplane/plugin/latex/LatexExtension
instanceKlass  @bci org/freeplane/plugin/jsyntaxpane/Activator initJSyntaxPane (Lorg/osgi/framework/BundleContext;)V 124 <appendix> member <vmtarget> ; # org/freeplane/plugin/jsyntaxpane/Activator$$Lambda+0x000000080062f3d0
instanceKlass  @cpi org/freeplane/core/ui/menubuilders/menu/ToolbarComponentProvider 277 form vmentry <vmtarget> ; # java/lang/invoke/LambdaForm$DMH+0x0000000800630000
instanceKlass  @bci org/freeplane/plugin/jsyntaxpane/Activator configureDarkTheme (Lde/sciss/syntaxpane/util/Configuration;)V 38 <appendix> member <vmtarget> ; # org/freeplane/plugin/jsyntaxpane/Activator$$Lambda+0x000000080062f188
instanceKlass de/sciss/syntaxpane/lexers/EmptyLexer
instanceKlass de/sciss/syntaxpane/lexers/DefaultJFlexLexer
instanceKlass de/sciss/syntaxpane/Lexer
instanceKlass de/sciss/syntaxpane/util/JarServiceProvider
instanceKlass de/sciss/syntaxpane/util/Configuration
instanceKlass java/util/logging/LogManager$6
instanceKlass org/freeplane/plugin/formula/FormulaUpdateChangeListener
instanceKlass org/freeplane/view/swing/ui/mindmapmode/INodeSelector
instanceKlass org/freeplane/features/text/mindmapmode/ConditionalContentTransformer
instanceKlass org/freeplane/plugin/formula/dependencies/ActionFactory
instanceKlass org/freeplane/plugin/formula/FormulaPluginUtils
instanceKlass org/freeplane/core/resources/components/OptionPanelBuilder$12
instanceKlass org/freeplane/core/resources/components/OptionPanelBuilder$13
instanceKlass  @bci org/freeplane/plugin/ai/mcpserver/ModelContextProtocolServer <init> (Lorg/freeplane/plugin/ai/tools/AIToolSet;Lcom/fasterxml/jackson/databind/ObjectMapper;Lorg/freeplane/core/resources/ResourceController;Lorg/freeplane/plugin/ai/mcpserver/MCPAuthenticator;)V 96 <appendix> member <vmtarget> ; # org/freeplane/plugin/ai/mcpserver/ModelContextProtocolServer$$Lambda+0x000000080061c578
instanceKlass org/freeplane/plugin/ai/tools/utilities/ToolExecutorRegistry
instanceKlass org/freeplane/plugin/ai/tools/connectors/ConnectorEditRequestItem
instanceKlass dev/langchain4j/model/chat/request/json/JsonBooleanSchema$Builder
instanceKlass dev/langchain4j/model/chat/request/json/JsonBooleanSchema
instanceKlass org/freeplane/plugin/ai/tools/content/EditableContentRequest
instanceKlass org/freeplane/plugin/ai/tools/move/SummaryAnchorPlacement
instanceKlass org/freeplane/plugin/ai/tools/content/AttributeEntry
instanceKlass org/freeplane/plugin/ai/tools/content/NodeContentWriteRequest
instanceKlass org/freeplane/plugin/ai/tools/create/NodeCreationItem
instanceKlass org/freeplane/plugin/ai/tools/create/AnchorPlacement
instanceKlass org/freeplane/plugin/ai/tools/utilities/EventDispatchToolExecutor
instanceKlass dev/langchain4j/service/tool/DefaultToolExecutor$Builder
instanceKlass dev/langchain4j/service/tool/DefaultToolExecutor
instanceKlass com/fasterxml/jackson/databind/deser/std/NumberDeserializers
instanceKlass com/fasterxml/jackson/databind/annotation/JacksonStdImpl
instanceKlass com/fasterxml/jackson/databind/deser/ContextualKeyDeserializer
instanceKlass com/fasterxml/jackson/databind/deser/BasicDeserializerFactory$ContainerDefaultMappings
instanceKlass com/fasterxml/jackson/databind/type/TypeBindings$AsKey
instanceKlass com/fasterxml/jackson/databind/type/TypeBindings$TypeParamStash
instanceKlass com/fasterxml/jackson/databind/util/ArrayBuilders
instanceKlass com/fasterxml/jackson/databind/ObjectMapper$1
instanceKlass com/fasterxml/jackson/databind/ObjectMapper$2
instanceKlass com/fasterxml/jackson/databind/introspect/VisibilityChecker$1
instanceKlass com/fasterxml/jackson/databind/cfg/MapperBuilder
instanceKlass com/fasterxml/jackson/databind/deser/Deserializers$Base
instanceKlass com/fasterxml/jackson/databind/type/ClassKey
instanceKlass com/fasterxml/jackson/databind/ser/Serializers$Base
instanceKlass com/fasterxml/jackson/core/Version
instanceKlass com/fasterxml/jackson/databind/Module
instanceKlass dev/langchain4j/internal/JacksonJsonCodec
instanceKlass  @bci dev/langchain4j/spi/ServiceHelper loadAll (Ljava/util/ServiceLoader;)Ljava/util/List; 18 <appendix> member <vmtarget> ; # dev/langchain4j/spi/ServiceHelper$$Lambda+0x000000080060f648
instanceKlass dev/langchain4j/spi/ServiceHelper
instanceKlass dev/langchain4j/spi/json/JsonCodecFactory
instanceKlass dev/langchain4j/internal/Json$JsonCodec
instanceKlass dev/langchain4j/internal/Json
instanceKlass  @bci dev/langchain4j/agent/tool/ToolSpecifications parametersFrom ([Ljava/lang/reflect/Parameter;)Ldev/langchain4j/model/chat/request/json/JsonObjectSchema; 187 <appendix> member <vmtarget> ; # dev/langchain4j/agent/tool/ToolSpecifications$$Lambda+0x000000080060ebb0
instanceKlass com/fasterxml/jackson/annotation/JsonInclude
instanceKlass dev/langchain4j/model/chat/request/json/JsonObjectSchema$Builder
instanceKlass dev/langchain4j/model/chat/request/json/JsonObjectSchema
instanceKlass dev/langchain4j/model/chat/request/json/JsonIntegerSchema$Builder
instanceKlass dev/langchain4j/model/chat/request/json/JsonIntegerSchema
instanceKlass  @bci dev/langchain4j/internal/JsonSchemaElementUtils jsonSchemaElementFrom (Ljava/lang/Class;Ljava/lang/reflect/Type;Ljava/lang/String;ZLjava/util/Map;)Ldev/langchain4j/model/chat/request/json/JsonSchemaElement; 102 <appendix> argL0 ; # dev/langchain4j/internal/JsonSchemaElementUtils$$Lambda+0x000000080060ae88
instanceKlass dev/langchain4j/model/chat/request/json/JsonEnumSchema$Builder
instanceKlass dev/langchain4j/model/chat/request/json/JsonEnumSchema
instanceKlass dev/langchain4j/model/chat/request/json/JsonArraySchema$Builder
instanceKlass dev/langchain4j/model/chat/request/json/JsonArraySchema
instanceKlass org/freeplane/plugin/ai/tools/edit/NodeContentEditItem
instanceKlass dev/langchain4j/model/chat/request/json/JsonStringSchema$Builder
instanceKlass dev/langchain4j/model/chat/request/json/JsonStringSchema
instanceKlass dev/langchain4j/model/output/structured/Description
instanceKlass dev/langchain4j/internal/JsonSchemaElementUtils$VisitedClassMetadata
instanceKlass dev/langchain4j/model/chat/request/json/JsonReferenceSchema$Builder
instanceKlass dev/langchain4j/model/chat/request/json/JsonReferenceSchema
instanceKlass sun/security/provider/ByteArrayAccess$LE
instanceKlass dev/langchain4j/internal/JsonSchemaElementUtils
instanceKlass sun/reflect/generics/tree/MethodTypeSignature
instanceKlass  @bci dev/langchain4j/agent/tool/ToolSpecifications parametersFrom ([Ljava/lang/reflect/Parameter;)Ldev/langchain4j/model/chat/request/json/JsonObjectSchema; 111 <appendix> argL0 ; # dev/langchain4j/agent/tool/ToolSpecifications$$Lambda+0x0000000800608630
instanceKlass  @cpi dev/langchain4j/agent/tool/ToolSpecifications 383 form vmentry <vmtarget> ; # java/lang/invoke/LambdaForm$DMH+0x000000080060c000
instanceKlass dev/langchain4j/agent/tool/P
instanceKlass dev/langchain4j/invocation/InvocationContext
instanceKlass dev/langchain4j/invocation/LangChain4jManaged
instanceKlass dev/langchain4j/invocation/InvocationParameters
instanceKlass dev/langchain4j/agent/tool/ToolMemoryId
instanceKlass javax/swing/Timer$1
instanceKlass org/slf4j/spi/LoggingEventBuilder
instanceKlass org/slf4j/helpers/NamedLoggerBase
instanceKlass org/slf4j/helpers/Reporter
instanceKlass  @bci org/slf4j/LoggerFactory getServiceLoader (Ljava/lang/ClassLoader;)Ljava/util/ServiceLoader; 19 <appendix> member <vmtarget> ; # org/slf4j/LoggerFactory$$Lambda+0x00000008006037d0
instanceKlass org/slf4j/helpers/Util
instanceKlass org/slf4j/helpers/NOPMDCAdapter
instanceKlass org/slf4j/helpers/NOPLoggerFactory
instanceKlass org/slf4j/helpers/NOP_FallbackServiceProvider
instanceKlass org/slf4j/helpers/ThreadLocalMapOfStacks
instanceKlass org/slf4j/helpers/BasicMDCAdapter
instanceKlass org/slf4j/Marker
instanceKlass org/slf4j/helpers/BasicMarkerFactory
instanceKlass org/slf4j/Logger
instanceKlass org/slf4j/helpers/SubstituteLoggerFactory
instanceKlass org/slf4j/ILoggerFactory
instanceKlass org/slf4j/spi/MDCAdapter
instanceKlass org/slf4j/IMarkerFactory
instanceKlass org/slf4j/helpers/SubstituteServiceProvider
instanceKlass org/slf4j/event/LoggingEvent
instanceKlass org/slf4j/spi/SLF4JServiceProvider
instanceKlass org/slf4j/LoggerFactory
instanceKlass dev/langchain4j/internal/Utils
instanceKlass dev/langchain4j/agent/tool/ToolSpecification$Builder
instanceKlass dev/langchain4j/agent/tool/ToolSpecification
instanceKlass dev/langchain4j/agent/tool/ToolSpecifications$1
instanceKlass dev/langchain4j/agent/tool/ToolSpecifications
instanceKlass dev/langchain4j/agent/tool/Tool
instanceKlass org/freeplane/plugin/ai/tools/selection/SelectionIdentifiersRequest
instanceKlass org/freeplane/plugin/ai/tools/read/FetchNodesForEditingResponse
instanceKlass org/freeplane/plugin/ai/tools/read/FetchNodesForEditingRequest
instanceKlass org/freeplane/plugin/ai/tools/read/ReadNodesWithDescendantsResponse
instanceKlass org/freeplane/plugin/ai/tools/read/ReadNodesWithDescendantsRequest
instanceKlass org/freeplane/plugin/ai/tools/move/MoveNodesIntoSummaryResponse
instanceKlass org/freeplane/plugin/ai/tools/move/MoveNodesIntoSummaryRequest
instanceKlass org/freeplane/plugin/ai/tools/connectors/ConnectorEditResponse
instanceKlass org/freeplane/plugin/ai/tools/connectors/ConnectorEditRequest
instanceKlass org/freeplane/plugin/ai/tools/content/ListResponse
instanceKlass org/freeplane/plugin/ai/tools/search/SearchNodesResponse
instanceKlass org/freeplane/plugin/ai/tools/search/SearchNodesRequest
instanceKlass org/freeplane/plugin/ai/tools/move/CreateSummaryResponse
instanceKlass org/freeplane/plugin/ai/tools/move/CreateSummaryRequest
instanceKlass org/freeplane/plugin/ai/tools/create/CreateNodesResponse
instanceKlass org/freeplane/plugin/ai/tools/create/CreateNodesRequest
instanceKlass org/freeplane/plugin/ai/tools/move/MoveNodesResponse
instanceKlass org/freeplane/plugin/ai/tools/move/MoveNodesRequest
instanceKlass org/freeplane/plugin/ai/tools/delete/DeleteNodesResponse
instanceKlass org/freeplane/plugin/ai/tools/delete/DeleteNodesRequest
instanceKlass org/freeplane/plugin/ai/tools/selection/SelectionIdentifiersResponse
instanceKlass org/freeplane/plugin/ai/tools/selection/SelectSingleNodeRequest
instanceKlass org/freeplane/plugin/ai/tools/edit/EditRequest
instanceKlass dev/langchain4j/service/tool/ToolExecutor
instanceKlass org/freeplane/plugin/ai/tools/utilities/ToolExecutorFactory
instanceKlass org/freeplane/plugin/ai/mcpserver/ModelContextProtocolToolDispatcher
instanceKlass dev/langchain4j/model/chat/request/json/JsonSchemaElement
instanceKlass org/freeplane/plugin/ai/mcpserver/ModelContextProtocolToolRegistry
instanceKlass  @bci org/freeplane/plugin/ai/mcpserver/MCPAuthenticator <init> (Lorg/freeplane/core/resources/ResourceController;Lorg/freeplane/features/ui/ViewController;Ljava/lang/String;Ljava/lang/String;)V 11 <appendix> member <vmtarget> ; # org/freeplane/plugin/ai/mcpserver/MCPAuthenticator$$Lambda+0x00000008005fd768
instanceKlass  @cpi org/freeplane/plugin/ai/mcpserver/MCPAuthenticator 292 form vmentry <vmtarget> ; # java/lang/invoke/LambdaForm$DMH+0x0000000800600000
instanceKlass org/freeplane/plugin/ai/mcpserver/MCPAuthenticator$EventDispatchInvoker
instanceKlass org/freeplane/plugin/ai/mcpserver/MCPAuthenticator
instanceKlass org/freeplane/plugin/ai/tools/connectors/ConnectorEditTool
instanceKlass org/freeplane/plugin/ai/tools/content/ListTool
instanceKlass org/freeplane/plugin/ai/tools/move/MoveNodesIntoSummaryTool
instanceKlass org/freeplane/plugin/ai/tools/move/CreateSummaryTool
instanceKlass org/freeplane/plugin/ai/tools/delete/DeleteNodesTool
instanceKlass org/freeplane/plugin/ai/tools/move/MoveNodesTool
instanceKlass org/freeplane/plugin/ai/tools/create/CreateNodesTool
instanceKlass org/freeplane/plugin/ai/tools/create/CreateNodesPreferences
instanceKlass org/freeplane/plugin/ai/tools/search/SearchNodesTool
instanceKlass org/freeplane/plugin/ai/tools/selection/SelectSingleNodeTool
instanceKlass org/freeplane/plugin/ai/tools/selection/SelectionIdentifiersBuilder
instanceKlass org/freeplane/plugin/ai/tools/selection/SelectedMapAndNodeIdentifiersTool
instanceKlass org/freeplane/plugin/ai/tools/content/IconsContentRequest
instanceKlass org/freeplane/plugin/ai/tools/content/TagsContentRequest
instanceKlass org/freeplane/plugin/ai/tools/content/AttributesContentRequest
instanceKlass org/freeplane/plugin/ai/tools/content/TextualContentRequest
instanceKlass org/freeplane/plugin/ai/tools/content/NodeContentRequest
instanceKlass org/freeplane/plugin/ai/tools/read/ReadNodesWithDescendantsTool
instanceKlass org/freeplane/plugin/ai/tools/MessageBuilder$ResourceControllerMessageTextProvider
instanceKlass org/freeplane/plugin/ai/tools/MessageBuilder$MessageTextProvider
instanceKlass org/freeplane/plugin/ai/tools/MessageBuilder
instanceKlass org/freeplane/plugin/ai/tools/edit/AiEditsMarker
instanceKlass org/freeplane/plugin/ai/tools/edit/NodeContentEditor
instanceKlass org/freeplane/plugin/ai/tools/create/NodeCreationHierarchyBuilder
instanceKlass org/freeplane/plugin/ai/tools/content/NodeContentApplier
instanceKlass org/freeplane/plugin/ai/tools/edit/HyperlinkContentEditor
instanceKlass org/freeplane/plugin/ai/tools/edit/NodeStyleContentEditor
instanceKlass org/freeplane/plugin/ai/tools/edit/IconsContentEditor
instanceKlass  @bci org/freeplane/features/icon/IconGroup getIcons ()Ljava/util/List; 48 <appendix> member <vmtarget> ; # org/freeplane/features/icon/IconGroup$$Lambda+0x00000008005277f8
instanceKlass  @bci org/freeplane/features/icon/IconGroup getIcons ()Ljava/util/List; 32 <appendix> argL0 ; # org/freeplane/features/icon/IconGroup$$Lambda+0x00000008005275a8
instanceKlass org/freeplane/plugin/ai/tools/edit/TagsContentEditor
instanceKlass org/freeplane/plugin/ai/tools/edit/AttributesContentEditor
instanceKlass org/freeplane/plugin/ai/tools/edit/TextualContentEditor
instanceKlass org/freeplane/plugin/ai/tools/edit/NoteContentWriteControllerAdapter
instanceKlass org/freeplane/plugin/ai/tools/edit/TextContentWriteControllerAdapter
instanceKlass org/freeplane/plugin/ai/tools/content/ModifiedNodeSummaryBuilder
instanceKlass org/freeplane/plugin/ai/tools/move/SummaryNodeCreator
instanceKlass org/freeplane/plugin/ai/tools/create/NodeInserter
instanceKlass org/freeplane/plugin/ai/tools/create/AnchorPlacementCalculator
instanceKlass org/freeplane/plugin/ai/tools/create/NodeModelCreator
instanceKlass org/freeplane/plugin/ai/tools/edit/TextContentWriteController
instanceKlass org/freeplane/plugin/ai/tools/edit/NoteContentWriteController
instanceKlass org/freeplane/plugin/ai/tools/AIToolSet
instanceKlass org/freeplane/plugin/ai/tools/content/NodeContentFactories
instanceKlass org/freeplane/plugin/ai/tools/content/NodeContentItemReader
instanceKlass org/freeplane/plugin/ai/tools/content/NodeContentReader
instanceKlass org/freeplane/plugin/ai/tools/content/NodeStyleContentReader
instanceKlass org/freeplane/plugin/ai/tools/content/ContentTypeConverter
instanceKlass org/freeplane/plugin/ai/tools/content/EditableContentReader
instanceKlass org/freeplane/plugin/ai/tools/content/IconsContentReader
instanceKlass org/freeplane/plugin/ai/tools/content/TagsContentReader
instanceKlass org/freeplane/plugin/ai/tools/content/AttributesContentReader
instanceKlass org/freeplane/plugin/ai/tools/content/TextualContentReader
instanceKlass org/freeplane/plugin/ai/tools/content/IconDescriptionResolver
instanceKlass org/freeplane/plugin/ai/tools/text/DefaultEnglishTextProvider
instanceKlass  @bci org/freeplane/plugin/ai/chat/AIChatPanel toolCallSummaryHandler ()Lorg/freeplane/plugin/ai/tools/utilities/ToolCallSummaryHandler; 9 <appendix> member <vmtarget> ; # org/freeplane/plugin/ai/chat/AIChatPanel$$Lambda+0x00000008005f3420
instanceKlass org/freeplane/plugin/ai/tools/utilities/ToolCallSummary
instanceKlass org/freeplane/plugin/ai/tools/text/EnglishTextProvider
instanceKlass org/freeplane/plugin/ai/tools/AIToolSetBuilder
instanceKlass com/sun/net/httpserver/HttpHandler
instanceKlass org/freeplane/plugin/ai/mcpserver/ModelContextProtocolServer
instanceKlass org/freeplane/plugin/ai/chat/ChatTokenCounterSettings
instanceKlass org/freeplane/plugin/ai/chat/AIChatPanel$12
instanceKlass org/freeplane/plugin/ai/chat/AIChatPanel$11
instanceKlass org/freeplane/plugin/ai/chat/AIChatPanel$9
instanceKlass javax/swing/SwingWorker$4
instanceKlass javax/swing/SwingWorker$SwingWorkerPropertyChangeSupport$1
instanceKlass org/freeplane/plugin/ai/chat/AIChatPanel$10
instanceKlass javax/swing/SwingWorker$6
instanceKlass javax/swing/SwingWorker$5
instanceKlass java/util/concurrent/FutureTask$WaitNode
instanceKlass java/util/concurrent/FutureTask
instanceKlass javax/swing/SwingWorker$1
instanceKlass java/util/concurrent/Callable
instanceKlass sun/swing/AccumulativeRunnable
instanceKlass org/freeplane/core/util/MenuUtils
instanceKlass  @bci org/freeplane/plugin/ai/chat/AIChatPanel <init> ()V 1048 <appendix> member <vmtarget> ; # org/freeplane/plugin/ai/chat/AIChatPanel$$Lambda+0x00000008005f67b0
instanceKlass  @bci org/freeplane/plugin/ai/chat/AIChatPanel <init> ()V 1035 <appendix> member <vmtarget> ; # org/freeplane/plugin/ai/chat/AIChatPanel$$Lambda+0x00000008005f6578
instanceKlass  @bci org/freeplane/plugin/ai/chat/AIChatPanel <init> ()V 1022 <appendix> member <vmtarget> ; # org/freeplane/plugin/ai/chat/AIChatPanel$$Lambda+0x00000008005f6340
instanceKlass  @bci org/freeplane/plugin/ai/chat/AIChatPanel buildTopBarPanel ()Ljavax/swing/JPanel; 137 <appendix> member <vmtarget> ; # org/freeplane/plugin/ai/chat/AIChatPanel$$Lambda+0x00000008005f6108
instanceKlass  @bci org/freeplane/plugin/ai/chat/AIChatPanel buildTopBarPanel ()Ljavax/swing/JPanel; 104 <appendix> member <vmtarget> ; # org/freeplane/plugin/ai/chat/AIChatPanel$$Lambda+0x00000008005f5ed0
instanceKlass  @bci org/freeplane/plugin/ai/chat/AIChatPanel buildTopBarPanel ()Ljavax/swing/JPanel; 38 <appendix> member <vmtarget> ; # org/freeplane/plugin/ai/chat/AIChatPanel$$Lambda+0x00000008005f5c98
instanceKlass  @bci org/freeplane/plugin/ai/chat/AssistantProfilePaneBuilder initialize ()V 18 <appendix> member <vmtarget> ; # org/freeplane/plugin/ai/chat/AssistantProfilePaneBuilder$$Lambda+0x00000008005f5a60
instanceKlass  @bci org/freeplane/plugin/ai/chat/AssistantProfilePaneBuilder initialize ()V 5 <appendix> member <vmtarget> ; # org/freeplane/plugin/ai/chat/AssistantProfilePaneBuilder$$Lambda+0x00000008005f5828
instanceKlass org/freeplane/plugin/ai/chat/LiveChatSession
instanceKlass java/util/UUID$Holder
instanceKlass org/freeplane/plugin/ai/chat/LiveChatSessionId
instanceKlass java/time/format/DateTimeFormatterBuilder$2
instanceKlass java/time/format/DateTimePrintContext
instanceKlass org/freeplane/plugin/ai/chat/ChatRequestCancellation
instanceKlass org/freeplane/plugin/ai/chat/AIChatPanel$1
instanceKlass javax/swing/SwingWorker
instanceKlass java/util/concurrent/RunnableFuture
instanceKlass org/freeplane/plugin/ai/chat/ChatRequestFlow
instanceKlass org/freeplane/plugin/ai/chat/AssistantProfilePaneBuilder
instanceKlass  @bci org/freeplane/plugin/ai/chat/AIChatPanel <init> ()V 697 <appendix> member <vmtarget> ; # org/freeplane/plugin/ai/chat/AIChatPanel$$Lambda+0x00000008005f4488
instanceKlass  @bci org/freeplane/plugin/ai/chat/AssistantProfileSelectionSync setChatMemory (Ldev/langchain4j/memory/ChatMemory;)V 19 <appendix> member <vmtarget> ; # org/freeplane/plugin/ai/chat/AssistantProfileSelectionSync$$Lambda+0x00000008005f4250
instanceKlass org/freeplane/plugin/ai/chat/AssistantProfileSelectionSync
instanceKlass org/freeplane/plugin/ai/chat/MapRootShortTextCountsMerger
instanceKlass org/freeplane/plugin/ai/chat/MapRootShortTextFormatter
instanceKlass org/freeplane/plugin/ai/chat/TranscriptMemoryMapper
instanceKlass org/freeplane/plugin/ai/chat/history/ChatTranscriptStore
instanceKlass org/freeplane/plugin/ai/chat/LiveChatSessionManager
instanceKlass  @bci org/freeplane/plugin/ai/chat/AIChatPanel <init> ()V 653 <appendix> member <vmtarget> ; # org/freeplane/plugin/ai/chat/AIChatPanel$$Lambda+0x00000008005ef210
instanceKlass org/freeplane/plugin/ai/chat/ChatTokenUsageState
instanceKlass  @bci org/freeplane/plugin/ai/chat/AIChatPanel <init> ()V 639 <appendix> member <vmtarget> ; # org/freeplane/plugin/ai/chat/AIChatPanel$$Lambda+0x00000008005eeda0
instanceKlass  @cpi org/freeplane/view/swing/map/MapViewController 1321 form vmentry <vmtarget> ; # java/lang/invoke/LambdaForm$DMH+0x00000008005f0000
instanceKlass org/freeplane/plugin/ai/chat/LiveChatController$SessionActivationHandler
instanceKlass org/freeplane/plugin/ai/chat/ChatListDialog$ChatListHandler
instanceKlass org/freeplane/plugin/ai/chat/LiveChatController
instanceKlass  @bci java/time/format/DateTimeFormatter <clinit> ()V 1075 <appendix> argL0 ; # java/time/format/DateTimeFormatter$$Lambda+0x000000080054e0c8
instanceKlass  @bci java/time/format/DateTimeFormatter <clinit> ()V 1067 <appendix> argL0 ; # java/time/format/DateTimeFormatter$$Lambda+0x000000080054de98
instanceKlass java/time/Period
instanceKlass java/time/chrono/ChronoPeriod
instanceKlass java/time/format/DateTimeFormatterBuilder$TextPrinterParser
instanceKlass java/time/format/DateTimeTextProvider$1
instanceKlass java/time/format/DateTimeTextProvider
instanceKlass java/util/AbstractMap$SimpleImmutableEntry
instanceKlass java/time/format/DateTimeTextProvider$LocaleStore
instanceKlass java/time/format/DateTimeFormatterBuilder$InstantPrinterParser
instanceKlass java/time/format/DateTimeFormatterBuilder$StringLiteralPrinterParser
instanceKlass java/time/format/DateTimeFormatterBuilder$ZoneIdPrinterParser
instanceKlass java/time/format/DateTimeFormatterBuilder$OffsetIdPrinterParser
instanceKlass java/time/format/DecimalStyle
instanceKlass java/time/format/DateTimeFormatterBuilder$CompositePrinterParser
instanceKlass java/time/chrono/AbstractChronology
instanceKlass java/time/chrono/Chronology
instanceKlass java/time/format/DateTimeFormatterBuilder$CharLiteralPrinterParser
instanceKlass java/time/format/DateTimeFormatterBuilder$NumberPrinterParser
instanceKlass java/time/format/DateTimeFormatterBuilder$DateTimePrinterParser
instanceKlass java/time/temporal/JulianFields
instanceKlass java/time/temporal/IsoFields
instanceKlass  @bci java/time/format/DateTimeFormatterBuilder <clinit> ()V 0 <appendix> argL0 ; # java/time/format/DateTimeFormatterBuilder$$Lambda+0x0000000800547148
instanceKlass java/time/temporal/TemporalQuery
instanceKlass java/time/format/DateTimeFormatterBuilder
instanceKlass java/time/format/DateTimeFormatter
instanceKlass org/freeplane/plugin/ai/maps/ControllerMapModelProvider
instanceKlass org/freeplane/plugin/ai/maps/AvailableMaps
instanceKlass  @bci org/freeplane/plugin/ai/chat/ChatMemoryHistoryRenderer <init> (Lorg/freeplane/plugin/ai/chat/ChatMessageHistory;Lorg/freeplane/plugin/ai/chat/ChatMessageRenderer;)V 3 <appendix> argL0 ; # org/freeplane/plugin/ai/chat/ChatMemoryHistoryRenderer$$Lambda+0x00000008005ee000
instanceKlass org/freeplane/plugin/ai/chat/ChatMemoryHistoryRenderer$ProfileMessageFormatter
instanceKlass org/freeplane/plugin/ai/chat/ChatMemoryHistoryRenderer
instanceKlass org/jsoup/internal/Normalizer
instanceKlass org/jsoup/safety/Safelist$TypedValue
instanceKlass org/jsoup/helper/Validate
instanceKlass org/jsoup/safety/Safelist
instanceKlass io/github/gitbucket/markedj/Options
instanceKlass org/freeplane/plugin/ai/chat/ChatMessageRenderer
instanceKlass  @bci org/freeplane/plugin/ai/chat/AIChatPanel updateTokenUsageLabel (Lorg/freeplane/plugin/ai/chat/ChatUsageTotals;)V 2 <appendix> member <vmtarget> ; # org/freeplane/plugin/ai/chat/AIChatPanel$$Lambda+0x00000008005eb688
instanceKlass  @bci org/freeplane/plugin/ai/chat/AIChatPanel <init> ()V 551 <appendix> member <vmtarget> ; # org/freeplane/plugin/ai/chat/AIChatPanel$$Lambda+0x00000008005eb238
instanceKlass org/freeplane/plugin/ai/chat/ChatTokenUsageTracker
instanceKlass  @bci org/freeplane/plugin/ai/chat/AssistantProfileChatMemory resolveProfileInstructionFactory (Lorg/freeplane/plugin/ai/chat/AssistantProfileChatMemory$ProfileInstructionFactory;)Lorg/freeplane/plugin/ai/chat/AssistantProfileChatMemory$ProfileInstructionFactory; 6 <appendix> argL0 ; # org/freeplane/plugin/ai/chat/AssistantProfileChatMemory$$Lambda+0x00000008005ead98
instanceKlass dev/langchain4j/data/message/UserMessage
instanceKlass org/freeplane/plugin/ai/chat/AssistantProfileChatMemory$ProfileInstructionFactory
instanceKlass org/freeplane/plugin/ai/chat/AssistantProfileChatMemory$ChatTokenEstimator
instanceKlass dev/langchain4j/internal/ValidationUtils
instanceKlass  @bci org/freeplane/plugin/ai/chat/AIChatPanel createChatMemory ()Ldev/langchain4j/memory/ChatMemory; 21 <appendix> member <vmtarget> ; # org/freeplane/plugin/ai/chat/AIChatPanel$$Lambda+0x00000008005e9d88
instanceKlass  @bci org/freeplane/plugin/ai/chat/AIChatPanel createChatMemory ()Ldev/langchain4j/memory/ChatMemory; 12 <appendix> member <vmtarget> ; # org/freeplane/plugin/ai/chat/AIChatPanel$$Lambda+0x00000008005e9b30
instanceKlass  @bci org/freeplane/plugin/ai/chat/AssistantProfileChatMemory$Builder <init> ()V 11 <appendix> argL0 ; # org/freeplane/plugin/ai/chat/AssistantProfileChatMemory$Builder$$Lambda+0x00000008005e9900
instanceKlass org/freeplane/plugin/ai/chat/AssistantProfileChatMemory$Builder
instanceKlass org/freeplane/plugin/ai/chat/history/ChatTranscriptEntry
instanceKlass dev/langchain4j/data/message/ChatMessage
instanceKlass  @bci org/freeplane/plugin/ai/chat/AssistantProfileSelectionModel findById (Ljava/lang/String;)Ljava/util/Optional; 28 <appendix> member <vmtarget> ; # org/freeplane/plugin/ai/chat/AssistantProfileSelectionModel$$Lambda+0x00000008005e8d80
instanceKlass  @bci org/freeplane/plugin/ai/chat/AssistantProfileSelectionModel ensureDefaultProfile ()V 9 <appendix> argL0 ; # org/freeplane/plugin/ai/chat/AssistantProfileSelectionModel$$Lambda+0x00000008005e8b20
# instanceKlass java/lang/invoke/LambdaForm$MH+0x00000008005ec800
instanceKlass com/fasterxml/jackson/databind/util/ObjectBuffer
instanceKlass com/fasterxml/jackson/databind/deser/impl/ReadableObjectId$Referring
instanceKlass com/fasterxml/jackson/databind/deser/impl/BeanPropertyMap
instanceKlass com/fasterxml/jackson/annotation/JsonAlias
instanceKlass com/fasterxml/jackson/databind/introspect/POJOPropertyBuilder$1
instanceKlass com/fasterxml/jackson/databind/introspect/POJOPropertyBuilder$4
instanceKlass com/fasterxml/jackson/databind/introspect/POJOPropertyBuilder$2
instanceKlass com/fasterxml/jackson/databind/util/IgnorePropertiesUtil
instanceKlass com/fasterxml/jackson/annotation/JsonIncludeProperties$Value
instanceKlass com/fasterxml/jackson/annotation/JsonIncludeProperties
instanceKlass com/fasterxml/jackson/annotation/JsonIgnoreProperties$Value
instanceKlass com/fasterxml/jackson/annotation/JsonIgnoreProperties
instanceKlass com/fasterxml/jackson/databind/deser/BeanDeserializerBuilder
instanceKlass com/fasterxml/jackson/databind/deser/impl/CreatorCollector
instanceKlass com/fasterxml/jackson/databind/PropertyMetadata
instanceKlass com/fasterxml/jackson/annotation/JsonPropertyDescription
instanceKlass com/fasterxml/jackson/annotation/JsonPropertyOrder
instanceKlass com/fasterxml/jackson/databind/annotation/JsonNaming
instanceKlass com/fasterxml/jackson/annotation/JacksonInject
instanceKlass com/fasterxml/jackson/databind/introspect/POJOPropertyBuilder$6
instanceKlass com/fasterxml/jackson/databind/introspect/POJOPropertyBuilder$5
instanceKlass com/fasterxml/jackson/databind/cfg/ConstructorDetector
instanceKlass com/fasterxml/jackson/databind/introspect/PotentialCreator
instanceKlass com/fasterxml/jackson/annotation/JsonCreator
instanceKlass com/fasterxml/jackson/databind/introspect/MethodGenericTypeResolver
instanceKlass com/fasterxml/jackson/annotation/JsonGetter
instanceKlass com/fasterxml/jackson/databind/introspect/AnnotatedMethodMap
instanceKlass com/fasterxml/jackson/databind/introspect/AnnotatedMethodCollector$MethodBuilder
instanceKlass  @bci sun/reflect/annotation/AnnotationParser parseEnumArray (ILjava/lang/Class;Ljava/nio/ByteBuffer;Ljdk/internal/reflect/ConstantPool;Ljava/lang/Class;)Ljava/lang/Object; 16 <appendix> member <vmtarget> ; # sun/reflect/annotation/AnnotationParser$$Lambda+0x0000000800546220
instanceKlass java/lang/annotation/Documented
instanceKlass com/fasterxml/jackson/annotation/JacksonAnnotationsInside
instanceKlass com/fasterxml/jackson/annotation/JacksonAnnotation
instanceKlass com/fasterxml/jackson/databind/introspect/MemberKey
instanceKlass com/fasterxml/jackson/databind/introspect/POJOPropertyBuilder$Linked
instanceKlass com/fasterxml/jackson/databind/AnnotationIntrospector$ReferenceProperty
instanceKlass com/fasterxml/jackson/databind/introspect/POJOPropertyBuilder$WithMember
instanceKlass com/fasterxml/jackson/annotation/JsonIgnore
instanceKlass com/fasterxml/jackson/annotation/JsonAutoDetect$1
instanceKlass com/fasterxml/jackson/annotation/JsonProperty
instanceKlass com/fasterxml/jackson/annotation/JsonSetter
instanceKlass com/fasterxml/jackson/databind/PropertyName
instanceKlass com/fasterxml/jackson/annotation/JsonAnySetter
instanceKlass com/fasterxml/jackson/annotation/JsonAnyGetter
instanceKlass com/fasterxml/jackson/annotation/JsonValue
instanceKlass com/fasterxml/jackson/annotation/JsonKey
instanceKlass com/fasterxml/jackson/databind/introspect/AnnotatedFieldCollector$FieldBuilder
instanceKlass com/fasterxml/jackson/databind/introspect/TypeResolutionContext$Basic
instanceKlass com/fasterxml/jackson/databind/introspect/AnnotationMap
instanceKlass com/fasterxml/jackson/databind/introspect/CollectorBase
instanceKlass com/fasterxml/jackson/databind/introspect/PotentialCreators
instanceKlass com/fasterxml/jackson/core/JsonLocation
instanceKlass com/fasterxml/jackson/databind/deser/ValueInstantiator
instanceKlass com/fasterxml/jackson/databind/deser/impl/JDKValueInstantiators
instanceKlass com/fasterxml/jackson/databind/annotation/JsonValueInstantiator
instanceKlass com/fasterxml/jackson/databind/util/BeanUtil
instanceKlass com/fasterxml/jackson/databind/jsontype/impl/SubTypeValidator
instanceKlass com/fasterxml/jackson/databind/deser/std/JdkDeserializers
instanceKlass com/fasterxml/jackson/databind/ext/Java7Handlers
instanceKlass org/w3c/dom/Document
instanceKlass com/fasterxml/jackson/databind/ext/OptionalHandlerFactory
instanceKlass com/fasterxml/jackson/databind/util/LinkedNode
instanceKlass com/fasterxml/jackson/databind/deser/impl/NullsConstantProvider
instanceKlass com/fasterxml/jackson/databind/util/ArrayIterator
instanceKlass com/fasterxml/jackson/databind/annotation/JsonTypeResolver
instanceKlass com/fasterxml/jackson/annotation/JsonIdentityInfo
instanceKlass com/fasterxml/jackson/annotation/JsonAutoDetect
instanceKlass com/fasterxml/jackson/databind/introspect/POJOPropertiesCollector
# instanceKlass java/lang/invoke/LambdaForm$MH+0x00000008005d0000
instanceKlass com/fasterxml/jackson/databind/util/internal/PrivateMaxEntriesMap$AddTask
instanceKlass com/fasterxml/jackson/databind/util/internal/PrivateMaxEntriesMap$WeightedValue
instanceKlass com/fasterxml/jackson/databind/type/ClassStack
instanceKlass com/fasterxml/jackson/core/util/JacksonFeatureSet
instanceKlass com/fasterxml/jackson/core/JsonStreamContext
instanceKlass com/fasterxml/jackson/core/json/ByteSourceJsonBootstrapper
instanceKlass com/fasterxml/jackson/core/util/TextBuffer
instanceKlass com/fasterxml/jackson/core/io/IOContext
instanceKlass com/fasterxml/jackson/core/util/BufferRecycler
instanceKlass com/fasterxml/jackson/core/util/BufferRecyclers
instanceKlass com/fasterxml/jackson/core/io/ContentReference
instanceKlass org/freeplane/plugin/ai/chat/AssistantProfile
instanceKlass org/freeplane/plugin/ai/chat/AssistantProfileStore
instanceKlass org/freeplane/plugin/ai/chat/AssistantProfileSelectionModel
instanceKlass  @bci org/freeplane/plugin/ai/chat/AIChatPanel <init> ()V 494 <appendix> member <vmtarget> ; # org/freeplane/plugin/ai/chat/AIChatPanel$$Lambda+0x00000008005c9fb0
instanceKlass  @bci org/freeplane/plugin/ai/chat/AIModelSelectionController <init> (Lorg/freeplane/plugin/ai/chat/AIProviderConfiguration;Lorg/freeplane/plugin/ai/chat/AIModelCatalog;)V 44 <appendix> member <vmtarget> ; # org/freeplane/plugin/ai/chat/AIModelSelectionController$$Lambda+0x00000008005c9d78
instanceKlass com/fasterxml/jackson/databind/ser/BeanSerializerModifier
instanceKlass com/fasterxml/jackson/databind/ser/Serializers
instanceKlass com/fasterxml/jackson/databind/cfg/SerializerFactoryConfig
instanceKlass com/fasterxml/jackson/databind/ser/std/StdJdkSerializers
instanceKlass com/fasterxml/jackson/databind/ser/std/NumberSerializers
instanceKlass com/fasterxml/jackson/databind/deser/DeserializerCache
instanceKlass com/fasterxml/jackson/databind/KeyDeserializer
instanceKlass com/fasterxml/jackson/databind/deser/std/StdKeyDeserializers
instanceKlass com/fasterxml/jackson/databind/deser/KeyDeserializers
instanceKlass com/fasterxml/jackson/databind/deser/ValueInstantiators
instanceKlass com/fasterxml/jackson/databind/AbstractTypeResolver
instanceKlass com/fasterxml/jackson/databind/deser/BeanDeserializerModifier
instanceKlass com/fasterxml/jackson/databind/cfg/DeserializerFactoryConfig
instanceKlass com/fasterxml/jackson/databind/deser/Deserializers
instanceKlass com/fasterxml/jackson/annotation/ObjectIdGenerator
instanceKlass com/fasterxml/jackson/databind/deser/ResolvableDeserializer
instanceKlass com/fasterxml/jackson/databind/deser/ValueInstantiator$Gettable
instanceKlass com/fasterxml/jackson/databind/deser/ContextualDeserializer
instanceKlass com/fasterxml/jackson/databind/JsonDeserializer
instanceKlass com/fasterxml/jackson/databind/deser/NullValueProvider
instanceKlass com/fasterxml/jackson/databind/ser/SerializerCache
instanceKlass com/fasterxml/jackson/databind/ser/ResolvableSerializer
instanceKlass com/fasterxml/jackson/databind/ser/ContextualSerializer
instanceKlass com/fasterxml/jackson/databind/jsonschema/SchemaAware
instanceKlass com/fasterxml/jackson/databind/JsonSerializer
instanceKlass com/fasterxml/jackson/databind/jsonFormatVisitors/JsonFormatVisitable
instanceKlass com/fasterxml/jackson/databind/node/JsonNodeFactory
instanceKlass com/fasterxml/jackson/databind/node/JsonNodeCreator
instanceKlass com/fasterxml/jackson/databind/cfg/ContextAttributes
instanceKlass com/fasterxml/jackson/databind/cfg/DatatypeFeature
instanceKlass com/fasterxml/jackson/databind/cfg/DatatypeFeatures$DefaultHolder
instanceKlass com/fasterxml/jackson/databind/cfg/DatatypeFeatures
instanceKlass com/fasterxml/jackson/core/util/DefaultPrettyPrinter$NopIndenter
instanceKlass com/fasterxml/jackson/core/util/Separators
instanceKlass com/fasterxml/jackson/core/util/DefaultPrettyPrinter$Indenter
instanceKlass com/fasterxml/jackson/core/util/DefaultPrettyPrinter
instanceKlass com/fasterxml/jackson/core/util/Instantiatable
instanceKlass com/fasterxml/jackson/databind/cfg/ConfigFeature
instanceKlass com/fasterxml/jackson/databind/cfg/ConfigOverride
instanceKlass com/fasterxml/jackson/annotation/JsonFormat$Features
instanceKlass com/fasterxml/jackson/annotation/JsonFormat$Value
instanceKlass com/fasterxml/jackson/core/PrettyPrinter
instanceKlass com/fasterxml/jackson/databind/cfg/CoercionConfig
instanceKlass com/fasterxml/jackson/databind/cfg/CoercionConfigs
instanceKlass com/fasterxml/jackson/databind/introspect/VisibilityChecker$Std
instanceKlass com/fasterxml/jackson/annotation/JsonSetter$Value
instanceKlass com/fasterxml/jackson/annotation/JsonInclude$Value
instanceKlass com/fasterxml/jackson/annotation/JacksonAnnotationValue
instanceKlass com/fasterxml/jackson/databind/cfg/ConfigOverrides
instanceKlass com/fasterxml/jackson/databind/introspect/AnnotatedClass$Creators
instanceKlass com/fasterxml/jackson/databind/introspect/AnnotationCollector$NoAnnotations
instanceKlass com/fasterxml/jackson/databind/util/Annotations
instanceKlass com/fasterxml/jackson/databind/introspect/AnnotationCollector
instanceKlass com/fasterxml/jackson/databind/introspect/AnnotatedClassResolver
instanceKlass com/fasterxml/jackson/databind/cfg/MapperConfig
instanceKlass com/fasterxml/jackson/databind/BeanDescription
instanceKlass com/fasterxml/jackson/databind/introspect/SimpleMixInResolver
instanceKlass com/fasterxml/jackson/databind/introspect/ClassIntrospector$MixInResolver
instanceKlass com/fasterxml/jackson/databind/util/RootNameLookup
instanceKlass com/fasterxml/jackson/core/sym/CharsToNameCanonicalizer$Bucket
instanceKlass com/fasterxml/jackson/core/sym/CharsToNameCanonicalizer$TableInfo
instanceKlass com/fasterxml/jackson/core/sym/CharsToNameCanonicalizer
instanceKlass com/fasterxml/jackson/core/ErrorReportConfiguration
instanceKlass com/fasterxml/jackson/core/StreamWriteConstraints
instanceKlass com/fasterxml/jackson/core/StreamReadConstraints
instanceKlass com/fasterxml/jackson/core/util/RecyclerPool$WithPool
instanceKlass com/fasterxml/jackson/core/util/RecyclerPool$ThreadLocalPoolBase
instanceKlass com/fasterxml/jackson/core/util/RecyclerPool
instanceKlass com/fasterxml/jackson/core/util/JsonRecyclerPools
instanceKlass com/fasterxml/jackson/core/sym/ByteQuadsCanonicalizer$TableInfo
instanceKlass com/fasterxml/jackson/core/sym/ByteQuadsCanonicalizer
instanceKlass com/fasterxml/jackson/core/io/CharTypes
instanceKlass com/fasterxml/jackson/core/io/JsonStringEncoder
instanceKlass com/fasterxml/jackson/core/io/SerializedString
instanceKlass com/fasterxml/jackson/core/util/JacksonFeature
instanceKlass com/fasterxml/jackson/core/async/ByteBufferFeeder
instanceKlass com/fasterxml/jackson/core/async/ByteArrayFeeder
instanceKlass com/fasterxml/jackson/core/async/NonBlockingInputFeeder
instanceKlass com/fasterxml/jackson/core/TSFBuilder
instanceKlass com/fasterxml/jackson/core/SerializableString
instanceKlass com/fasterxml/jackson/databind/cfg/DefaultCacheProvider
instanceKlass com/fasterxml/jackson/databind/cfg/CacheProvider
instanceKlass com/fasterxml/jackson/databind/introspect/AccessorNamingStrategy
instanceKlass com/fasterxml/jackson/core/Base64Variant
instanceKlass com/fasterxml/jackson/core/Base64Variants
instanceKlass com/fasterxml/jackson/databind/type/TypeBindings
instanceKlass com/fasterxml/jackson/databind/type/TypeParser
instanceKlass com/fasterxml/jackson/databind/type/TypeFactory
instanceKlass com/fasterxml/jackson/databind/cfg/BaseSettings
instanceKlass java/util/concurrent/atomic/AtomicReferenceArray
instanceKlass com/fasterxml/jackson/databind/util/internal/Linked
instanceKlass com/fasterxml/jackson/databind/util/internal/PrivateMaxEntriesMap$Builder
instanceKlass com/fasterxml/jackson/databind/util/LRUMap
instanceKlass com/fasterxml/jackson/databind/util/LookupCache
instanceKlass java/beans/ConstructorProperties
instanceKlass java/beans/Transient
instanceKlass java/lang/reflect/AnnotatedType
instanceKlass com/fasterxml/jackson/databind/util/ClassUtil$Ctor
instanceKlass com/fasterxml/jackson/databind/util/ClassUtil
instanceKlass com/fasterxml/jackson/databind/ext/Java7Support
instanceKlass com/fasterxml/jackson/annotation/JsonMerge
instanceKlass com/fasterxml/jackson/databind/annotation/JsonDeserialize
instanceKlass com/fasterxml/jackson/annotation/JsonManagedReference
instanceKlass com/fasterxml/jackson/annotation/JsonBackReference
instanceKlass com/fasterxml/jackson/annotation/JsonUnwrapped
instanceKlass com/fasterxml/jackson/annotation/JsonRawValue
instanceKlass com/fasterxml/jackson/annotation/JsonTypeInfo
instanceKlass com/fasterxml/jackson/annotation/JsonFormat
instanceKlass com/fasterxml/jackson/annotation/JsonView
instanceKlass com/fasterxml/jackson/databind/annotation/JsonSerialize
instanceKlass com/fasterxml/jackson/databind/introspect/ConcreteBeanPropertyBase
instanceKlass com/fasterxml/jackson/databind/BeanProperty
instanceKlass com/fasterxml/jackson/databind/introspect/BeanPropertyDefinition
instanceKlass com/fasterxml/jackson/databind/util/Named
instanceKlass com/fasterxml/jackson/databind/introspect/TypeResolutionContext
instanceKlass com/fasterxml/jackson/databind/introspect/Annotated
instanceKlass com/fasterxml/jackson/databind/introspect/ClassIntrospector
instanceKlass com/fasterxml/jackson/databind/introspect/VisibilityChecker
instanceKlass com/fasterxml/jackson/databind/jsontype/TypeResolverBuilder
instanceKlass com/fasterxml/jackson/core/JsonParser
instanceKlass com/fasterxml/jackson/core/util/BufferRecycler$Gettable
instanceKlass com/fasterxml/jackson/databind/JsonSerializable$Base
instanceKlass com/fasterxml/jackson/core/TreeNode
instanceKlass com/fasterxml/jackson/databind/JsonSerializable
instanceKlass com/fasterxml/jackson/core/type/ResolvedType
instanceKlass com/fasterxml/jackson/databind/Module$SetupContext
instanceKlass com/fasterxml/jackson/core/JsonGenerator
instanceKlass com/fasterxml/jackson/databind/jsontype/PolymorphicTypeValidator
instanceKlass com/fasterxml/jackson/databind/introspect/AccessorNamingStrategy$Provider
instanceKlass com/fasterxml/jackson/databind/AnnotationIntrospector
instanceKlass com/fasterxml/jackson/databind/ser/SerializerFactory
instanceKlass com/fasterxml/jackson/databind/deser/DeserializerFactory
instanceKlass com/fasterxml/jackson/databind/DatabindContext
instanceKlass com/fasterxml/jackson/databind/jsontype/SubtypeResolver
instanceKlass com/fasterxml/jackson/core/TokenStreamFactory
instanceKlass com/fasterxml/jackson/core/TreeCodec
instanceKlass com/fasterxml/jackson/core/Versioned
instanceKlass org/freeplane/plugin/ai/chat/AIModelCatalog
instanceKlass org/freeplane/plugin/ai/chat/AIModelSelectionController
instanceKlass org/freeplane/plugin/ai/chat/ChatDisplaySettings
instanceKlass org/freeplane/plugin/ai/chat/AIProviderConfiguration
instanceKlass org/freeplane/plugin/ai/chat/ChatHistoryHyperlinkHandler$2
instanceKlass org/freeplane/plugin/ai/chat/ChatHistoryHyperlinkHandler$1
instanceKlass javax/swing/event/HyperlinkListener
instanceKlass org/freeplane/plugin/ai/chat/ChatHistoryHyperlinkHandler$LinkControllerAdapter
instanceKlass org/freeplane/plugin/ai/chat/ChatHistoryHyperlinkHandler
instanceKlass org/freeplane/plugin/ai/chat/ChatMessageHistory
instanceKlass javax/swing/text/DefaultStyledDocument$ElementBuffer$ElemChanges
instanceKlass javax/swing/text/DefaultStyledDocument$ElementSpec
instanceKlass javax/swing/text/html/parser/ContentModelState
instanceKlass javax/swing/text/html/parser/TagStack
instanceKlass javax/swing/text/html/parser/TagElement
instanceKlass javax/swing/text/html/parser/Parser
instanceKlass javax/swing/text/html/HTMLDocument$HTMLReader$TagAction
instanceKlass javax/swing/text/html/HTMLEditorKit$ParserCallback
instanceKlass  @bci javax/swing/text/html/parser/Parser error (Ljava/lang/String;Ljava/lang/String;Ljava/lang/String;Ljava/lang/String;)V 10 <appendix> form vmentry <vmtarget> ; # java/lang/invoke/LambdaForm$MH+0x0000000800531800
instanceKlass  @bci javax/swing/text/html/parser/Parser error (Ljava/lang/String;Ljava/lang/String;Ljava/lang/String;Ljava/lang/String;)V 10 <appendix> argL3 form vmentry <vmtarget> ; # java/lang/invoke/LambdaForm$MH+0x0000000800531000
instanceKlass javax/swing/text/html/CSS$ShorthandBorderParser
instanceKlass  @bci org/freeplane/plugin/ai/chat/ChatMessageStyleApplier contextBoundarySpacingCss (F)Ljava/lang/String; 43 <appendix> form vmentry <vmtarget> ; # java/lang/invoke/LambdaForm$MH+0x0000000800530000
instanceKlass  @bci org/freeplane/plugin/ai/chat/ChatMessageStyleApplier contextBoundarySpacingCss (F)Ljava/lang/String; 43 <appendix> argL5 form vmentry <vmtarget> ; # java/lang/invoke/LambdaForm$MH+0x000000080052b800
instanceKlass  @bci org/freeplane/plugin/ai/chat/ChatMessageStyleApplier contextBoundarySpacingCss (F)Ljava/lang/String; 43 <appendix> argL4 form vmentry <vmtarget> ; # java/lang/invoke/LambdaForm$MH+0x000000080052b000
instanceKlass  @bci javax/swing/text/html/parser/Parser error (Ljava/lang/String;Ljava/lang/String;Ljava/lang/String;Ljava/lang/String;)V 10 <appendix> argL1 form vmentry <vmtarget> ; # java/lang/invoke/LambdaForm$MH+0x0000000800529c00
instanceKlass jdk/internal/math/MathUtils
instanceKlass jdk/internal/math/DoubleToDecimal
instanceKlass jdk/internal/math/FormattedFPDecimal
instanceKlass org/freeplane/plugin/ai/chat/ChatMessageStyleApplier
instanceKlass org/freeplane/plugin/ai/chat/AIChatMessageStyleSettings
instanceKlass  @bci com/formdev/flatlaf/ui/FlatTextAreaUI applyStyle (Ljava/lang/Object;)V 23 <appendix> member <vmtarget> ; # com/formdev/flatlaf/ui/FlatTextAreaUI$$Lambda+0x0000000800527148
instanceKlass  @bci com/formdev/flatlaf/ui/FlatTextAreaUI installListeners ()V 14 <appendix> member <vmtarget> ; # com/formdev/flatlaf/ui/FlatTextAreaUI$$Lambda+0x0000000800526ee0
instanceKlass  @bci com/formdev/flatlaf/ui/FlatTextAreaUI propertyChange (Ljava/beans/PropertyChangeEvent;)V 38 <appendix> member <vmtarget> ; # com/formdev/flatlaf/ui/FlatTextAreaUI$$Lambda+0x0000000800526ca8
instanceKlass sun/swing/text/GlyphViewAccessor
instanceKlass javax/swing/text/TabableView
instanceKlass javax/swing/text/html/CSSBorder$StrokePainter
instanceKlass javax/swing/text/html/CSSBorder$SolidPainter
instanceKlass javax/swing/text/html/CSSBorder$NullPainter
instanceKlass javax/swing/text/html/CSSBorder$BorderPainter
instanceKlass javax/swing/text/html/StyleSheet$BoxPainter
instanceKlass javax/swing/text/html/StyleSheet$SearchBuffer
instanceKlass javax/swing/text/html/MuxingAttributeSet
instanceKlass javax/swing/text/FlowView$FlowStrategy
instanceKlass javax/swing/text/DefaultStyledDocument$AbstractChangeHandler
instanceKlass javax/swing/text/html/parser/AttributeList
instanceKlass javax/swing/text/html/parser/ContentModel
instanceKlass javax/swing/text/html/parser/ParserDelegator$1
instanceKlass javax/swing/text/html/parser/Entity
instanceKlass javax/swing/text/html/parser/Element
instanceKlass javax/swing/text/html/parser/DTD
instanceKlass javax/swing/text/html/parser/DTDConstants
instanceKlass javax/swing/text/html/HTMLEditorKit$Parser
instanceKlass javax/swing/text/DefaultStyledDocument$ElementBuffer
instanceKlass  @bci com/formdev/flatlaf/ui/FlatEditorPaneUI applyStyle (Ljava/lang/Object;)V 23 <appendix> member <vmtarget> ; # com/formdev/flatlaf/ui/FlatEditorPaneUI$$Lambda+0x0000000800525c28
instanceKlass  @bci com/formdev/flatlaf/ui/FlatEditorPaneUI installListeners ()V 14 <appendix> member <vmtarget> ; # com/formdev/flatlaf/ui/FlatEditorPaneUI$$Lambda+0x00000008005259c0
instanceKlass  @bci com/formdev/flatlaf/ui/FlatEditorPaneUI propertyChange (Ljava/beans/PropertyChangeEvent;)V 38 <appendix> member <vmtarget> ; # com/formdev/flatlaf/ui/FlatEditorPaneUI$$Lambda+0x0000000800525788
instanceKlass org/freeplane/plugin/ai/chat/AssistantProfileChatMemory
instanceKlass org/freeplane/plugin/ai/chat/ChatMemorySettings
instanceKlass org/freeplane/plugin/ai/chat/ChatUsageTotals
instanceKlass org/freeplane/plugin/ai/tools/utilities/ToolCallSummaryHandler
instanceKlass org/freeplane/plugin/ai/chat/ChatMemoryRenderEntry
instanceKlass org/freeplane/plugin/ai/chat/AIModelDescriptor
instanceKlass dev/langchain4j/memory/ChatMemory
instanceKlass org/freeplane/plugin/ai/chat/ChatRequestFlow$RequestCallbacks
instanceKlass org/freeplane/plugin/ai/maps/MapModelProvider
instanceKlass org/freeplane/plugin/ai/Activator$1$1
instanceKlass org/freeplane/plugin/ai/edits/AIEdits
instanceKlass org/freeplane/plugin/ai/edits/AiEditsPersistenceBuilder$1
instanceKlass org/freeplane/plugin/ai/edits/AiEditsPersistenceBuilder
instanceKlass  @bci org/freeplane/plugin/ai/edits/AiEditsStateIconProvider <init> (Lorg/freeplane/plugin/ai/edits/AiEditsSettings;)V 9 <appendix> argL0 ; # org/freeplane/plugin/ai/edits/AiEditsStateIconProvider$$Lambda+0x00000008004d1728
instanceKlass org/freeplane/plugin/ai/edits/AiEditsStateIconDecision
instanceKlass org/freeplane/plugin/ai/edits/AiEditsStateIconProvider
instanceKlass org/freeplane/plugin/ai/edits/AiEditsSettings
instanceKlass  @bci org/freeplane/plugin/ai/Activator$1 addPluginDefaults ()V 60 <appendix> member <vmtarget> ; # org/freeplane/plugin/ai/Activator$1$$Lambda+0x00000008004c9c90
instanceKlass  @bci org/freeplane/plugin/ai/Activator$1 addPluginDefaults ()V 49 <appendix> argL0 ; # org/freeplane/plugin/ai/Activator$1$$Lambda+0x00000008004c9a30
instanceKlass org/freeplane/plugin/bugreport/ReportGenerator$1
# instanceKlass java/lang/invoke/LambdaForm$MH+0x0000000800528800
# instanceKlass java/lang/invoke/LambdaForm$DMH+0x0000000800528400
# instanceKlass java/lang/invoke/LambdaForm$DMH+0x0000000800528000
instanceKlass  @bci com/formdev/flatlaf/ui/FlatRadioButtonMenuItemUI applyStyle (Ljava/lang/Object;)V 7 <appendix> member <vmtarget> ; # com/formdev/flatlaf/ui/FlatRadioButtonMenuItemUI$$Lambda+0x0000000800525540
instanceKlass  @bci com/formdev/flatlaf/ui/FlatRadioButtonMenuItemUI createPropertyChangeListener (Ljavax/swing/JComponent;)Ljava/beans/PropertyChangeListener; 2 <appendix> member <vmtarget> ; # com/formdev/flatlaf/ui/FlatRadioButtonMenuItemUI$$Lambda+0x0000000800525308
instanceKlass org/freeplane/core/ui/menubuilders/menu/MenuRadioActionComponentProvider
instanceKlass javax/swing/ButtonGroup
instanceKlass org/freeplane/core/ui/components/PropertyChangeListenerWithSelectionSupport
instanceKlass  @bci com/formdev/flatlaf/ui/FlatCheckBoxMenuItemUI applyStyle (Ljava/lang/Object;)V 7 <appendix> member <vmtarget> ; # com/formdev/flatlaf/ui/FlatCheckBoxMenuItemUI$$Lambda+0x0000000800523130
instanceKlass  @bci com/formdev/flatlaf/ui/FlatCheckBoxMenuItemUI createPropertyChangeListener (Ljavax/swing/JComponent;)Ljava/beans/PropertyChangeListener; 2 <appendix> member <vmtarget> ; # com/formdev/flatlaf/ui/FlatCheckBoxMenuItemUI$$Lambda+0x0000000800522ef8
instanceKlass com/sun/org/apache/xerces/internal/util/EncodingMap
instanceKlass  @bci com/formdev/flatlaf/ui/FlatPopupMenuSeparatorUI createUI (Ljavax/swing/JComponent;)Ljavax/swing/plaf/ComponentUI; 9 <appendix> argL0 ; # com/formdev/flatlaf/ui/FlatPopupMenuSeparatorUI$$Lambda+0x0000000800522908
instanceKlass com/sun/xml/internal/stream/StaxXMLInputSource
instanceKlass com/sun/org/apache/xerces/internal/impl/XMLDocumentScannerImpl$DTDDriver
instanceKlass com/sun/org/apache/xerces/internal/impl/dtd/XMLContentSpec
instanceKlass com/sun/org/apache/xerces/internal/impl/dtd/models/ContentModelValidator
instanceKlass com/sun/org/apache/xerces/internal/impl/dtd/DTDGrammar
instanceKlass com/sun/org/apache/xerces/internal/xni/grammars/Grammar
instanceKlass com/sun/org/apache/xerces/internal/impl/validation/EntityState
instanceKlass com/sun/org/apache/xerces/internal/util/URI
instanceKlass com/formdev/flatlaf/ui/FlatMenuItemRenderer$MinSizeIcon
instanceKlass  @bci com/formdev/flatlaf/ui/FlatMenuItemUI applyStyle (Ljava/lang/Object;)V 7 <appendix> member <vmtarget> ; # com/formdev/flatlaf/ui/FlatMenuItemUI$$Lambda+0x0000000800522138
instanceKlass  @bci com/formdev/flatlaf/ui/FlatMenuItemUI createPropertyChangeListener (Ljavax/swing/JComponent;)Ljava/beans/PropertyChangeListener; 2 <appendix> member <vmtarget> ; # com/formdev/flatlaf/ui/FlatMenuItemUI$$Lambda+0x0000000800521f00
instanceKlass org/freeplane/core/ui/AccelerateableAction
instanceKlass org/dpolivaev/mnemonicsetter/MnemonicSetter
instanceKlass org/freeplane/core/ui/menubuilders/menu/PopupMenuListenerForEntry
instanceKlass  @bci com/formdev/flatlaf/ui/FlatMenuUI applyStyle (Ljava/lang/Object;)V 7 <appendix> member <vmtarget> ; # com/formdev/flatlaf/ui/FlatMenuUI$$Lambda+0x0000000800520e78
instanceKlass  @bci com/formdev/flatlaf/ui/FlatHTML createPropertyChangeListener (Ljava/beans/PropertyChangeListener;)Ljava/beans/PropertyChangeListener; 1 <appendix> member <vmtarget> ; # com/formdev/flatlaf/ui/FlatHTML$$Lambda+0x0000000800520c40
instanceKlass  @bci com/formdev/flatlaf/ui/FlatMenuUI createPropertyChangeListener (Ljavax/swing/JComponent;)Ljava/beans/PropertyChangeListener; 2 <appendix> member <vmtarget> ; # com/formdev/flatlaf/ui/FlatMenuUI$$Lambda+0x0000000800520a08
instanceKlass javax/swing/plaf/basic/BasicMenuItemUI$Handler
instanceKlass javax/swing/event/MenuDragMouseListener
instanceKlass javax/swing/plaf/basic/BasicMenuUI$MouseInputHandler
instanceKlass sun/swing/MenuItemLayoutHelper
instanceKlass com/formdev/flatlaf/ui/FlatMenuItemRenderer
instanceKlass javax/swing/JMenuItem$MenuItemFocusListener
instanceKlass javax/swing/JMenu$MenuChangeListener
instanceKlass org/freeplane/core/ui/menubuilders/menu/JMenubarBuilder$1
instanceKlass  @bci com/formdev/flatlaf/ui/FlatMenuBarUI applyStyle (Ljava/lang/Object;)V 7 <appendix> member <vmtarget> ; # com/formdev/flatlaf/ui/FlatMenuBarUI$$Lambda+0x00000008005117f0
instanceKlass  @bci com/formdev/flatlaf/ui/FlatMenuBarUI installListeners ()V 10 <appendix> member <vmtarget> ; # com/formdev/flatlaf/ui/FlatMenuBarUI$$Lambda+0x00000008005112f0
instanceKlass javax/swing/plaf/basic/BasicMenuBarUI$Handler
instanceKlass java/awt/geom/Line2D
instanceKlass  @bci com/formdev/flatlaf/ui/FlatToolBarSeparatorUI applyStyle (Ljava/lang/Object;)V 7 <appendix> member <vmtarget> ; # com/formdev/flatlaf/ui/FlatToolBarSeparatorUI$$Lambda+0x000000080051f650
instanceKlass  @bci com/formdev/flatlaf/ui/FlatToolBarSeparatorUI createUI (Ljavax/swing/JComponent;)Ljavax/swing/plaf/ComponentUI; 9 <appendix> argL0 ; # com/formdev/flatlaf/ui/FlatToolBarSeparatorUI$$Lambda+0x000000080051f420
instanceKlass org/freeplane/core/ui/ActionEnabler
instanceKlass org/freeplane/core/ui/menubuilders/menu/IconReplacer
instanceKlass javax/swing/KeyboardManager
instanceKlass org/freeplane/core/util/Pair
instanceKlass  @bci org/freeplane/core/resources/SetStringPropertyAction <init> (Ljava/lang/String;)V 118 <appendix> member <vmtarget> ; # org/freeplane/core/resources/SetStringPropertyAction$$Lambda+0x000000080051e858
instanceKlass  @bci org/freeplane/core/ui/menubuilders/menu/MenuBuildProcessFactory <init> (Lorg/freeplane/core/ui/IUserInputListenerFactory;Lorg/freeplane/features/mode/FreeplaneActions;Lorg/freeplane/core/ui/menubuilders/generic/ResourceAccessor;Lorg/freeplane/core/ui/menubuilders/action/IAcceleratorMap;Lorg/freeplane/core/ui/menubuilders/action/EntriesForAction;Ljava/util/List;)V 561 <appendix> argL0 ; # org/freeplane/core/ui/menubuilders/menu/MenuBuildProcessFactory$$Lambda+0x000000080051d3b8
instanceKlass org/freeplane/core/ui/menubuilders/generic/PhaseProcessor
instanceKlass org/freeplane/core/ui/menubuilders/generic/ChildEntryFilter
instanceKlass org/freeplane/core/ui/menubuilders/menu/EmptyMenuItemBuilder
instanceKlass org/freeplane/core/ui/menubuilders/menu/JRadioButtonGroupComponentRemover
instanceKlass org/freeplane/core/ui/menubuilders/menu/JMenuRadioGroupBuilder
instanceKlass org/freeplane/core/ui/menubuilders/menu/JComponentRemover
instanceKlass org/freeplane/core/ui/MenuSplitter
instanceKlass org/freeplane/core/ui/components/IKeyBindingManager
instanceKlass org/freeplane/core/ui/menubuilders/menu/MenuActionComponentProvider
instanceKlass org/freeplane/core/ui/menubuilders/menu/JMenuItemBuilder
instanceKlass org/freeplane/core/ui/menubuilders/action/AcceleratebleActionProvider
instanceKlass org/freeplane/core/ui/menubuilders/menu/PopupBuilder
instanceKlass org/freeplane/core/ui/menubuilders/menu/JMenubarBuilder
instanceKlass org/freeplane/core/ui/menubuilders/menu/ToolbarComponentProvider
instanceKlass org/freeplane/core/ui/menubuilders/menu/JToolbarBuilder
instanceKlass org/freeplane/core/ui/menubuilders/menu/MenuAcceleratorChangeListener
instanceKlass org/freeplane/core/ui/menubuilders/generic/EntryPopupListenerCollection
instanceKlass org/freeplane/core/ui/menubuilders/action/ActionStatusUpdater
instanceKlass  @bci org/freeplane/core/ui/menubuilders/menu/MenuBuildProcessFactory <init> (Lorg/freeplane/core/ui/IUserInputListenerFactory;Lorg/freeplane/features/mode/FreeplaneActions;Lorg/freeplane/core/ui/menubuilders/generic/ResourceAccessor;Lorg/freeplane/core/ui/menubuilders/action/IAcceleratorMap;Lorg/freeplane/core/ui/menubuilders/action/EntriesForAction;Ljava/util/List;)V 83 <appendix> argL0 ; # org/freeplane/core/ui/menubuilders/menu/MenuBuildProcessFactory$$Lambda+0x0000000800512718
instanceKlass org/freeplane/core/ui/menubuilders/generic/SubtreeProcessor
instanceKlass org/freeplane/core/ui/menubuilders/action/AcceleratorDestroyer
instanceKlass org/freeplane/core/ui/menubuilders/action/AcceleratorBuilder
instanceKlass org/freeplane/core/ui/menubuilders/menu/ConditionalActionBuilder
instanceKlass org/freeplane/core/ui/menubuilders/action/ActionFinder
instanceKlass org/freeplane/core/ui/menubuilders/generic/EntryPopupListener
instanceKlass org/freeplane/core/ui/menubuilders/menu/MenuBuildProcessFactory
instanceKlass org/freeplane/core/ui/menubuilders/action/EntriesForAction
instanceKlass org/freeplane/core/ui/menubuilders/FreeplaneResourceAccessor
instanceKlass org/freeplane/plugin/codeexplorer/CodeModeControllerFactory$3
instanceKlass org/freeplane/plugin/codeexplorer/CodeModeControllerFactory$2
instanceKlass org/freeplane/plugin/codeexplorer/CodeModeControllerFactory$1
instanceKlass org/freeplane/plugin/codeexplorer/connectors/CodeConnectorFilter
instanceKlass java/util/EnumMap$EntryIterator$Entry
instanceKlass java/util/EnumMap$EnumMapIterator
instanceKlass  @bci org/freeplane/plugin/codeexplorer/map/ShowDependingNodesAction$DependencyDirection <clinit> ()V 106 <appendix> argL0 ; # org/freeplane/plugin/codeexplorer/map/ShowDependingNodesAction$DependencyDirection$$Lambda+0x000000080050e120
instanceKlass  @bci org/freeplane/plugin/codeexplorer/map/ShowDependingNodesAction$DependencyDirection <clinit> ()V 85 <appendix> argL0 ; # org/freeplane/plugin/codeexplorer/map/ShowDependingNodesAction$DependencyDirection$$Lambda+0x000000080050ded0
instanceKlass  @bci org/freeplane/plugin/codeexplorer/map/ShowDependingNodesAction$DependencyDirection <clinit> ()V 64 <appendix> argL0 ; # org/freeplane/plugin/codeexplorer/map/ShowDependingNodesAction$DependencyDirection$$Lambda+0x000000080050dc80
instanceKlass  @bci java/util/function/Function andThen (Ljava/util/function/Function;)Ljava/util/function/Function; 7 <appendix> member <vmtarget> ; # java/util/function/Function$$Lambda+0x0000000800468b10
instanceKlass  @cpi java/util/function/Function 58 form vmentry <vmtarget> ; # java/lang/invoke/LambdaForm$DMH+0x0000000800510000
instanceKlass  @bci org/freeplane/plugin/codeexplorer/map/ShowDependingNodesAction$DependencyDirection dependentClassesFunction (Ljava/util/function/Function;)Ljava/util/function/Function; 1 <appendix> argL0 ; # org/freeplane/plugin/codeexplorer/map/ShowDependingNodesAction$DependencyDirection$$Lambda+0x000000080050da30
instanceKlass  @bci org/freeplane/plugin/codeexplorer/map/ShowDependingNodesAction$DependencyDirection <clinit> ()V 43 <appendix> argL0 ; # org/freeplane/plugin/codeexplorer/map/ShowDependingNodesAction$DependencyDirection$$Lambda+0x000000080050d7e0
instanceKlass  @bci org/freeplane/plugin/codeexplorer/map/ShowDependingNodesAction$DependencyDirection <clinit> ()V 25 <appendix> argL0 ; # org/freeplane/plugin/codeexplorer/map/ShowDependingNodesAction$DependencyDirection$$Lambda+0x000000080050d590
instanceKlass  @bci org/freeplane/plugin/codeexplorer/map/ShowDependingNodesAction$DependencyDirection <clinit> ()V 7 <appendix> argL0 ; # org/freeplane/plugin/codeexplorer/map/ShowDependingNodesAction$DependencyDirection$$Lambda+0x000000080050d340
instanceKlass com/tngtech/archunit/core/domain/properties/HasName
instanceKlass org/freeplane/features/attribute/Attribute
instanceKlass  @bci org/freeplane/plugin/codeexplorer/map/FilterClassesByDependencies <init> ()V 3 <appendix> argL0 ; # org/freeplane/plugin/codeexplorer/map/FilterClassesByDependencies$$Lambda+0x000000080050ca60
instanceKlass org/freeplane/plugin/codeexplorer/task/CodeExplorer
instanceKlass org/freeplane/plugin/codeexplorer/configurator/CodeProjectController$1
instanceKlass com/google/gson/internal/JsonReaderInternalAccess
instanceKlass com/google/gson/internal/GsonTypes$ParameterizedTypeImpl
instanceKlass sun/reflect/generics/reflectiveObjects/LazyReflectiveObjectGenerator
instanceKlass sun/reflect/generics/tree/TypeVariableSignature
instanceKlass sun/reflect/generics/reflectiveObjects/ParameterizedTypeImpl
instanceKlass org/freeplane/plugin/codeexplorer/task/UserDefinedCodeExplorerConfiguration
instanceKlass sun/reflect/generics/tree/ClassSignature
instanceKlass sun/reflect/generics/tree/Signature
instanceKlass sun/reflect/generics/tree/FormalTypeParameter
instanceKlass java/lang/reflect/TypeVariable
instanceKlass sun/reflect/generics/repository/AbstractRepository
instanceKlass com/google/gson/internal/bind/ReflectiveTypeAdapterFactory$BoundField
instanceKlass com/google/gson/internal/bind/ReflectiveTypeAdapterFactory
instanceKlass com/google/gson/internal/bind/JsonAdapterAnnotationTypeAdapterFactory$DummyTypeAdapterFactory
instanceKlass com/google/gson/internal/bind/JsonAdapterAnnotationTypeAdapterFactory
instanceKlass com/google/gson/internal/bind/MapTypeAdapterFactory
instanceKlass com/google/gson/internal/bind/CollectionTypeAdapterFactory
instanceKlass com/google/gson/internal/bind/ArrayTypeAdapter$1
instanceKlass com/google/gson/internal/bind/DefaultDateTypeAdapter$1
instanceKlass java/util/concurrent/atomic/AtomicLongArray
instanceKlass com/google/gson/internal/bind/NumberTypeAdapter$1
instanceKlass com/google/gson/internal/bind/ObjectTypeAdapter$1
instanceKlass com/google/gson/internal/ConstructorConstructor
instanceKlass com/google/gson/internal/sql/SqlTimestampTypeAdapter$1
instanceKlass com/google/gson/internal/sql/SqlTimeTypeAdapter$1
instanceKlass com/google/gson/internal/sql/SqlDateTypeAdapter$1
instanceKlass com/google/gson/internal/bind/DefaultDateTypeAdapter$DateType
instanceKlass com/google/gson/internal/sql/SqlTypesSupport
instanceKlass org/freeplane/plugin/codeexplorer/task/MapAdapter
instanceKlass com/google/gson/internal/bind/TreeTypeAdapter$SingleTypeFactory
instanceKlass com/google/gson/JsonDeserializationContext
instanceKlass com/google/gson/JsonSerializationContext
instanceKlass org/freeplane/plugin/codeexplorer/task/CollectionAdapter
instanceKlass org/freeplane/plugin/codeexplorer/task/OptionalTypeAdapter$1
instanceKlass com/google/gson/internal/bind/TypeAdapters$28
instanceKlass com/google/gson/internal/bind/EnumTypeAdapter$1
instanceKlass com/google/gson/internal/bind/TypeAdapters$31
instanceKlass java/util/UUID
instanceKlass com/google/gson/internal/bind/TypeAdapters$32
instanceKlass java/util/concurrent/atomic/AtomicIntegerArray
instanceKlass com/google/gson/internal/bind/TypeAdapters$30
instanceKlass com/google/gson/internal/bind/TypeAdapters$29
instanceKlass com/google/gson/internal/bind/TypeAdapters
instanceKlass java/lang/reflect/ParameterizedType
instanceKlass java/lang/reflect/WildcardType
instanceKlass com/google/gson/internal/GsonTypes
instanceKlass com/google/gson/reflect/TypeToken
instanceKlass com/google/gson/internal/GsonPreconditions
instanceKlass com/google/gson/InstanceCreator
instanceKlass com/google/gson/JsonDeserializer
instanceKlass com/google/gson/JsonSerializer
instanceKlass com/google/gson/FormattingStyle
instanceKlass com/google/gson/stream/JsonReader
instanceKlass com/google/gson/stream/JsonWriter
instanceKlass com/google/gson/ToNumberStrategy
instanceKlass com/google/gson/Gson
instanceKlass com/google/gson/JsonElement
instanceKlass com/google/gson/TypeAdapter
instanceKlass com/google/gson/internal/Excluder
instanceKlass com/google/gson/TypeAdapterFactory
instanceKlass com/google/gson/FieldNamingStrategy
instanceKlass com/google/gson/GsonBuilder
instanceKlass org/freeplane/plugin/codeexplorer/task/CodeExplorerConfigurations
instanceKlass org/freeplane/plugin/codeexplorer/task/CodeExplorerConfiguration
instanceKlass org/freeplane/plugin/codeexplorer/configurator/CodeProjectController
instanceKlass com/tngtech/archunit/base/ClassLoaders
instanceKlass com/tngtech/archunit/thirdparty/com/google/common/collect/PeekingIterator
instanceKlass com/tngtech/archunit/thirdparty/com/google/common/collect/Iterators
instanceKlass com/tngtech/archunit/thirdparty/com/google/common/collect/ImmutableSet$SetBuilderImpl
instanceKlass com/tngtech/archunit/thirdparty/com/google/common/collect/Hashing
instanceKlass com/tngtech/archunit/thirdparty/com/google/common/collect/CollectPreconditions
instanceKlass com/tngtech/archunit/thirdparty/com/google/common/collect/AbstractMapEntry
instanceKlass com/tngtech/archunit/thirdparty/com/google/common/collect/UnmodifiableIterator
instanceKlass com/tngtech/archunit/thirdparty/com/google/common/collect/BiMap
instanceKlass com/tngtech/archunit/thirdparty/com/google/common/collect/ImmutableMap
instanceKlass com/tngtech/archunit/ArchConfiguration$PropertiesOverwritableBySystemProperties
instanceKlass com/tngtech/archunit/thirdparty/com/google/common/base/Preconditions
instanceKlass  @bci com/tngtech/archunit/thirdparty/com/google/common/base/Suppliers$NonSerializableMemoizingSupplier <clinit> ()V 0 <appendix> argL0 ; # com/tngtech/archunit/thirdparty/com/google/common/base/Suppliers$NonSerializableMemoizingSupplier$$Lambda+0x00000008004e1e90
instanceKlass com/tngtech/archunit/thirdparty/com/google/common/base/Suppliers$MemoizingSupplier
instanceKlass com/tngtech/archunit/thirdparty/com/google/common/base/Suppliers$NonSerializableMemoizingSupplier
instanceKlass com/tngtech/archunit/thirdparty/com/google/common/base/Function
instanceKlass com/tngtech/archunit/thirdparty/com/google/common/base/Suppliers
instanceKlass  @bci com/tngtech/archunit/base/Suppliers memoize (Ljava/util/function/Supplier;)Ljava/util/function/Supplier; 6 <appendix> member <vmtarget> ; # com/tngtech/archunit/base/Suppliers$$Lambda+0x00000008004e1368
instanceKlass com/tngtech/archunit/thirdparty/com/google/common/base/Supplier
instanceKlass com/tngtech/archunit/base/Suppliers
instanceKlass  @bci com/tngtech/archunit/ArchConfiguration <clinit> ()V 8 <appendix> argL0 ; # com/tngtech/archunit/ArchConfiguration$$Lambda+0x00000008004e0d10
instanceKlass org/slf4j/spi/LoggingEventBuilder
instanceKlass org/slf4j/helpers/NamedLoggerBase
instanceKlass org/slf4j/helpers/Reporter
instanceKlass java/util/ServiceLoader$LazyClassPathLookupIterator$2
instanceKlass org/slf4j/nop/NOPServiceProvider
instanceKlass  @bci jdk/internal/loader/BuiltinClassLoader findResourcesOnClassPath (Ljava/lang/String;)Ljava/util/Enumeration; 25 <appendix> member <vmtarget> ; # jdk/internal/loader/BuiltinClassLoader$$Lambda+0x0000000800465130
instanceKlass  @bci org/slf4j/LoggerFactory getServiceLoader (Ljava/lang/ClassLoader;)Ljava/util/ServiceLoader; 19 <appendix> member <vmtarget> ; # org/slf4j/LoggerFactory$$Lambda+0x00000008004deda8
instanceKlass org/slf4j/helpers/Util
instanceKlass org/slf4j/helpers/NOPMDCAdapter
instanceKlass org/slf4j/helpers/NOPLoggerFactory
instanceKlass org/slf4j/helpers/NOP_FallbackServiceProvider
instanceKlass org/slf4j/helpers/ThreadLocalMapOfStacks
instanceKlass org/slf4j/helpers/BasicMDCAdapter
instanceKlass org/slf4j/Marker
instanceKlass org/slf4j/helpers/BasicMarkerFactory
instanceKlass org/slf4j/Logger
instanceKlass org/slf4j/helpers/SubstituteLoggerFactory
instanceKlass org/slf4j/ILoggerFactory
instanceKlass org/slf4j/spi/MDCAdapter
instanceKlass org/slf4j/IMarkerFactory
instanceKlass org/slf4j/helpers/SubstituteServiceProvider
instanceKlass org/slf4j/event/LoggingEvent
instanceKlass org/slf4j/spi/SLF4JServiceProvider
instanceKlass org/slf4j/LoggerFactory
instanceKlass com/tngtech/archunit/ArchConfiguration
instanceKlass org/freeplane/plugin/codeexplorer/CodeModeControllerFactory
instanceKlass  @bci org/freeplane/plugin/codeexplorer/archunit/ArchUnitServer <init> ()V 51 <appendix> member <vmtarget> ; # org/freeplane/plugin/codeexplorer/archunit/ArchUnitServer$$Lambda+0x00000008004db000
instanceKlass java/util/concurrent/Executors$DefaultThreadFactory
instanceKlass java/util/concurrent/LinkedTransferQueue$DualNode
instanceKlass java/util/concurrent/TransferQueue
instanceKlass  @bci org/freeplane/plugin/codeexplorer/archunit/ArchUnitServer <init> ()V 17 <appendix> argL0 ; # org/freeplane/plugin/codeexplorer/archunit/ArchUnitServer$$Lambda+0x00000008004dac98
instanceKlass com/tngtech/archunit/freeplane/extension/ArchitectureViolations
instanceKlass org/freeplane/plugin/codeexplorer/archunit/ArchUnitServer
instanceKlass  @bci java/util/concurrent/Executors$AutoShutdownDelegatedExecutorService <init> (Ljava/util/concurrent/ExecutorService;)V 6 <appendix> member <vmtarget> ; # java/util/concurrent/Executors$AutoShutdownDelegatedExecutorService$$Lambda+0x0000000800462c00
instanceKlass java/util/concurrent/LinkedBlockingQueue$Node
instanceKlass java/util/concurrent/ThreadPoolExecutor$AbortPolicy
instanceKlass java/util/concurrent/RejectedExecutionHandler
instanceKlass java/util/concurrent/Executors$DelegatedExecutorService
instanceKlass java/util/concurrent/Executors
instanceKlass  @bci org/freeplane/plugin/codeexplorer/Activator$1 installExtension (Lorg/freeplane/features/mode/Controller;Lorg/freeplane/main/application/CommandLineOptions;Lorg/freeplane/main/mindmapmode/stylemode/ExtensionInstaller$Context;)V 22 <appendix> member <vmtarget> ; # org/freeplane/plugin/codeexplorer/Activator$1$$Lambda+0x00000008004d3490
instanceKlass org/freeplane/plugin/bugreport/ManualBugReporter
instanceKlass org/osgi/framework/hooks/service/FindHook
instanceKlass org/freeplane/main/osgi/ActivatorImpl$OsgiExtentionInstaller
instanceKlass org/freeplane/plugin/svg/Activator$1
instanceKlass org/freeplane/plugin/svg/Activator
instanceKlass org/freeplane/plugin/script/UniqueStack
instanceKlass org/freeplane/plugin/script/FormulaThreadLocalStacks
instanceKlass org/freeplane/api/MindMap
instanceKlass org/freeplane/api/MindMapRO
instanceKlass org/freeplane/api/Script
instanceKlass org/freeplane/api/Loader
instanceKlass org/freeplane/api/HeadlessLoader
instanceKlass org/freeplane/plugin/script/proxy/ControllerProxy
instanceKlass org/freeplane/plugin/script/proxy/Proxy$Node
instanceKlass org/freeplane/api/Node
instanceKlass org/freeplane/plugin/script/proxy/Proxy$NodeRO
instanceKlass org/freeplane/api/NodeRO
instanceKlass org/freeplane/plugin/script/proxy/Proxy$Controller
instanceKlass org/freeplane/plugin/script/proxy/Proxy$ControllerRO
instanceKlass org/freeplane/plugin/script/proxy/ScriptUtils
instanceKlass org/freeplane/plugin/script/Activator$1
instanceKlass org/freeplane/plugin/script/Activator
instanceKlass org/freeplane/plugin/openmaps/Activator$1
instanceKlass org/freeplane/plugin/openmaps/Activator
instanceKlass org/freeplane/plugin/markdown/Activator$1
instanceKlass org/freeplane/plugin/markdown/Activator
instanceKlass org/freeplane/plugin/latex/Activator$1
instanceKlass org/freeplane/plugin/latex/Activator
instanceKlass org/freeplane/plugin/jsyntaxpane/Activator$1
instanceKlass org/freeplane/plugin/jsyntaxpane/Activator
instanceKlass org/freeplane/plugin/formula/Activator$FormulaPluginRegistration
instanceKlass org/freeplane/plugin/formula/Activator
instanceKlass org/freeplane/plugin/codeexplorer/Activator$1
instanceKlass org/freeplane/plugin/codeexplorer/Activator
instanceKlass org/freeplane/plugin/bugreport/IBugReportListener
instanceKlass org/freeplane/plugin/bugreport/Activator$1
instanceKlass org/freeplane/main/osgi/IControllerExtensionProvider
instanceKlass org/freeplane/plugin/bugreport/Activator
instanceKlass org/osgi/framework/SignerProperty
instanceKlass org/osgi/framework/AdminPermission$1
instanceKlass org/freeplane/plugin/ai/Activator$1
instanceKlass org/freeplane/main/osgi/IModeControllerExtensionProvider
instanceKlass org/freeplane/plugin/ai/Activator
instanceKlass org/freeplane/plugin/ai/bootstrap/Java8BootstrapActivator$TextUtilsBootstrapMessageProvider
instanceKlass org/freeplane/plugin/ai/bootstrap/Java8BootstrapActivator$BootstrapMessageProvider
instanceKlass org/freeplane/plugin/ai/bootstrap/Java8BootstrapActivator
instanceKlass org/knopflerfish/framework/Resolver$SavedTempState
instanceKlass java/util/Collections$UnmodifiableMap$UnmodifiableEntrySet$1
instanceKlass org/osgi/framework/hooks/bundle/FindHook
instanceKlass org/freeplane/features/mode/mindmapmode/LoadAcceleratorPresetsAction$AcceleratorPresetsBuilder
instanceKlass org/freeplane/main/filemode/FModeControllerFactory$2
instanceKlass org/freeplane/main/filemode/FModeControllerFactory$1
instanceKlass org/freeplane/main/filemode/FModeControllerFactory
instanceKlass org/freeplane/main/application/LastOpenedList$1
instanceKlass org/freeplane/view/swing/features/nodehistory/NodeHistory$1
instanceKlass org/freeplane/view/swing/features/nodehistory/NodeHistory$2
instanceKlass org/freeplane/features/map/mindmapmode/ChangeNodeLevelController
instanceKlass org/freeplane/features/encrypt/PasswordStrategy
instanceKlass org/freeplane/features/encrypt/EncryptionController$1
instanceKlass org/freeplane/features/encrypt/EncryptionController
instanceKlass org/freeplane/main/mindmapmode/UpdateCheckAction$1
instanceKlass org/freeplane/main/mindmapmode/UpdateCheckAction$4
instanceKlass org/freeplane/features/presentations/mindmapmode/PresentationKeyEventDispatcher
instanceKlass org/freeplane/features/presentations/mindmapmode/PresentationAutomation
instanceKlass org/freeplane/features/presentations/mindmapmode/EscapeKeyEventDispatcher
instanceKlass org/freeplane/features/presentations/mindmapmode/NavigationKeyEventDispatcher
instanceKlass org/freeplane/features/presentations/mindmapmode/PresentationController$2
instanceKlass org/freeplane/features/presentations/mindmapmode/PresentationController$1
instanceKlass org/freeplane/features/presentations/mindmapmode/PresentationController$10
# instanceKlass java/lang/invoke/LambdaForm$DMH+0x00000008004c8000
instanceKlass  @bci javax/swing/border/TitledBorder installPropertyChangeListeners ()V 32 <appendix> member <vmtarget> ; # javax/swing/border/TitledBorder$$Lambda+0x00000008004603e0
instanceKlass  @bci javax/swing/border/TitledBorder installPropertyChangeListeners ()V 10 <appendix> member <vmtarget> ; # javax/swing/border/TitledBorder$$Lambda+0x00000008004601a8
instanceKlass org/freeplane/features/presentations/mindmapmode/PresentationPngExporter$ActionInstaller
instanceKlass org/freeplane/features/presentations/mindmapmode/PresentationBuilder$2
instanceKlass org/freeplane/features/presentations/mindmapmode/MapPresentations
instanceKlass org/freeplane/features/presentations/mindmapmode/PresentationBuilder$1
instanceKlass org/freeplane/features/presentations/mindmapmode/PresentationBuilder
instanceKlass org/freeplane/features/presentations/mindmapmode/PresentationController$5
instanceKlass org/freeplane/features/presentations/mindmapmode/PresentationController$4
instanceKlass org/freeplane/features/presentations/mindmapmode/PresentationEditorController$3
instanceKlass org/freeplane/features/presentations/mindmapmode/PresentationEditorController$2
instanceKlass org/freeplane/features/presentations/mindmapmode/NavigationPanelController$1
instanceKlass org/freeplane/features/presentations/mindmapmode/NavigationPanelController
instanceKlass org/freeplane/features/presentations/mindmapmode/PresentationEditorController$1
instanceKlass org/freeplane/features/presentations/mindmapmode/SlideEditorController$3
instanceKlass org/freeplane/features/presentations/mindmapmode/SlideEditorController$16
instanceKlass org/freeplane/features/presentations/mindmapmode/SlideEditorController$14
instanceKlass org/freeplane/features/presentations/mindmapmode/SlideEditorController$13
instanceKlass org/freeplane/features/presentations/mindmapmode/SlideEditorController$12
instanceKlass org/freeplane/features/presentations/mindmapmode/SlideEditorController$11
instanceKlass org/freeplane/features/presentations/mindmapmode/SlideEditorController$9
instanceKlass org/freeplane/features/presentations/mindmapmode/SlideEditorController$4
instanceKlass org/freeplane/features/presentations/mindmapmode/SlideEditorController$10
instanceKlass org/freeplane/features/presentations/mindmapmode/SlideEditorController$15
instanceKlass org/freeplane/features/presentations/mindmapmode/SlideEditorController$8
instanceKlass org/freeplane/features/presentations/mindmapmode/SlideEditorController$7
instanceKlass org/freeplane/features/presentations/mindmapmode/SlideEditorController$6
instanceKlass org/freeplane/features/presentations/mindmapmode/SlideEditorController$5
instanceKlass org/freeplane/features/presentations/mindmapmode/SlideEditorController$1
instanceKlass org/freeplane/features/presentations/mindmapmode/SlideChangeListener
instanceKlass org/freeplane/features/presentations/mindmapmode/SlideEditorController
instanceKlass org/freeplane/features/presentations/mindmapmode/CollectionBoxController$2
instanceKlass org/freeplane/features/presentations/mindmapmode/CollectionBoxController$8
instanceKlass org/freeplane/features/presentations/mindmapmode/CollectionBoxController$3
instanceKlass org/freeplane/features/presentations/mindmapmode/CollectionBoxController$4
instanceKlass org/freeplane/features/presentations/mindmapmode/CollectionBoxController$5
instanceKlass org/freeplane/features/presentations/mindmapmode/CollectionBoxController$6
instanceKlass org/freeplane/features/presentations/mindmapmode/CollectionBoxController$7
instanceKlass org/freeplane/features/presentations/mindmapmode/CollectionBoxController$1
instanceKlass  @bci com/formdev/flatlaf/ui/FlatListCellBorder getBorderInsets (Ljava/awt/Component;Ljava/awt/Insets;)Ljava/awt/Insets; 1 <appendix> argL0 ; # com/formdev/flatlaf/ui/FlatListCellBorder$$Lambda+0x00000008004bd248
instanceKlass org/freeplane/features/presentations/mindmapmode/CollectionBoxController
instanceKlass org/freeplane/features/presentations/mindmapmode/PresentationEditorController
instanceKlass org/freeplane/features/presentations/mindmapmode/PresentationController$3
instanceKlass org/freeplane/features/presentations/mindmapmode/Slide
instanceKlass org/freeplane/features/presentations/mindmapmode/NamedElement
instanceKlass org/freeplane/features/presentations/mindmapmode/PresentationState
instanceKlass org/freeplane/features/presentations/mindmapmode/NamedElementFactory
instanceKlass org/freeplane/features/presentations/mindmapmode/CollectionChangeListener
instanceKlass org/freeplane/features/presentations/mindmapmode/PresentationStateChangeListener
instanceKlass org/freeplane/features/presentations/mindmapmode/PresentationController
instanceKlass org/freeplane/view/swing/features/filepreview/ViewerController$CombiFactory
instanceKlass org/freeplane/view/swing/features/filepreview/ScalableComponent
instanceKlass org/freeplane/view/swing/features/filepreview/BitmapViewerFactory
instanceKlass org/freeplane/view/swing/features/filepreview/ViewerController$MyMouseListener
instanceKlass org/freeplane/view/swing/features/filepreview/ExternalResource
instanceKlass org/freeplane/view/swing/features/filepreview/MExternalImageDropListener
instanceKlass org/freeplane/view/swing/features/filepreview/IViewerFactory
instanceKlass org/freeplane/features/ui/INodeViewLifeCycleListener
instanceKlass org/freeplane/features/edge/AutomaticEdgeColorHook$Listener
instanceKlass org/freeplane/features/edge/AutomaticEdgeColor
instanceKlass org/freeplane/view/swing/features/time/mindmapmode/ReminderHook$4
instanceKlass org/freeplane/view/swing/features/time/mindmapmode/ReminderHook$3
instanceKlass org/freeplane/features/script/IScriptEditorStarter
instanceKlass org/freeplane/view/swing/features/time/mindmapmode/TimeManagement$5
instanceKlass org/freeplane/view/swing/features/time/mindmapmode/TimeManagement$1DateFormatComboBoxElement
instanceKlass org/freeplane/view/swing/features/time/mindmapmode/TimeManagement$JTimePanel$2
instanceKlass com/jgoodies/forms/factories/ComponentFactory
instanceKlass com/jgoodies/forms/FormsSetup
instanceKlass com/jgoodies/forms/layout/CellConstraints$Alignment
instanceKlass com/jgoodies/forms/layout/CellConstraints
instanceKlass com/jgoodies/forms/layout/FormLayout$CachingMeasure
instanceKlass com/jgoodies/forms/layout/FormLayout$ComponentSizeCache
instanceKlass com/jgoodies/forms/layout/PrototypeSize
instanceKlass com/jgoodies/common/base/Strings
instanceKlass com/jgoodies/forms/layout/FormSpecParser
instanceKlass com/jgoodies/forms/layout/LayoutMap
instanceKlass com/jgoodies/forms/layout/BoundedSize
instanceKlass com/jgoodies/common/base/SystemUtils
instanceKlass com/jgoodies/forms/util/LayoutStyle
instanceKlass com/jgoodies/common/base/Preconditions
instanceKlass com/jgoodies/forms/layout/FormSpec$DefaultAlignment
instanceKlass com/jgoodies/forms/layout/FormSpec
instanceKlass com/jgoodies/forms/layout/FormSpecs
instanceKlass com/jgoodies/forms/layout/FormLayout$Measure
instanceKlass com/jgoodies/forms/layout/FormLayout
instanceKlass com/jgoodies/common/internal/StringResourceAccessor
instanceKlass com/jgoodies/forms/internal/AbstractBuilder
instanceKlass sun/font/StandardGlyphVector$GlyphStrike
instanceKlass sun/font/FontSubstitution
instanceKlass java/awt/font/GlyphVector
instanceKlass org/freeplane/features/format/IFormattedObject
instanceKlass org/freeplane/features/time/TimeComboBoxEditor$2
instanceKlass org/freeplane/core/ui/components/calendar/JEditorPopupMenu$1
instanceKlass org/freeplane/core/ui/components/calendar/JTimeChooser$2
instanceKlass org/freeplane/core/ui/components/calendar/JTimeChooser$1
instanceKlass javax/swing/TimerQueue$DelayedTimer
instanceKlass java/util/concurrent/Delayed
instanceKlass  @bci org/freeplane/core/ui/components/calendar/JDayChooser scheduleNextUpdateForTomorrow ()V 80 <appendix> member <vmtarget> ; # org/freeplane/core/ui/components/calendar/JDayChooser$$Lambda+0x00000008004aba50
instanceKlass sun/util/calendar/Era
# instanceKlass java/lang/invoke/LambdaForm$MH+0x00000008004ac000
instanceKlass java/awt/GridLayout
instanceKlass  @bci com/formdev/flatlaf/ui/FlatSpinnerUI applyStyle (Ljava/lang/Object;)V 7 <appendix> member <vmtarget> ; # com/formdev/flatlaf/ui/FlatSpinnerUI$$Lambda+0x00000008004a5940
instanceKlass javax/swing/plaf/basic/BasicSpinnerUI$Handler
instanceKlass com/formdev/flatlaf/ui/FlatSpinnerUI$Handler
instanceKlass javax/swing/text/GapContent$UndoPosRef
instanceKlass javax/swing/JSpinner$ModelListener
instanceKlass sun/swing/text/UndoableEditLockSupport
instanceKlass javax/swing/text/DefaultCaret$1
instanceKlass javax/swing/text/AbstractDocument$UndoRedoDocumentEvent
instanceKlass javax/swing/event/DocumentEvent$ElementChange
instanceKlass javax/swing/text/SegmentCache
instanceKlass javax/swing/text/Utilities
instanceKlass javax/swing/event/DocumentEvent$EventType
instanceKlass javax/swing/event/DocumentEvent
instanceKlass javax/swing/undo/AbstractUndoableEdit
instanceKlass javax/swing/undo/UndoableEdit
instanceKlass java/text/FieldPosition$Delegate
instanceKlass java/text/Format$FieldDelegate
instanceKlass javax/swing/text/NavigationFilter$FilterBypass
instanceKlass javax/swing/text/DocumentFilter
instanceKlass javax/swing/JFormattedTextField$AbstractFormatterFactory
instanceKlass  @bci sun/util/locale/provider/JRELocaleProviderAdapter getCurrencyNameProvider ()Ljava/util/spi/CurrencyNameProvider; 8 <appendix> member <vmtarget> ; # sun/util/locale/provider/JRELocaleProviderAdapter$$Lambda+0x0000000800455208
instanceKlass java/util/Currency$CurrencyNameGetter
instanceKlass java/util/Currency$OtherCurrencyEntry
instanceKlass java/util/Currency$SpecialCaseEntry
instanceKlass java/util/Currency$1
instanceKlass java/util/Currency
instanceKlass javax/swing/JFormattedTextField$AbstractFormatter
instanceKlass javax/swing/JFormattedTextField$DocumentHandler
instanceKlass javax/swing/AbstractSpinnerModel
instanceKlass javax/swing/JSpinner$DisabledAction
instanceKlass org/freeplane/features/time/TimeComboBoxEditor$ShowCalendarAction
instanceKlass org/freeplane/view/swing/features/time/mindmapmode/ReminderConditionController
instanceKlass org/freeplane/view/swing/features/time/mindmapmode/ReminderHook$1
instanceKlass org/freeplane/view/swing/features/time/mindmapmode/ReminderHook$2
instanceKlass org/freeplane/core/ui/textchanger/TranslatedElementFactory$1
instanceKlass org/dpolivaev/mnemonicsetter/ButtonNameMnemonicHolder
instanceKlass  @bci com/formdev/flatlaf/ui/FlatTableUI applyStyle (Ljava/lang/Object;)V 29 <appendix> member <vmtarget> ; # com/formdev/flatlaf/ui/FlatTableUI$$Lambda+0x00000008004982c8
instanceKlass javax/swing/table/TableColumn
instanceKlass javax/swing/TransferHandler$DropLocation
instanceKlass  @bci com/formdev/flatlaf/ui/FlatTableUI installListeners ()V 6 <appendix> member <vmtarget> ; # com/formdev/flatlaf/ui/FlatTableUI$$Lambda+0x0000000800497c50
instanceKlass javax/swing/plaf/basic/BasicTableUI$Handler
instanceKlass javax/swing/plaf/basic/BasicTableUI$FocusHandler
instanceKlass com/formdev/flatlaf/ui/FlatTableUI$FlatTablePropertyWatcher
instanceKlass com/formdev/flatlaf/ui/FlatViewportUI$ViewportPainter
instanceKlass javax/swing/AbstractCellEditor
instanceKlass javax/swing/tree/TreeCellEditor
instanceKlass javax/swing/table/TableCellEditor
instanceKlass javax/swing/CellEditor
instanceKlass  @bci com/formdev/flatlaf/ui/FlatTableHeaderUI applyStyle (Ljava/lang/Object;)V 7 <appendix> member <vmtarget> ; # com/formdev/flatlaf/ui/FlatTableHeaderUI$$Lambda+0x0000000800495240
instanceKlass  @bci com/formdev/flatlaf/ui/FlatTableHeaderUI installListeners ()V 10 <appendix> member <vmtarget> ; # com/formdev/flatlaf/ui/FlatTableHeaderUI$$Lambda+0x000000080048fd98
instanceKlass javax/swing/plaf/basic/BasicTableHeaderUI$MouseInputHandler
instanceKlass javax/swing/plaf/basic/BasicTableHeaderUI$1
instanceKlass sun/swing/table/DefaultTableCellHeaderRenderer$EmptyIcon
instanceKlass  @bci javax/swing/JTable createDefaultEditors ()V 53 <appendix> argL0 ; # javax/swing/JTable$$Lambda+0x00000008004471f0
instanceKlass  @bci javax/swing/JTable createDefaultEditors ()V 37 <appendix> argL0 ; # javax/swing/JTable$$Lambda+0x0000000800446fc0
instanceKlass  @bci javax/swing/JTable createDefaultEditors ()V 22 <appendix> argL0 ; # javax/swing/JTable$$Lambda+0x0000000800446d90
instanceKlass  @bci javax/swing/JTable createDefaultRenderers ()V 134 <appendix> argL0 ; # javax/swing/JTable$$Lambda+0x0000000800446b60
instanceKlass  @bci javax/swing/JTable createDefaultRenderers ()V 118 <appendix> argL0 ; # javax/swing/JTable$$Lambda+0x0000000800446930
instanceKlass  @bci javax/swing/JTable createDefaultRenderers ()V 102 <appendix> argL0 ; # javax/swing/JTable$$Lambda+0x0000000800446700
instanceKlass  @bci javax/swing/JTable createDefaultRenderers ()V 86 <appendix> argL0 ; # javax/swing/JTable$$Lambda+0x00000008004464d0
instanceKlass  @bci javax/swing/JTable createDefaultRenderers ()V 70 <appendix> argL0 ; # javax/swing/JTable$$Lambda+0x00000008004462a0
instanceKlass  @bci javax/swing/JTable createDefaultRenderers ()V 54 <appendix> argL0 ; # javax/swing/JTable$$Lambda+0x0000000800446070
instanceKlass  @bci javax/swing/JTable createDefaultRenderers ()V 38 <appendix> argL0 ; # javax/swing/JTable$$Lambda+0x0000000800445e40
instanceKlass  @bci javax/swing/JTable createDefaultRenderers ()V 23 <appendix> argL0 ; # javax/swing/JTable$$Lambda+0x0000000800445c10
instanceKlass javax/swing/table/DefaultTableColumnModel
instanceKlass javax/swing/table/TableColumnModel
instanceKlass org/freeplane/view/swing/features/time/mindmapmode/nodelist/NodeList$MapChangeListener$1
instanceKlass org/freeplane/view/swing/features/time/mindmapmode/nodelist/NodeList$MapChangeListener
instanceKlass  @bci com/formdev/flatlaf/ui/FlatRadioButtonUI applyStyle (Ljavax/swing/AbstractButton;Ljava/lang/Object;)V 8 <appendix> member <vmtarget> ; # com/formdev/flatlaf/ui/FlatRadioButtonUI$$Lambda+0x000000080048e4b0
instanceKlass  @bci com/formdev/flatlaf/ui/FlatCheckBoxUI createUI (Ljavax/swing/JComponent;)Ljavax/swing/plaf/ComponentUI; 16 <appendix> argL0 ; # com/formdev/flatlaf/ui/FlatCheckBoxUI$$Lambda+0x000000080048df88
instanceKlass  @bci org/freeplane/view/swing/features/time/mindmapmode/nodelist/NodeList <init> (Ljava/lang/String;ZLjava/lang/String;)V 123 <appendix> member <vmtarget> ; # org/freeplane/view/swing/features/time/mindmapmode/nodelist/NodeList$$Lambda+0x000000080048d2f0
instanceKlass org/freeplane/view/swing/features/time/mindmapmode/nodelist/NodeList$FilterTextDocumentListener
instanceKlass javax/swing/table/AbstractTableModel
instanceKlass org/freeplane/core/resources/WindowConfigurationStorage
instanceKlass org/freeplane/view/swing/features/time/mindmapmode/nodelist/TextAccessor
instanceKlass org/freeplane/view/swing/features/time/mindmapmode/nodelist/NodeList
instanceKlass org/freeplane/view/swing/features/time/mindmapmode/TimeManagement
instanceKlass org/freeplane/view/swing/features/time/mindmapmode/ReminderExtension
instanceKlass org/freeplane/features/time/CreationModificationDatePresenter$3
instanceKlass org/freeplane/features/time/CreationModificationDatePresenter$2
instanceKlass org/freeplane/features/time/CreationModificationDatePresenter$1
instanceKlass org/freeplane/features/time/CreationModificationDatePresenter
instanceKlass org/freeplane/features/map/mindmapmode/SummaryNodeMapUpdater
instanceKlass org/freeplane/features/map/FirstGroupNodeFlag
instanceKlass org/freeplane/features/map/SummaryNodeFlag
instanceKlass org/freeplane/view/swing/features/BlinkingNodeHook$TimerColorChanger
instanceKlass org/freeplane/features/styles/AutomaticLayoutController$1
instanceKlass java/util/RegularEnumSet$EnumSetIterator
instanceKlass org/freeplane/features/bookmarks/mindmapmode/BookmarksController$2
instanceKlass org/freeplane/features/bookmarks/mindmapmode/BookmarksController$1
instanceKlass org/freeplane/features/bookmarks/mindmapmode/MapBookmarks
instanceKlass org/freeplane/features/bookmarks/mindmapmode/BookmarksBuilder
instanceKlass org/freeplane/features/bookmarks/mindmapmode/BookmarkEditor
instanceKlass org/freeplane/features/bookmarks/mindmapmode/ui/BookmarkButtonConfigurator
instanceKlass org/freeplane/features/bookmarks/mindmapmode/ui/BookmarksToolbarBuilder
instanceKlass org/freeplane/features/bookmarks/mindmapmode/BookmarksController
instanceKlass org/freeplane/features/icon/hierarchicalicons/HierarchicalIcons$1
instanceKlass org/freeplane/features/icon/mindmapmode/TagPanelManager$TableCreator
instanceKlass org/freeplane/features/icon/mindmapmode/TagPanelManager
instanceKlass org/freeplane/features/attribute/IColumnWidthChangeListener
instanceKlass org/freeplane/view/swing/map/attribute/AttributePanelManager$TableCreator
instanceKlass org/freeplane/view/swing/map/attribute/AttributePanelManager
instanceKlass javax/accessibility/AccessibleRelationSet
instanceKlass javax/accessibility/AccessibleContext$1
instanceKlass sun/awt/AWTAccessor$AccessibleContextAccessor
instanceKlass javax/accessibility/AccessibleContext
instanceKlass javax/accessibility/AccessibleValue
instanceKlass javax/accessibility/AccessibleComponent
instanceKlass org/freeplane/features/styles/mindmapmode/styleeditorpanel/StyleEditorPanel$1
instanceKlass org/freeplane/features/styles/mindmapmode/styleeditorpanel/CloudColorShapeControlGroup$1
instanceKlass  @bci org/freeplane/core/resources/components/ComboProperty of (Ljava/lang/String;Ljava/lang/Class;)Lorg/freeplane/core/resources/components/ComboProperty; 2 <appendix> argL0 ; # org/freeplane/core/resources/components/ComboProperty$$Lambda+0x00000008004398d8
instanceKlass org/freeplane/core/ui/components/RenderedContent
instanceKlass org/freeplane/core/ui/components/RenderedContentSupplier
instanceKlass  @bci org/freeplane/core/resources/components/ColorProperty <init> (Ljava/lang/String;Ljava/lang/String;Z)V 29 <appendix> member <vmtarget> ; # org/freeplane/core/resources/components/ColorProperty$$Lambda+0x0000000800437bd0
instanceKlass java/awt/TexturePaint
instanceKlass org/freeplane/features/styles/mindmapmode/styleeditorpanel/CloudColorShapeControlGroup
instanceKlass org/freeplane/features/styles/mindmapmode/styleeditorpanel/EdgeColorControlGroup
instanceKlass org/freeplane/features/styles/mindmapmode/styleeditorpanel/EdgeStyleControlGroup
instanceKlass org/freeplane/features/styles/mindmapmode/styleeditorpanel/EdgeDashControlGroup
instanceKlass org/freeplane/features/styles/mindmapmode/styleeditorpanel/EdgeWidthControlGroup
instanceKlass org/freeplane/features/styles/mindmapmode/styleeditorpanel/BorderColorAndColorMatchesEdgeControlGroup
instanceKlass org/freeplane/features/styles/mindmapmode/styleeditorpanel/BorderDashAndDashMatchesEdgeControlGroup
instanceKlass org/freeplane/features/styles/mindmapmode/styleeditorpanel/BorderWidthAndBorderWidthMatchesEdgeControlGroup
instanceKlass org/freeplane/features/styles/mindmapmode/styleeditorpanel/ChildVerticalGapControlGroup
instanceKlass org/freeplane/features/styles/mindmapmode/styleeditorpanel/ChildHorizontalGapControlGroup
instanceKlass org/freeplane/features/styles/mindmapmode/styleeditorpanel/ChildNodesLayoutControlGroup
instanceKlass org/freeplane/features/styles/mindmapmode/styleeditorpanel/MaxNodeWidthControlGroup
instanceKlass org/freeplane/features/styles/mindmapmode/styleeditorpanel/MinNodeWidthControlGroup
instanceKlass org/freeplane/features/styles/mindmapmode/styleeditorpanel/NodeShapeControlGroup
instanceKlass org/freeplane/features/styles/mindmapmode/styleeditorpanel/NoteContentTypeControlGroup
instanceKlass org/freeplane/features/styles/mindmapmode/styleeditorpanel/DetailContentTypeControlGroup
instanceKlass org/freeplane/features/styles/mindmapmode/styleeditorpanel/NodeNumberingControlGroup
instanceKlass org/freeplane/features/styles/mindmapmode/styleeditorpanel/FormatControlGroup
instanceKlass org/freeplane/features/styles/mindmapmode/styleeditorpanel/IconSizeControlGroup
instanceKlass org/freeplane/features/styles/mindmapmode/styleeditorpanel/ControlGroupChangeListener
instanceKlass org/freeplane/features/styles/mindmapmode/styleeditorpanel/RevertingProperty$1
instanceKlass org/freeplane/features/styles/mindmapmode/styleeditorpanel/IconFont
instanceKlass org/freeplane/core/resources/components/PropertyAdapter
instanceKlass org/freeplane/core/resources/components/HighlightablePropertyControl
instanceKlass org/freeplane/features/styles/mindmapmode/styleeditorpanel/CssControlGroup
instanceKlass org/freeplane/features/styles/mindmapmode/styleeditorpanel/NextLineControlGroup
instanceKlass org/freeplane/features/styles/mindmapmode/styleeditorpanel/NodeFontHyperLinkControlGroup
instanceKlass org/freeplane/features/styles/mindmapmode/styleeditorpanel/NodeTextWritingDirectionControlGroup
instanceKlass org/freeplane/features/styles/mindmapmode/styleeditorpanel/EnumToStringMapper
instanceKlass org/freeplane/features/styles/mindmapmode/styleeditorpanel/NodeHorizontalTextAlignmentControlGroup
instanceKlass org/freeplane/features/styles/mindmapmode/styleeditorpanel/FontItalicControlGroup
instanceKlass org/freeplane/features/styles/mindmapmode/styleeditorpanel/FontStrikeThroughControlGroup
instanceKlass org/freeplane/features/styles/mindmapmode/styleeditorpanel/FontUnderlineControlGroup
instanceKlass org/freeplane/features/styles/mindmapmode/styleeditorpanel/FontBoldControlGroup
instanceKlass org/freeplane/features/styles/mindmapmode/styleeditorpanel/FontSizeControlGroup
instanceKlass org/freeplane/features/styles/mindmapmode/styleeditorpanel/FontNameControlGroup
instanceKlass org/freeplane/features/styles/mindmapmode/styleeditorpanel/NodeBackgroundColorControlGroup
instanceKlass org/freeplane/features/styles/mindmapmode/styleeditorpanel/NodeColorControlGroup
instanceKlass org/freeplane/features/styles/mindmapmode/styleeditorpanel/GroupSeparator
instanceKlass org/freeplane/features/styles/mindmapmode/styleeditorpanel/StyleControlGroup
instanceKlass com/jgoodies/forms/layout/Sizes$ComponentSize
instanceKlass com/jgoodies/forms/layout/ConstantSize$Unit
instanceKlass com/jgoodies/forms/layout/ConstantSize
instanceKlass com/jgoodies/forms/util/UnitConverter
instanceKlass com/jgoodies/forms/layout/Size
instanceKlass com/jgoodies/forms/layout/Sizes
instanceKlass org/freeplane/features/styles/mindmapmode/styleeditorpanel/ControlGroup
instanceKlass org/freeplane/features/filter/hidden/HiddenNodeContoller$1
instanceKlass org/freeplane/core/enumeration/OnceForMap
instanceKlass org/freeplane/core/enumeration/NodeEnumerationAttributeHandler
instanceKlass org/freeplane/core/enumeration/DefaultValueSupplier
instanceKlass org/freeplane/features/filter/hidden/HiddenNodeContoller
instanceKlass org/freeplane/main/mindmapmode/MModeControllerFactory$6
instanceKlass org/freeplane/main/mindmapmode/MModeControllerFactory$5
instanceKlass org/freeplane/main/mindmapmode/MModeControllerFactory$4
instanceKlass org/freeplane/main/mindmapmode/MModeControllerFactory$3
instanceKlass org/freeplane/core/ui/menubuilders/action/ComponentBuilder
instanceKlass org/freeplane/features/styles/mindmapmode/MUIFactory$3
instanceKlass org/freeplane/features/styles/mindmapmode/MUIFactory$2
instanceKlass org/freeplane/features/styles/mindmapmode/MUIFactory$1
instanceKlass sun/font/SunFontManager$TTorT1Filter
instanceKlass sun/font/SunFontManager$11
instanceKlass org/freeplane/features/styles/mindmapmode/MUIFactory
instanceKlass org/freeplane/features/map/FoldingController
instanceKlass org/freeplane/core/ui/IMouseWheelEventHandler
instanceKlass org/freeplane/core/resources/components/IKeystrokeValidator
instanceKlass org/freeplane/core/ui/ActionAcceleratorManager
instanceKlass org/freeplane/main/mindmapmode/stylemode/SModeControllerFactory
instanceKlass org/freeplane/main/mindmapmode/MModeControllerFactory$2
instanceKlass org/freeplane/core/ui/components/SetFKeyAcceleratorOnNextClickAction$1
instanceKlass org/freeplane/core/util/ColorUtils
instanceKlass  @bci javax/swing/TimerQueue startIfNeeded ()V 33 <appendix> member <vmtarget> ; # javax/swing/TimerQueue$$Lambda+0x000000080033fa10
instanceKlass java/util/concurrent/BlockingQueue
instanceKlass javax/swing/TimerQueue
instanceKlass org/freeplane/core/ui/components/FButtonBar$1
instanceKlass  @bci com/formdev/flatlaf/ui/FlatTabbedPaneUI applyStyle (Ljava/lang/Object;)V 7 <appendix> member <vmtarget> ; # com/formdev/flatlaf/ui/FlatTabbedPaneUI$$Lambda+0x0000000800421c78
instanceKlass com/formdev/flatlaf/ui/FlatTabbedPaneUI$FlatSelectedTabRepainter
instanceKlass java/awt/Polygon
instanceKlass com/formdev/flatlaf/ui/FlatUIAction
instanceKlass javax/swing/plaf/basic/BasicTabbedPaneUI$Handler
instanceKlass  @bci com/formdev/flatlaf/ui/FlatTabbedPaneUI$Handler <init> (Lcom/formdev/flatlaf/ui/FlatTabbedPaneUI;)V 11 <appendix> member <vmtarget> ; # com/formdev/flatlaf/ui/FlatTabbedPaneUI$Handler$$Lambda+0x0000000800417da0
instanceKlass com/formdev/flatlaf/ui/FlatTabbedPaneUI$Handler
instanceKlass javax/swing/plaf/basic/BasicTabbedPaneUI$TabbedPaneLayout
instanceKlass javax/swing/JTabbedPane$ModelListener
instanceKlass  @bci com/formdev/flatlaf/ui/FlatSeparatorUI applyStyle (Ljavax/swing/JSeparator;Ljava/lang/Object;)V 8 <appendix> member <vmtarget> ; # com/formdev/flatlaf/ui/FlatSeparatorUI$$Lambda+0x0000000800417b58
instanceKlass  @bci com/formdev/flatlaf/ui/FlatSeparatorUI createUI (Ljavax/swing/JComponent;)Ljavax/swing/plaf/ComponentUI; 9 <appendix> argL0 ; # com/formdev/flatlaf/ui/FlatSeparatorUI$$Lambda+0x0000000800417928
# instanceKlass java/lang/invoke/LambdaForm$MH+0x0000000800419000
instanceKlass org/freeplane/view/swing/map/NodeTooltipManager$1
instanceKlass org/freeplane/view/swing/map/NodeTooltipManager$ExitTimerAction
instanceKlass org/freeplane/view/swing/map/NodeTooltipManager$InsideTimerAction
instanceKlass org/freeplane/view/swing/map/NodeTooltipManager
instanceKlass  @bci jdk/internal/reflect/DirectMethodHandleAccessor invokeImpl (Ljava/lang/Object;[Ljava/lang/Object;)Ljava/lang/Object; 72 <adapter> ; # java/lang/invoke/LambdaForm$MH+0x0000000800418c00
# instanceKlass java/lang/invoke/LambdaForm$MH+0x0000000800418800
instanceKlass  @cpi org/apache/commons/io/filefilter/SuffixFileFilter 156 form vmentry <vmtarget> ; # java/lang/invoke/LambdaForm$DMH+0x0000000800418000
instanceKlass org/freeplane/features/filter/condition/ASelectableCondition$1
instanceKlass org/freeplane/features/filter/FilterConditions
instanceKlass javax/swing/ActionPropertyChangeListener
instanceKlass org/freeplane/features/styles/MapStyle$5
instanceKlass org/freeplane/features/styles/MapStyle$4
instanceKlass org/freeplane/features/styles/MapStyle$3
instanceKlass org/freeplane/features/styles/ConditionalStyleModel
instanceKlass org/freeplane/features/styles/MapStyle$2
instanceKlass org/freeplane/features/styles/MapStyle$XmlWriter
instanceKlass org/freeplane/features/mode/MapExtensions
instanceKlass org/freeplane/features/styles/MapStyleModel
instanceKlass org/freeplane/features/styles/MapStyle$1
instanceKlass  @bci org/freeplane/features/styles/MapStyle <clinit> ()V 0 <appendix> argL0 ; # org/freeplane/features/styles/MapStyle$$Lambda+0x0000000800412bb8
instanceKlass org/freeplane/core/util/XmlUtils
instanceKlass  @bci org/freeplane/core/util/HtmlUtils <clinit> ()V 37 <appendix> argL0 ; # org/freeplane/core/util/HtmlUtils$$Lambda+0x0000000800411ee0
instanceKlass org/freeplane/core/util/HtmlUtils$CachedStringTransformationResult
instanceKlass org/freeplane/core/util/HtmlUtils
instanceKlass org/freeplane/features/export/mindmapmode/XsltExportEngine
instanceKlass org/freeplane/features/export/mindmapmode/XsltExportEngineFactory$1
instanceKlass org/freeplane/features/export/mindmapmode/XsltExportEngineFactory
instanceKlass org/freeplane/features/export/mindmapmode/ExportWithXSLT
instanceKlass org/w3c/dom/Node
instanceKlass org/freeplane/features/export/mindmapmode/ExportToImage
instanceKlass javax/xml/transform/Source
instanceKlass javax/xml/transform/Result
instanceKlass org/freeplane/features/export/mindmapmode/ExportToOoWriter
instanceKlass org/freeplane/features/export/mindmapmode/ExportBranchesToHTML
instanceKlass org/freeplane/features/export/mindmapmode/ExportToHTML
instanceKlass org/freeplane/features/export/mindmapmode/IExportEngine
instanceKlass org/freeplane/features/export/mindmapmode/ExportController
instanceKlass com/inet/jortho/UserDictionaryProvider
instanceKlass com/inet/jortho/LanguageChangeListener
instanceKlass org/freeplane/features/spellchecker/mindmapmode/SpellCheckerController
instanceKlass org/freeplane/main/mindmapmode/MModeControllerFactory$1
instanceKlass org/freeplane/view/swing/ui/DefaultNodeKeyListener
instanceKlass org/freeplane/features/attribute/clipboard/AttributeClipboardController
instanceKlass org/freeplane/features/attribute/AttributeController$2
instanceKlass org/freeplane/features/attribute/AttributeController$1
instanceKlass org/freeplane/features/attribute/AttributeBuilder$15
instanceKlass org/freeplane/features/attribute/AttributeBuilder$14
instanceKlass org/freeplane/features/attribute/AttributeBuilder$13
instanceKlass org/freeplane/features/attribute/AttributeBuilder$12
instanceKlass org/freeplane/features/attribute/AttributeBuilder$11
instanceKlass org/freeplane/features/attribute/AttributeBuilder$10
instanceKlass org/freeplane/features/attribute/AttributeBuilder$9
instanceKlass org/freeplane/features/attribute/AttributeBuilder$8
instanceKlass org/freeplane/features/attribute/AttributeBuilder$7
instanceKlass org/freeplane/features/attribute/AttributeBuilder$6
instanceKlass org/freeplane/features/attribute/AttributeBuilder$5
instanceKlass org/freeplane/features/attribute/AttributeBuilder$4
instanceKlass org/freeplane/features/attribute/AttributeBuilder$3
instanceKlass org/freeplane/features/attribute/AttributeBuilder$2
instanceKlass org/freeplane/features/attribute/AttributeBuilder$1
instanceKlass org/freeplane/features/attribute/AttributeBuilder$AttributeWriter
instanceKlass org/freeplane/features/attribute/AttributeBuilder$17
instanceKlass org/freeplane/features/attribute/AttributeRegistry
instanceKlass org/freeplane/features/attribute/AttributeBuilder$16
instanceKlass org/freeplane/features/attribute/NodeAttributeTableModel
instanceKlass org/freeplane/features/attribute/IAttributeTableModel
instanceKlass org/freeplane/features/attribute/AttributeBuilder
instanceKlass org/freeplane/features/attribute/AttributeSelection$1
instanceKlass org/freeplane/features/attribute/AttributeSelection
instanceKlass org/freeplane/features/attribute/mindmapmode/MAttributeController$IVisitor
instanceKlass org/freeplane/features/styles/mindmapmode/MLogicalStyleController$4
instanceKlass org/freeplane/features/styles/mindmapmode/MLogicalStyleController$3
instanceKlass org/freeplane/features/styles/mindmapmode/MLogicalStyleController$2
instanceKlass  @bci org/freeplane/features/styles/mindmapmode/MLogicalStyleController initM ()V 242 <appendix> argL0 ; # org/freeplane/features/styles/mindmapmode/MLogicalStyleController$$Lambda+0x0000000800408ca8
instanceKlass  @bci org/freeplane/features/styles/mindmapmode/MLogicalStyleController initM ()V 198 <appendix> argL0 ; # org/freeplane/features/styles/mindmapmode/MLogicalStyleController$$Lambda+0x0000000800408660
instanceKlass org/freeplane/features/styles/mindmapmode/MLogicalStyleController$StyleMenuBuilder
instanceKlass javax/swing/event/RowSorterListener
instanceKlass javax/swing/event/CellEditorListener
instanceKlass javax/swing/event/TableColumnModelListener
instanceKlass javax/swing/event/TableModelListener
instanceKlass org/freeplane/features/styles/mindmapmode/MLogicalStyleController$ExtensionCopier
instanceKlass org/freeplane/features/styles/mindmapmode/MLogicalStyleController$StyleRemover
instanceKlass org/freeplane/features/styles/mindmapmode/MLogicalStyleController$1
instanceKlass org/freeplane/features/styles/LogicalStyleController$4
instanceKlass org/freeplane/features/styles/LogicalStyleController$3
instanceKlass org/freeplane/features/styles/LogicalStyleController$2
instanceKlass org/freeplane/features/styles/IStyle
instanceKlass org/freeplane/features/styles/LogicalStyleController$1
instanceKlass org/freeplane/features/styles/LogicalStyleController$6
instanceKlass org/freeplane/features/styles/LogicalStyleController$5
instanceKlass org/freeplane/features/styles/LogicalStyleController$9
instanceKlass org/freeplane/features/styles/LogicalStyleController$8
instanceKlass org/freeplane/features/styles/LogicalStyleController$7
instanceKlass javax/swing/table/TableModel
instanceKlass org/freeplane/features/layout/mindmapmode/MLayoutController$1
instanceKlass org/freeplane/core/ui/menubuilders/menu/JToolbarComponentBuilder
instanceKlass org/freeplane/features/layout/mindmapmode/MLayoutController$StyleCopier
instanceKlass org/freeplane/features/layout/LayoutController$2
instanceKlass org/freeplane/features/layout/LayoutController$1
instanceKlass org/freeplane/features/layout/LayoutModel
instanceKlass org/freeplane/features/layout/LayoutBuilder$2
instanceKlass org/freeplane/features/layout/LayoutBuilder$1
instanceKlass org/freeplane/features/layout/LayoutBuilder
instanceKlass org/freeplane/features/nodelocation/mindmapmode/MLocationController$StyleCopier
instanceKlass  @bci org/freeplane/features/nodelocation/LocationController <init> ()V 122 <appendix> argL0 ; # org/freeplane/features/nodelocation/LocationController$$Lambda+0x00000008003fdca8
instanceKlass  @bci org/freeplane/features/nodelocation/LocationController <init> ()V 106 <appendix> member <vmtarget> ; # org/freeplane/features/nodelocation/LocationController$$Lambda+0x00000008003fda70
instanceKlass  @bci org/freeplane/features/nodelocation/LocationController <init> ()V 88 <appendix> argL0 ; # org/freeplane/features/nodelocation/LocationController$$Lambda+0x00000008003fd840
instanceKlass  @bci org/freeplane/features/nodelocation/LocationController <init> ()V 72 <appendix> member <vmtarget> ; # org/freeplane/features/nodelocation/LocationController$$Lambda+0x00000008003fd608
instanceKlass org/freeplane/features/map/NodeModel
instanceKlass org/freeplane/features/nodelocation/LocationModel
instanceKlass org/freeplane/features/nodelocation/LocationBuilder$4
instanceKlass org/freeplane/features/nodelocation/LocationBuilder$3
instanceKlass org/freeplane/features/nodelocation/LocationBuilder$2
instanceKlass org/freeplane/features/nodelocation/LocationBuilder$1
instanceKlass org/freeplane/features/nodelocation/LocationBuilder
instanceKlass org/freeplane/view/swing/ui/mindmapmode/MNodeDropListener
instanceKlass org/freeplane/view/swing/map/NodeViewFolder
instanceKlass org/freeplane/view/swing/ui/mindmapmode/MNodeDragListener
instanceKlass org/freeplane/features/nodestyle/mindmapmode/MNodeStyleController$StyleCopier
instanceKlass org/freeplane/features/nodestyle/NodeBorderModel
instanceKlass org/freeplane/features/nodestyle/NodeSizeModel
instanceKlass org/freeplane/features/nodestyle/NodeStyleModel
instanceKlass org/freeplane/features/nodestyle/NodeStyleBuilder$30
instanceKlass org/freeplane/features/nodestyle/NodeStyleBuilder$29
instanceKlass org/freeplane/features/nodestyle/NodeStyleBuilder$28
instanceKlass org/freeplane/features/nodestyle/NodeStyleBuilder$27
instanceKlass org/freeplane/features/nodestyle/NodeStyleBuilder$26
instanceKlass org/freeplane/features/nodestyle/NodeStyleBuilder$25
instanceKlass org/freeplane/features/nodestyle/NodeStyleBuilder$24
instanceKlass org/freeplane/features/nodestyle/NodeStyleBuilder$23
instanceKlass org/freeplane/features/nodestyle/NodeStyleBuilder$22
instanceKlass org/freeplane/features/nodestyle/NodeStyleBuilder$21
instanceKlass org/freeplane/features/nodestyle/NodeStyleBuilder$20
instanceKlass org/freeplane/features/nodestyle/NodeStyleBuilder$19
instanceKlass org/freeplane/features/nodestyle/NodeStyleBuilder$18
instanceKlass org/freeplane/features/nodestyle/NodeStyleBuilder$17
instanceKlass org/freeplane/features/nodestyle/NodeStyleBuilder$16
instanceKlass org/freeplane/features/nodestyle/NodeStyleBuilder$15
instanceKlass org/freeplane/features/nodestyle/NodeStyleBuilder$14
instanceKlass org/freeplane/features/nodestyle/NodeStyleBuilder$13
instanceKlass org/freeplane/features/nodestyle/NodeStyleBuilder$12
instanceKlass org/freeplane/features/nodestyle/NodeStyleBuilder$11
instanceKlass org/freeplane/features/nodestyle/NodeStyleBuilder$10
instanceKlass org/freeplane/features/nodestyle/NodeStyleBuilder$9
instanceKlass org/freeplane/features/nodestyle/NodeStyleBuilder$8
instanceKlass org/freeplane/features/nodestyle/NodeStyleBuilder$7
instanceKlass org/freeplane/features/nodestyle/NodeStyleBuilder$6
instanceKlass org/freeplane/features/nodestyle/NodeStyleBuilder$5
instanceKlass org/freeplane/features/nodestyle/NodeStyleBuilder$4
instanceKlass org/freeplane/features/nodestyle/NodeStyleBuilder$3
instanceKlass org/freeplane/features/nodestyle/NodeStyleBuilder$2
instanceKlass org/freeplane/features/nodestyle/NodeStyleBuilder$1
instanceKlass org/freeplane/features/nodestyle/NodeStyleBuilder
instanceKlass org/freeplane/features/nodestyle/NodeStyleController$11
instanceKlass org/freeplane/features/nodestyle/NodeStyleController$10
instanceKlass org/freeplane/features/nodestyle/NodeStyleController$9
instanceKlass org/freeplane/features/nodestyle/NodeStyleController$8
instanceKlass org/freeplane/features/nodestyle/NodeStyleController$7
instanceKlass org/freeplane/features/nodestyle/NodeStyleController$6
instanceKlass org/freeplane/features/nodestyle/NodeStyleController$5
instanceKlass org/freeplane/features/nodestyle/NodeStyleController$4
instanceKlass org/freeplane/features/nodestyle/NodeStyleController$3
instanceKlass org/freeplane/features/nodestyle/NodeStyleController$2
instanceKlass org/freeplane/features/nodestyle/NodeStyleController$1
instanceKlass org/freeplane/features/mode/PersistentNodeHook$XmlWriter
instanceKlass org/freeplane/features/mode/PersistentNodeHook$XmlReader
instanceKlass org/freeplane/features/mode/NodeHookDescriptor
instanceKlass org/freeplane/features/nodestyle/NodeCss
instanceKlass org/freeplane/features/mode/PersistentNodeHook
instanceKlass org/freeplane/features/link/mindmapmode/MLinkController$StyleCopier
instanceKlass org/freeplane/features/link/LinkController$1
instanceKlass org/freeplane/features/link/LinkBuilder$18
instanceKlass org/freeplane/features/link/LinkBuilder$17
instanceKlass org/freeplane/features/link/LinkBuilder$16
instanceKlass org/freeplane/features/link/LinkBuilder$15
instanceKlass org/freeplane/features/link/LinkBuilder$14
instanceKlass org/freeplane/features/link/LinkBuilder$13
instanceKlass org/freeplane/features/link/LinkBuilder$12
instanceKlass org/freeplane/features/link/LinkBuilder$11
instanceKlass org/freeplane/features/link/LinkBuilder$10
instanceKlass org/freeplane/features/link/LinkBuilder$9
instanceKlass org/freeplane/features/link/LinkBuilder$8
instanceKlass org/freeplane/features/link/LinkBuilder$7
instanceKlass org/freeplane/features/link/LinkBuilder$6
instanceKlass org/freeplane/features/link/LinkBuilder$5
instanceKlass org/freeplane/features/link/LinkBuilder$4
instanceKlass org/freeplane/features/link/LinkBuilder$3
instanceKlass org/freeplane/features/link/LinkBuilder$2
instanceKlass org/freeplane/features/link/LinkBuilder$1
instanceKlass org/freeplane/features/link/NodeLinkModel
instanceKlass org/freeplane/features/link/LinkBuilder
instanceKlass org/freeplane/features/link/LinkMenuBuilder
instanceKlass org/freeplane/features/link/LinkController$ClonesMenuBuilder
instanceKlass org/freeplane/features/link/mindmapmode/MLinkController$MapLinkChanger
instanceKlass org/freeplane/features/explorer/MapExplorerController$3
instanceKlass org/freeplane/features/explorer/MapExplorerController$2
instanceKlass org/freeplane/features/explorer/MapExplorerController$1
instanceKlass org/freeplane/features/explorer/MapExplorerController
instanceKlass org/freeplane/features/text/mindmapmode/MTextController$2
instanceKlass org/freeplane/features/text/mindmapmode/MTextController$4
instanceKlass org/freeplane/features/text/mindmapmode/MTextController$3
instanceKlass org/freeplane/features/text/mindmapmode/EventBuffer
instanceKlass org/freeplane/features/text/mindmapmode/MTextController$ExtensionCopier
instanceKlass org/freeplane/features/text/TextController$2
instanceKlass org/freeplane/features/text/TextController$1
instanceKlass org/freeplane/features/text/AbstractContentTransformer
instanceKlass org/freeplane/features/text/ShortenedTextModel
instanceKlass org/freeplane/features/text/NodeTextBuilder$6
instanceKlass org/freeplane/features/text/NodeTextBuilder$5
instanceKlass org/freeplane/features/text/NodeTextBuilder$4
instanceKlass org/freeplane/features/text/NodeTextBuilder$3
instanceKlass org/freeplane/features/text/NodeTextBuilder$2
instanceKlass org/freeplane/features/text/NodeTextBuilder$1
instanceKlass org/freeplane/features/text/NodeTextBuilder
instanceKlass  @bci java/util/regex/Pattern ALL ()Ljava/util/regex/Pattern$CharPredicate; 0 <appendix> argL0 ; # java/util/regex/Pattern$$Lambda+0x0000000800337480
instanceKlass org/freeplane/features/text/mindmapmode/MTextController$1
instanceKlass com/lightdev/app/shtm/InternalUiResources
instanceKlass javax/swing/text/StyledDocument
instanceKlass com/lightdev/app/shtm/AttributeComponent
instanceKlass java/awt/dnd/DragSourceListener
instanceKlass javax/swing/event/UndoableEditListener
instanceKlass com/lightdev/app/shtm/ActionBuilder
instanceKlass org/freeplane/features/text/mindmapmode/EditNodeBase$IEditControl
instanceKlass com/lightdev/app/shtm/UIResources
instanceKlass org/freeplane/view/swing/ui/DefaultMapMouseListener
instanceKlass org/freeplane/features/mode/AController$ActionSelectorOnPropertyChange
instanceKlass org/freeplane/features/mode/AController$IActionOnChange
instanceKlass org/freeplane/features/note/mindmapmode/NoteManager$2
instanceKlass org/freeplane/features/note/mindmapmode/NoteManager$1
instanceKlass  @bci org/freeplane/features/note/mindmapmode/NoteManager <init> (Lorg/freeplane/features/note/mindmapmode/MNoteController;)V 15 <appendix> member <vmtarget> ; # org/freeplane/features/note/mindmapmode/NoteManager$$Lambda+0x00000008003ceea0
instanceKlass org/freeplane/features/note/mindmapmode/NoteManager
instanceKlass org/freeplane/features/note/mindmapmode/MNoteController$ExtensionCopier
instanceKlass org/freeplane/features/note/NoteController$2
instanceKlass org/freeplane/features/note/NoteController$1
instanceKlass org/freeplane/features/text/RichTextModel
instanceKlass org/freeplane/features/note/NoteWriter
instanceKlass org/freeplane/features/note/NoteBuilder
instanceKlass org/freeplane/features/cloud/mindmapmode/MCloudController$ExtensionCopier
instanceKlass org/freeplane/features/cloud/CloudModel
instanceKlass org/freeplane/features/cloud/CloudBuilder$5
instanceKlass org/freeplane/features/cloud/CloudBuilder$4
instanceKlass org/freeplane/features/cloud/CloudBuilder$3
instanceKlass org/freeplane/features/cloud/CloudBuilder$2
instanceKlass org/freeplane/features/cloud/CloudBuilder$1
instanceKlass org/freeplane/features/cloud/CloudBuilder
instanceKlass org/freeplane/features/cloud/CloudController$1
instanceKlass org/freeplane/features/edge/mindmapmode/MEdgeController$ExtensionCopier
instanceKlass org/freeplane/features/edge/EdgeModel
instanceKlass org/freeplane/features/edge/EdgeBuilder$6
instanceKlass org/freeplane/features/edge/EdgeBuilder$5
instanceKlass org/freeplane/features/edge/EdgeBuilder$4
instanceKlass org/freeplane/features/edge/EdgeBuilder$3
instanceKlass org/freeplane/features/edge/EdgeBuilder$2
instanceKlass org/freeplane/features/edge/EdgeBuilder$1
instanceKlass org/freeplane/features/edge/EdgeBuilder
instanceKlass org/freeplane/features/edge/EdgeController$9
instanceKlass org/freeplane/features/edge/EdgeController$8
instanceKlass org/freeplane/features/edge/EdgeController$7
instanceKlass org/freeplane/features/edge/EdgeController$6
instanceKlass org/freeplane/features/edge/EdgeController$5
instanceKlass org/freeplane/features/edge/EdgeController$4
instanceKlass org/freeplane/features/edge/EdgeController$3
instanceKlass org/freeplane/features/edge/EdgeController$2
instanceKlass org/freeplane/features/edge/EdgeController$1
instanceKlass org/freeplane/features/mode/ExclusivePropertyChain
instanceKlass org/freeplane/features/edge/EdgeColorsConfigurationFactory
instanceKlass org/freeplane/api/EdgeStyle
instanceKlass org/freeplane/core/util/ObjectRule
instanceKlass org/freeplane/view/swing/features/progress/mindmapmode/ProgressFactory
instanceKlass org/freeplane/features/icon/mindmapmode/MIconController$2
instanceKlass org/freeplane/features/icon/IconController$2
instanceKlass org/freeplane/features/icon/IconController$1
instanceKlass org/freeplane/features/icon/mindmapmode/FastAccessableIcons
instanceKlass org/freeplane/features/icon/mindmapmode/MIconController$IconMenuBuilder
# instanceKlass java/lang/invoke/LambdaForm$DMH+0x00000008003c0800
# instanceKlass java/lang/invoke/LambdaForm$DMH+0x00000008003c0400
# instanceKlass java/lang/invoke/LambdaForm$DMH+0x00000008003c0000
instanceKlass com/kitfox/svg/xml/StyleSheetRule
instanceKlass com/kitfox/svg/xml/StyleSheet
instanceKlass com/kitfox/svg/pathcmd/PathParser$1
instanceKlass java/awt/geom/ArcIterator
instanceKlass java/lang/FdLibm
instanceKlass java/lang/FdLibm$Acos
instanceKlass java/awt/geom/QuadCurve2D
instanceKlass jdk/internal/math/FDBigInteger
instanceKlass java/awt/geom/RectIterator
instanceKlass sun/awt/geom/Curve
instanceKlass java/awt/geom/Path2D$Iterator
instanceKlass java/awt/geom/PathIterator
instanceKlass com/kitfox/svg/xml/NumberWithUnits
instanceKlass com/kitfox/svg/pathcmd/BuildHistory
instanceKlass com/kitfox/svg/pathcmd/PathParser$NumberCharState
instanceKlass com/kitfox/svg/pathcmd/PathCommand
instanceKlass com/kitfox/svg/pathcmd/PathParser
instanceKlass com/kitfox/svg/xml/ColorTable
instanceKlass com/kitfox/svg/animation/TrackManager$TrackKey
instanceKlass com/kitfox/svg/xml/XMLParseUtil
instanceKlass com/kitfox/svg/xml/StyleAttribute
instanceKlass com/kitfox/svg/animation/TrackBase
instanceKlass com/kitfox/svg/animation/TrackManager
instanceKlass com/sun/org/apache/xerces/internal/impl/XMLEntityManager$EncodingInfo
instanceKlass com/sun/org/apache/xerces/internal/impl/ExternalSubsetResolver
instanceKlass com/sun/org/apache/xerces/internal/util/EntityResolverWrapper
instanceKlass org/xml/sax/ext/EntityResolver2
instanceKlass com/kitfox/svg/SVGUniverse$1
instanceKlass com/kitfox/svg/animation/parser/Token
instanceKlass com/kitfox/svg/animation/parser/AnimTimeParserTokenManager
instanceKlass com/kitfox/svg/animation/parser/AbstractCharStream
instanceKlass com/kitfox/svg/animation/parser/CharStream
instanceKlass com/kitfox/svg/animation/parser/AnimTimeParser$JJCalls
instanceKlass com/kitfox/svg/animation/parser/JJTAnimTimeParserState
instanceKlass com/kitfox/svg/animation/TimeBase
instanceKlass com/kitfox/svg/animation/parser/Node
instanceKlass com/kitfox/svg/animation/parser/AnimTimeParser
instanceKlass com/kitfox/svg/animation/parser/AnimTimeParserConstants
instanceKlass com/kitfox/svg/animation/parser/AnimTimeParserTreeConstants
instanceKlass com/kitfox/svg/SVGLoaderHelper
instanceKlass com/kitfox/svg/animation/AnimateColorIface
instanceKlass com/kitfox/svg/SVGDiagram
instanceKlass com/kitfox/svg/util/Base64Consts
instanceKlass com/kitfox/svg/SVGUniverse
instanceKlass com/kitfox/svg/SVGCache
instanceKlass org/freeplane/core/ui/svgicons/FixedSizeUIIcon
instanceKlass  @bci org/freeplane/core/resources/SetBooleanPropertyAction <init> (Ljava/lang/String;)V 75 <appendix> member <vmtarget> ; # org/freeplane/core/resources/SetBooleanPropertyAction$$Lambda+0x00000008003ab1e8
instanceKlass  @cpi sun/awt/datatransfer/ClipboardTransferable 193 form vmentry <vmtarget> ; # java/lang/invoke/LambdaForm$DMH+0x00000008003ac000
instanceKlass javax/swing/CompareTabOrderComparator
instanceKlass org/freeplane/core/ui/components/resizer/CollapseableBoxBuilder
instanceKlass org/freeplane/core/ui/components/UITools$2
instanceKlass org/freeplane/core/ui/components/ToolbarLayout
instanceKlass org/freeplane/features/icon/mindmapmode/MIconController$ExtensionCopier
instanceKlass org/freeplane/features/icon/IconController$3
instanceKlass org/freeplane/features/icon/Tags
instanceKlass org/freeplane/features/icon/TagBuilder$1
instanceKlass org/freeplane/features/icon/TagBuilder
instanceKlass org/freeplane/features/icon/IconBuilder$1
instanceKlass org/freeplane/features/icon/IconBuilder
instanceKlass org/freeplane/features/mode/CombinedPropertyChain
instanceKlass javax/swing/plaf/basic/BasicIconFactory$MenuArrowIcon
instanceKlass org/freeplane/features/icon/mindmapmode/MIconController$1
instanceKlass javax/swing/event/MenuListener
instanceKlass org/freeplane/features/styles/ConditionPredicate
instanceKlass org/freeplane/features/map/IExtensionCopier
instanceKlass org/freeplane/features/mapio/MapIO
instanceKlass org/freeplane/features/url/mindmapmode/MFileManager$3
instanceKlass org/freeplane/features/url/mindmapmode/MFileManager$2
instanceKlass org/freeplane/features/url/mindmapmode/TemplateManager
instanceKlass org/freeplane/features/url/UrlManager$1
instanceKlass org/freeplane/core/ui/FileOpener$Listener
instanceKlass java/io/FileFilter
instanceKlass javax/swing/filechooser/FileFilter
instanceKlass org/freeplane/features/map/mindmapmode/MMapController$1
instanceKlass org/freeplane/core/ui/EnabledAction
instanceKlass  @bci java/util/regex/Pattern SingleI (II)Ljava/util/regex/Pattern$BmpCharPredicate; 2 <appendix> member <vmtarget> ; # java/util/regex/Pattern$$Lambda+0x000000080032e9a8
instanceKlass org/freeplane/features/map/mindmapmode/clipboard/MMapClipboardController$IDataFlavorHandler
instanceKlass java/awt/datatransfer/Transferable
instanceKlass org/freeplane/features/map/MapController$ActionSelectorOnChange$1
instanceKlass org/freeplane/features/map/MapController$ActionSelectorOnChange
instanceKlass org/freeplane/features/map/MapController$ActionEnablerOnChange$1
instanceKlass org/freeplane/core/util/DelayedRunner
instanceKlass org/freeplane/features/map/MapController$ActionEnablerOnChange
instanceKlass org/freeplane/core/io/UnknownElements
instanceKlass org/freeplane/core/io/UnknownElementWriter
instanceKlass org/freeplane/features/map/MapController$2
instanceKlass org/freeplane/features/map/MapController$1
instanceKlass org/freeplane/features/map/NodeBuilder$CloneHandler
instanceKlass org/freeplane/features/map/NodeBuilder$8
instanceKlass org/freeplane/features/map/NodeBuilder$7
instanceKlass org/freeplane/features/map/NodeBuilder$6
instanceKlass org/freeplane/features/map/NodeBuilder$5
instanceKlass org/freeplane/features/map/NodeBuilder$4
instanceKlass org/freeplane/features/map/NodeBuilder$3
instanceKlass org/freeplane/features/map/NodeBuilder$2
instanceKlass org/freeplane/features/map/NodeBuilder$1
instanceKlass org/freeplane/core/io/IReadCompletionListener
instanceKlass org/freeplane/features/map/NodeBuilder
instanceKlass org/freeplane/features/map/MapReader
instanceKlass org/freeplane/core/io/ITreeWriter
instanceKlass org/freeplane/core/io/IHintProvider
instanceKlass org/freeplane/features/map/MapWriter
instanceKlass org/freeplane/core/io/WriteManager
instanceKlass org/freeplane/features/map/MapController$Refresher
instanceKlass  @bci org/freeplane/features/map/mindmapmode/MMapController <clinit> ()V 0 <appendix> argL0 ; # org/freeplane/features/map/mindmapmode/MMapController$$Lambda+0x0000000800397010
instanceKlass  @cpi org/codehaus/groovy/vmplugin/v9/Java9 3442 form vmentry <vmtarget> ; # java/lang/invoke/LambdaForm$DMH+0x0000000800390400
instanceKlass org/freeplane/features/map/mindmapmode/OperationErrorHandler
instanceKlass org/freeplane/features/map/clipboard/MapClipboardController
instanceKlass org/freeplane/features/map/INodeDuplicator
instanceKlass org/freeplane/features/map/MapModel
instanceKlass  @bci org/freeplane/features/clipboard/mindmapmode/MClipboardControllers <init> ()V 10 <appendix> member <vmtarget> ; # org/freeplane/features/clipboard/mindmapmode/MClipboardControllers$$Lambda+0x000000080038e900
instanceKlass org/freeplane/features/clipboard/mindmapmode/MClipboardController
instanceKlass  @bci org/freeplane/features/clipboard/ClipboardControllers <init> ()V 10 <appendix> member <vmtarget> ; # org/freeplane/features/clipboard/ClipboardControllers$$Lambda+0x000000080038e440
instanceKlass  @cpi org/freeplane/features/clipboard/ClipboardControllers 132 form vmentry <vmtarget> ; # java/lang/invoke/LambdaForm$DMH+0x0000000800390000
instanceKlass org/freeplane/view/swing/ui/DefaultMouseWheelListener
instanceKlass org/freeplane/view/swing/ui/DefaultNodeMouseWheelListener
instanceKlass org/freeplane/view/swing/ui/NodeFolder
instanceKlass org/freeplane/core/ui/DoubleClickTimer
instanceKlass org/freeplane/view/swing/ui/NodeSelector$1
instanceKlass  @bci org/freeplane/view/swing/ui/NodeSelector <clinit> ()V 19 <appendix> argL0 ; # org/freeplane/view/swing/ui/NodeSelector$$Lambda+0x000000080038c850
instanceKlass  @bci org/freeplane/view/swing/ui/NodeSelector <clinit> ()V 14 <appendix> argL0 ; # org/freeplane/view/swing/ui/NodeSelector$$Lambda+0x000000080038c600
instanceKlass org/freeplane/view/swing/ui/MouseTimerDelegate
instanceKlass  @bci org/freeplane/view/swing/ui/NodeSelector <init> ()V 6 <appendix> argL0 ; # org/freeplane/view/swing/ui/NodeSelector$$Lambda+0x000000080038be68
instanceKlass  @bci org/freeplane/view/swing/ui/NodeSelector <init> ()V 1 <appendix> argL0 ; # org/freeplane/view/swing/ui/NodeSelector$$Lambda+0x000000080038bc18
instanceKlass org/freeplane/view/swing/ui/NodeSelector
instanceKlass org/freeplane/view/swing/ui/MouseTimerDelegate$ActionProvider
instanceKlass org/freeplane/view/swing/ui/DefaultNodeMouseMotionListener
instanceKlass org/freeplane/view/swing/ui/UserInputListenerFactory$4
instanceKlass org/freeplane/core/ui/menubuilders/generic/NullResourceAccessor
instanceKlass org/freeplane/core/ui/menubuilders/generic/EntryAccessor
instanceKlass org/freeplane/core/ui/menubuilders/generic/ChildEntryRemover
instanceKlass org/freeplane/view/swing/ui/UserInputListenerFactory$3
instanceKlass org/freeplane/view/swing/ui/UserInputListenerFactory$ActionEnabler
instanceKlass org/freeplane/view/swing/ui/UserInputListenerFactory$2
instanceKlass org/freeplane/view/swing/ui/UserInputListenerFactory$1
instanceKlass org/freeplane/core/ui/menubuilders/generic/BuildProcessFactory
instanceKlass org/freeplane/core/ui/menubuilders/generic/ResourceAccessor
instanceKlass org/freeplane/core/ui/menubuilders/action/IAcceleratorMap
instanceKlass org/freeplane/view/swing/ui/UserInputListenerFactory
instanceKlass org/freeplane/core/resources/components/OptionPanelBuilder$4
instanceKlass org/freeplane/core/resources/components/OptionPanelBuilder$15
instanceKlass org/freeplane/core/resources/components/OptionPanelBuilder$9
instanceKlass org/freeplane/core/resources/components/OptionPanelBuilder$RadioButtonsOptionCreator$1
instanceKlass org/freeplane/core/resources/components/OptionPanelBuilder$PropertyCreator$1
instanceKlass org/freeplane/core/resources/components/OptionPanelBuilder$3
instanceKlass org/freeplane/core/resources/components/OptionPanelBuilder$LengthOptionCreator$1
instanceKlass org/freeplane/core/resources/components/OptionPanelBuilder$NumberOptionCreator$2
instanceKlass org/freeplane/core/resources/components/OptionPanelBuilder$14
instanceKlass org/freeplane/core/resources/components/OptionPanelBuilder$11
instanceKlass org/freeplane/core/resources/components/OptionPanelBuilder$TimePeriodOptionCreator$1
instanceKlass org/freeplane/core/resources/components/OptionPanelBuilder$PathOptionCreator$1
instanceKlass org/freeplane/core/resources/components/OptionPanelBuilder$RadioButtonsOptionCreator$2
instanceKlass org/freeplane/core/io/ListHashTable$EmptyIterator
instanceKlass org/freeplane/core/resources/components/OptionPanelBuilder$NumberOptionCreator$1
instanceKlass org/freeplane/core/resources/components/OptionPanelBuilder$ComboPropertyCreator
instanceKlass org/freeplane/core/resources/components/OptionPanelBuilder$10
instanceKlass org/freeplane/core/resources/components/OptionPanelBuilder$2
instanceKlass org/freeplane/core/io/IElementContentHandler
instanceKlass org/freeplane/core/resources/components/OptionPanelBuilder$Path
instanceKlass org/freeplane/core/io/xml/StdXMLBuilder
instanceKlass org/freeplane/core/io/xml/TreeXmlReader
instanceKlass org/freeplane/core/resources/components/OptionPanelBuilder$PropertyCreator
instanceKlass org/freeplane/core/io/IElementDOMHandler
instanceKlass org/freeplane/core/resources/components/IPropertyControl
instanceKlass org/freeplane/core/resources/components/OptionPanelBuilder$1
instanceKlass javax/swing/tree/DefaultMutableTreeNode
instanceKlass javax/swing/tree/MutableTreeNode
instanceKlass org/freeplane/core/ui/IndexedTree
instanceKlass org/freeplane/core/io/ListHashTable
instanceKlass org/freeplane/core/io/ReadManager
instanceKlass org/freeplane/features/mode/mindmapmode/UndoAction$1
instanceKlass org/freeplane/core/ui/menubuilders/menu/ComponentProvider
instanceKlass org/freeplane/features/map/IMapSelectionListener
instanceKlass org/freeplane/core/ui/IKeyStrokeProcessor
instanceKlass org/freeplane/core/ui/IAcceleratorChangeListener
instanceKlass org/freeplane/core/ui/IEditHandler
instanceKlass org/freeplane/features/attribute/AttributeController
instanceKlass org/freeplane/features/styles/LogicalStyleController
instanceKlass org/freeplane/features/layout/LayoutController
instanceKlass org/freeplane/features/nodelocation/LocationController
instanceKlass java/awt/dnd/DragGestureListener
instanceKlass org/freeplane/features/nodestyle/NodeStyleController
instanceKlass org/freeplane/features/note/NoteController
instanceKlass org/freeplane/features/cloud/CloudController
instanceKlass org/freeplane/features/edge/EdgeController
instanceKlass org/freeplane/features/url/UrlManager
instanceKlass org/freeplane/features/clipboard/ClipboardControllers
instanceKlass org/freeplane/core/ui/IUserInputListenerFactory
instanceKlass org/freeplane/core/ui/IMouseListener
instanceKlass org/freeplane/main/mindmapmode/MModeControllerFactory
instanceKlass  @bci com/formdev/flatlaf/ui/FlatTitlePane updateNativeTitleBarHeightAndHitTestSpots ()V 585 <appendix> member <vmtarget> ; # com/formdev/flatlaf/ui/FlatTitlePane$$Lambda+0x000000080036ebe0
instanceKlass org/freeplane/main/osgi/ActivatorImpl$2
instanceKlass org/freeplane/main/application/survey/FreeplaneSurveyProperties
instanceKlass org/freeplane/features/explorer/MapExplorerConditionController
instanceKlass org/freeplane/view/swing/features/nodehistory/NodeHistory
instanceKlass org/freeplane/features/filter/condition/ConditionSnapshotFactory
instanceKlass org/freeplane/features/map/CloneConditionController
instanceKlass org/freeplane/features/map/NodeLevelConditionController
instanceKlass org/freeplane/features/clipboard/ClipboardController
instanceKlass org/freeplane/core/undo/IActor
instanceKlass org/freeplane/features/map/INodeChangeListener
instanceKlass org/freeplane/core/io/IAttributeWriter
instanceKlass org/freeplane/core/io/IElementWriter
instanceKlass org/freeplane/core/io/IAttributeHandler
instanceKlass org/freeplane/features/map/NodeChangeAnnouncer
instanceKlass org/freeplane/features/styles/LogicalStyleFilterController
instanceKlass  @bci org/freeplane/main/application/FreeplaneGUIStarter lambda$createController$4 (Lorg/freeplane/features/mode/Controller;)V 98 <appendix> member <vmtarget> ; # org/freeplane/main/application/FreeplaneGUIStarter$$Lambda+0x0000000800367420
instanceKlass  @bci org/freeplane/main/application/FreeplaneGUIStarter lambda$createController$4 (Lorg/freeplane/features/mode/Controller;)V 81 <appendix> member <vmtarget> ; # org/freeplane/main/application/FreeplaneGUIStarter$$Lambda+0x0000000800365a70
instanceKlass  @bci org/freeplane/main/application/FreeplaneGUIStarter lambda$createController$4 (Lorg/freeplane/features/mode/Controller;)V 70 <appendix> argL0 ; # org/freeplane/main/application/FreeplaneGUIStarter$$Lambda+0x0000000800365810
instanceKlass org/freeplane/features/help/HelpController
instanceKlass com/sun/org/apache/xerces/internal/impl/Constants$ArrayEnumeration
instanceKlass com/sun/org/apache/xerces/internal/impl/Constants
instanceKlass com/sun/org/apache/xerces/internal/parsers/AbstractSAXParser$LocatorProxy
instanceKlass org/xml/sax/ext/Locator2
instanceKlass org/xml/sax/Locator
instanceKlass com/sun/org/apache/xerces/internal/util/XMLSymbols
instanceKlass com/sun/org/apache/xerces/internal/util/XMLChar
instanceKlass com/sun/xml/internal/stream/util/BufferAllocator
instanceKlass com/sun/xml/internal/stream/util/ThreadLocalBufferAllocator
instanceKlass com/sun/xml/internal/stream/Entity
instanceKlass com/sun/org/apache/xerces/internal/utils/XMLLimitAnalyzer
instanceKlass com/sun/org/apache/xerces/internal/xni/parser/XMLInputSource
instanceKlass org/xml/sax/InputSource
instanceKlass org/xml/sax/helpers/DefaultHandler
instanceKlass org/xml/sax/ErrorHandler
instanceKlass org/xml/sax/DTDHandler
instanceKlass org/xml/sax/EntityResolver
instanceKlass com/sun/org/apache/xerces/internal/parsers/AbstractSAXParser$AttributesProxy
instanceKlass org/xml/sax/ext/Attributes2
instanceKlass org/xml/sax/Attributes
instanceKlass org/xml/sax/AttributeList
instanceKlass com/sun/org/apache/xerces/internal/util/FeatureState
instanceKlass com/sun/org/apache/xerces/internal/util/PropertyState
instanceKlass com/sun/org/apache/xerces/internal/impl/msg/XMLMessageFormatter
instanceKlass com/sun/org/apache/xerces/internal/util/MessageFormatter
instanceKlass com/sun/org/apache/xerces/internal/impl/XMLVersionDetector
instanceKlass com/sun/org/apache/xerces/internal/impl/validation/ValidationManager
instanceKlass com/sun/org/apache/xerces/internal/impl/dv/dtd/NMTOKENDatatypeValidator
instanceKlass com/sun/org/apache/xerces/internal/impl/dv/dtd/NOTATIONDatatypeValidator
instanceKlass com/sun/org/apache/xerces/internal/impl/dv/dtd/ENTITYDatatypeValidator
instanceKlass com/sun/org/apache/xerces/internal/impl/dv/dtd/ListDatatypeValidator
instanceKlass com/sun/org/apache/xerces/internal/impl/dv/dtd/IDREFDatatypeValidator
instanceKlass com/sun/org/apache/xerces/internal/impl/dv/dtd/IDDatatypeValidator
instanceKlass com/sun/org/apache/xerces/internal/impl/dv/dtd/StringDatatypeValidator
instanceKlass com/sun/org/apache/xerces/internal/impl/dv/DatatypeValidator
instanceKlass com/sun/org/apache/xerces/internal/impl/dv/DTDDVFactory
instanceKlass com/sun/org/apache/xerces/internal/impl/dtd/DTDGrammarBucket
instanceKlass com/sun/org/apache/xerces/internal/impl/dtd/XMLAttributeDecl
instanceKlass com/sun/org/apache/xerces/internal/impl/dtd/XMLSimpleType
instanceKlass com/sun/org/apache/xerces/internal/impl/dtd/XMLElementDecl
instanceKlass com/sun/org/apache/xerces/internal/impl/validation/ValidationState
instanceKlass com/sun/org/apache/xerces/internal/impl/dv/ValidationContext
instanceKlass com/sun/org/apache/xerces/internal/impl/dtd/XMLDTDValidator
instanceKlass com/sun/org/apache/xerces/internal/impl/RevalidationHandler
instanceKlass com/sun/org/apache/xerces/internal/impl/dtd/XMLDTDValidatorFilter
instanceKlass com/sun/org/apache/xerces/internal/xni/parser/XMLDocumentFilter
instanceKlass com/sun/org/apache/xerces/internal/impl/dtd/XMLEntityDecl
instanceKlass com/sun/org/apache/xerces/internal/impl/dtd/XMLDTDProcessor
instanceKlass com/sun/org/apache/xerces/internal/xni/parser/XMLDTDContentModelFilter
instanceKlass com/sun/org/apache/xerces/internal/xni/parser/XMLDTDFilter
instanceKlass com/sun/org/apache/xerces/internal/xni/parser/XMLDTDScanner
instanceKlass com/sun/org/apache/xerces/internal/xni/parser/XMLDTDContentModelSource
instanceKlass com/sun/org/apache/xerces/internal/xni/parser/XMLDTDSource
instanceKlass com/sun/org/apache/xerces/internal/xni/grammars/XMLDTDDescription
instanceKlass com/sun/org/apache/xerces/internal/xni/grammars/XMLGrammarDescription
instanceKlass com/sun/org/apache/xerces/internal/impl/XMLDocumentScannerImpl$TrailingMiscDriver
instanceKlass com/sun/org/apache/xerces/internal/impl/XMLDocumentScannerImpl$PrologDriver
instanceKlass com/sun/org/apache/xerces/internal/impl/XMLDocumentScannerImpl$XMLDeclDriver
instanceKlass com/sun/org/apache/xerces/internal/util/NamespaceSupport
instanceKlass com/sun/org/apache/xerces/internal/xni/NamespaceContext
instanceKlass com/sun/org/apache/xerces/internal/util/XMLAttributesImpl$Attribute
instanceKlass com/sun/org/apache/xerces/internal/util/XMLAttributesImpl
instanceKlass com/sun/org/apache/xerces/internal/xni/XMLAttributes
instanceKlass com/sun/org/apache/xerces/internal/impl/XMLDocumentFragmentScannerImpl$FragmentContentDriver
instanceKlass com/sun/org/apache/xerces/internal/impl/XMLDocumentFragmentScannerImpl$Driver
instanceKlass com/sun/org/apache/xerces/internal/impl/XMLDocumentFragmentScannerImpl$ElementStack2
instanceKlass com/sun/org/apache/xerces/internal/xni/QName
instanceKlass com/sun/org/apache/xerces/internal/impl/XMLDocumentFragmentScannerImpl$ElementStack
instanceKlass com/sun/org/apache/xerces/internal/xni/XMLString
instanceKlass com/sun/org/apache/xerces/internal/impl/XMLScanner
instanceKlass com/sun/xml/internal/stream/XMLBufferListener
instanceKlass com/sun/org/apache/xerces/internal/impl/XMLEntityHandler
instanceKlass com/sun/org/apache/xerces/internal/xni/parser/XMLDocumentScanner
instanceKlass com/sun/org/apache/xerces/internal/xni/parser/XMLDocumentSource
instanceKlass com/sun/org/apache/xerces/internal/impl/XMLErrorReporter
instanceKlass com/sun/org/apache/xerces/internal/impl/XMLEntityScanner
instanceKlass com/sun/org/apache/xerces/internal/xni/XMLLocator
instanceKlass com/sun/xml/internal/stream/XMLEntityStorage
instanceKlass com/sun/org/apache/xerces/internal/util/AugmentationsImpl$AugmentationsItemsContainer
instanceKlass com/sun/org/apache/xerces/internal/util/AugmentationsImpl
instanceKlass com/sun/org/apache/xerces/internal/xni/Augmentations
instanceKlass com/sun/org/apache/xerces/internal/util/XMLResourceIdentifierImpl
instanceKlass com/sun/org/apache/xerces/internal/xni/XMLResourceIdentifier
instanceKlass com/sun/org/apache/xerces/internal/impl/XMLEntityManager
instanceKlass com/sun/org/apache/xerces/internal/xni/parser/XMLEntityResolver
instanceKlass com/sun/org/apache/xerces/internal/xni/parser/XMLComponent
instanceKlass com/sun/org/apache/xerces/internal/util/SymbolTable$Entry
instanceKlass com/sun/org/apache/xerces/internal/util/SymbolTable
instanceKlass jdk/xml/internal/JdkConstants
instanceKlass jdk/xml/internal/JdkXmlUtils
instanceKlass com/sun/org/apache/xerces/internal/util/ParserConfigurationSettings
instanceKlass com/sun/org/apache/xerces/internal/parsers/XML11Configurable
instanceKlass com/sun/org/apache/xerces/internal/xni/parser/XMLPullParserConfiguration
instanceKlass com/sun/org/apache/xerces/internal/xni/parser/XMLParserConfiguration
instanceKlass com/sun/org/apache/xerces/internal/xni/parser/XMLComponentManager
instanceKlass com/sun/org/apache/xerces/internal/parsers/XMLParser
instanceKlass com/sun/org/apache/xerces/internal/xni/XMLDTDContentModelHandler
instanceKlass com/sun/org/apache/xerces/internal/xni/XMLDTDHandler
instanceKlass com/sun/org/apache/xerces/internal/xni/XMLDocumentHandler
instanceKlass org/xml/sax/XMLReader
instanceKlass org/xml/sax/Parser
instanceKlass com/sun/org/apache/xerces/internal/utils/XMLSecurityPropertyManager
instanceKlass com/sun/org/apache/xerces/internal/utils/XMLSecurityManager
instanceKlass javax/xml/parsers/SAXParser
instanceKlass com/sun/org/apache/xerces/internal/xs/PSVIProvider
instanceKlass com/sun/org/apache/xerces/internal/jaxp/JAXPConstants
instanceKlass  @bci javax/xml/parsers/FactoryFinder newInstance (Ljava/lang/Class;Ljava/lang/String;Ljava/lang/ClassLoader;ZZ)Ljava/lang/Object; 104 <appendix> member <vmtarget> ; # javax/xml/parsers/FactoryFinder$$Lambda+0x00000008003149a0
instanceKlass  @bci jdk/xml/internal/SecuritySupport getContextClassLoader ()Ljava/lang/ClassLoader; 0 <appendix> argL0 ; # jdk/xml/internal/SecuritySupport$$Lambda+0x00000008003144f8
instanceKlass  @bci javax/xml/parsers/FactoryFinder find (Ljava/lang/Class;Ljava/lang/String;)Ljava/lang/Object; 104 <appendix> member <vmtarget> ; # javax/xml/parsers/FactoryFinder$$Lambda+0x00000008003142c0
instanceKlass javax/xml/parsers/FactoryFinder$1
instanceKlass  @bci jdk/xml/internal/SecuritySupport getFileInputStream (Ljava/io/File;)Ljava/io/FileInputStream; 1 <appendix> member <vmtarget> ; # jdk/xml/internal/SecuritySupport$$Lambda+0x0000000800313e48
instanceKlass  @bci jdk/xml/internal/SecuritySupport doesFileExist (Ljava/io/File;)Z 1 <appendix> member <vmtarget> ; # jdk/xml/internal/SecuritySupport$$Lambda+0x0000000800313c10
instanceKlass  @bci javax/xml/parsers/FactoryFinder find (Ljava/lang/Class;Ljava/lang/String;)Ljava/lang/Object; 6 <appendix> member <vmtarget> ; # javax/xml/parsers/FactoryFinder$$Lambda+0x00000008003139d8
instanceKlass  @bci jdk/xml/internal/SecuritySupport getSystemProperty (Ljava/lang/String;)Ljava/lang/String; 1 <appendix> member <vmtarget> ; # jdk/xml/internal/SecuritySupport$$Lambda+0x00000008003137a0
instanceKlass jdk/xml/internal/SecuritySupport
instanceKlass javax/xml/parsers/FactoryFinder
instanceKlass javax/xml/parsers/SAXParserFactory
instanceKlass org/freeplane/core/ui/menubuilders/generic/Entry
instanceKlass org/xml/sax/ContentHandler
instanceKlass org/freeplane/core/ui/menubuilders/XmlEntryStructureBuilder
instanceKlass org/freeplane/features/icon/factory/IconStoreFactory$EmojiGroupBuilder
instanceKlass org/freeplane/core/ui/menubuilders/generic/SkippingEntryVisitor
instanceKlass org/freeplane/core/ui/menubuilders/generic/EmptyEntryVisitor
instanceKlass org/freeplane/core/ui/menubuilders/generic/IllegalEntryVisitor
instanceKlass org/freeplane/core/ui/menubuilders/generic/BuilderDestroyerPair
instanceKlass org/freeplane/core/ui/menubuilders/generic/RecursiveMenuStructureProcessor
instanceKlass org/freeplane/features/icon/factory/IconStoreFactory$2
instanceKlass org/freeplane/features/icon/factory/IconStoreFactory$1
instanceKlass  @bci org/freeplane/features/icon/IconGroup addGroups (Ljava/util/Collection;)V 7 <appendix> member <vmtarget> ; # org/freeplane/features/icon/IconGroup$$Lambda+0x00000008003615d8
instanceKlass  @bci org/freeplane/features/icon/IconGroup addIcons (Ljava/util/Collection;)V 17 <appendix> member <vmtarget> ; # org/freeplane/features/icon/IconGroup$$Lambda+0x0000000800361390
instanceKlass  @bci org/freeplane/features/icon/IconGroup addIcons (Ljava/util/Collection;)V 6 <appendix> argL0 ; # org/freeplane/features/icon/IconGroup$$Lambda+0x0000000800361140
instanceKlass  @bci org/freeplane/features/icon/factory/IconStoreFactory findGroupIcon (Ljava/util/List;Ljava/util/List;Ljava/lang/String;)Lorg/freeplane/features/icon/MindIcon; 60 <appendix> member <vmtarget> ; # org/freeplane/features/icon/factory/IconStoreFactory$$Lambda+0x0000000800360f08
instanceKlass  @bci org/freeplane/features/icon/factory/IconStoreFactory findGroupIcon (Ljava/util/List;Ljava/util/List;Ljava/lang/String;)Lorg/freeplane/features/icon/MindIcon; 42 <appendix> member <vmtarget> ; # org/freeplane/features/icon/factory/IconStoreFactory$$Lambda+0x0000000800360ca0
instanceKlass org/freeplane/features/icon/IconGroup
instanceKlass org/freeplane/features/icon/IconStore
instanceKlass org/freeplane/features/icon/UIIcon
instanceKlass org/freeplane/features/icon/IconDescription
instanceKlass org/freeplane/features/icon/factory/IconStoreFactory
instanceKlass org/freeplane/features/icon/PriorityConditionController
instanceKlass org/freeplane/features/icon/IconConditionController
instanceKlass org/freeplane/features/icon/IStateIconProvider
instanceKlass org/freeplane/features/mode/IPropertyHandler
instanceKlass org/freeplane/features/icon/IconController
instanceKlass org/freeplane/features/link/ConnectorChecker
instanceKlass org/freeplane/features/link/LinkConditionController
instanceKlass  @bci java/util/regex/Pattern negate (Ljava/util/regex/Pattern$CharPredicate;)Ljava/util/regex/Pattern$CharPredicate; 1 <appendix> member <vmtarget> ; # java/util/regex/Pattern$$Lambda+0x00000008003125c8
instanceKlass org/freeplane/features/icon/NamedIcon
instanceKlass org/freeplane/features/mode/SelectionController
instanceKlass org/freeplane/features/time/TimeConditionController
instanceKlass org/freeplane/features/time/TimeController
instanceKlass org/freeplane/features/text/NodeItemRelation
instanceKlass org/freeplane/features/text/NodeTextConditionController
instanceKlass org/freeplane/features/map/ITooltipProvider
instanceKlass org/freeplane/features/text/IContentTransformer
instanceKlass org/freeplane/core/io/IExtensionAttributeWriter
instanceKlass org/freeplane/core/io/IExtensionElementWriter
instanceKlass org/freeplane/features/text/TextController
instanceKlass org/freeplane/features/attribute/AttributeConditionController
instanceKlass org/freeplane/features/attribute/ModelessAttributeController
instanceKlass  @bci sun/util/locale/provider/JRELocaleProviderAdapter getDateFormatProvider ()Ljava/text/spi/DateFormatProvider; 8 <appendix> member <vmtarget> ; # sun/util/locale/provider/JRELocaleProviderAdapter$$Lambda+0x0000000800311188
instanceKlass  @bci java/util/regex/Pattern DOT ()Ljava/util/regex/Pattern$CharPredicate; 0 <appendix> argL0 ; # java/util/regex/Pattern$$Lambda+0x0000000800310f18
instanceKlass sun/util/resources/Bundles$2
instanceKlass sun/util/resources/LocaleData$LocaleDataResourceBundleProvider
instanceKlass java/util/spi/ResourceBundleProvider
instanceKlass sun/util/calendar/CalendarUtils
instanceKlass sun/util/calendar/CalendarDate
instanceKlass java/util/stream/Nodes$ArrayNode
instanceKlass  @bci sun/util/locale/provider/LocaleProviderAdapter toLocaleArray (Ljava/util/Set;)[Ljava/util/Locale; 16 <appendix> argL0 ; # sun/util/locale/provider/LocaleProviderAdapter$$Lambda+0x000000080030eee8
instanceKlass  @bci sun/util/locale/provider/LocaleProviderAdapter toLocaleArray (Ljava/util/Set;)[Ljava/util/Locale; 6 <appendix> argL0 ; # sun/util/locale/provider/LocaleProviderAdapter$$Lambda+0x000000080030ea90
instanceKlass  @bci sun/util/cldr/CLDRLocaleProviderAdapter getCalendarDataProvider ()Ljava/util/spi/CalendarDataProvider; 8 <appendix> member <vmtarget> ; # sun/util/cldr/CLDRLocaleProviderAdapter$$Lambda+0x000000080030e398
instanceKlass sun/util/locale/provider/CalendarDataUtility$CalendarWeekParameterGetter
instanceKlass sun/util/locale/provider/LocaleServiceProviderPool$LocalizedObjectGetter
instanceKlass sun/util/locale/provider/LocaleServiceProviderPool
instanceKlass sun/util/calendar/CalendarSystem$GregorianHolder
instanceKlass sun/util/calendar/CalendarSystem
instanceKlass java/util/Calendar$Builder
instanceKlass  @bci sun/util/locale/provider/JRELocaleProviderAdapter getCalendarProvider ()Lsun/util/spi/CalendarProvider; 8 <appendix> member <vmtarget> ; # sun/util/locale/provider/JRELocaleProviderAdapter$$Lambda+0x000000080030b710
instanceKlass  @bci sun/util/locale/provider/JRELocaleProviderAdapter getNumberFormatProvider ()Ljava/text/spi/NumberFormatProvider; 8 <appendix> member <vmtarget> ; # sun/util/locale/provider/JRELocaleProviderAdapter$$Lambda+0x000000080030a5b0
instanceKlass org/freeplane/features/format/Parser
instanceKlass org/freeplane/features/format/Scanner
instanceKlass org/freeplane/features/format/ScannerController
instanceKlass org/freeplane/features/format/FormatController$1
instanceKlass org/apache/commons/lang/StringUtils
instanceKlass org/freeplane/n3/nanoxml/XMLAttribute
instanceKlass org/freeplane/n3/nanoxml/XMLUtil
instanceKlass org/freeplane/n3/nanoxml/StdXMLReader$StackedReader
instanceKlass org/freeplane/n3/nanoxml/StdXMLReader
instanceKlass org/freeplane/n3/nanoxml/NonValidator
instanceKlass org/freeplane/n3/nanoxml/XMLEntityResolver
instanceKlass org/freeplane/n3/nanoxml/StdXMLBuilder
instanceKlass org/freeplane/n3/nanoxml/StdXMLParser
instanceKlass org/freeplane/n3/nanoxml/IXMLParser
instanceKlass org/freeplane/n3/nanoxml/IXMLValidator
instanceKlass org/freeplane/n3/nanoxml/IXMLBuilder
instanceKlass org/freeplane/n3/nanoxml/XMLParserFactory
instanceKlass org/freeplane/n3/nanoxml/IXMLEntityResolver
instanceKlass org/freeplane/core/io/xml/XMLLocalParserFactory
instanceKlass org/freeplane/features/format/FormatUtils
instanceKlass org/freeplane/features/format/PatternFormat
instanceKlass org/freeplane/core/resources/components/IValidator
instanceKlass org/freeplane/features/format/FormatController
instanceKlass org/freeplane/features/print/PrintController
instanceKlass org/freeplane/features/filter/FilterController$1
instanceKlass org/freeplane/features/filter/QuickHighlightAction$1
instanceKlass org/freeplane/features/filter/SelectFilteredElementAction$1
instanceKlass org/freeplane/features/filter/ApplyToVisibleAction$1
instanceKlass org/freeplane/features/filter/ShowDescendantsAction$1
instanceKlass org/freeplane/features/filter/ShowAncestorsAction$1
instanceKlass org/freeplane/features/filter/HideMatchingNodesAction$1
instanceKlass org/freeplane/features/filter/FilterController$2
instanceKlass javax/swing/plaf/basic/BasicButtonUI$KeyHandler
instanceKlass  @bci com/formdev/flatlaf/ui/FlatToggleButtonUI createUI (Ljavax/swing/JComponent;)Ljavax/swing/plaf/ComponentUI; 9 <appendix> argL0 ; # com/formdev/flatlaf/ui/FlatToggleButtonUI$$Lambda+0x0000000800347a28
instanceKlass org/freeplane/core/ui/textchanger/TranslatedElementFactory
instanceKlass com/formdev/flatlaf/util/HiDPIUtils
instanceKlass org/freeplane/features/filter/FilterConditionEditor$ElementaryConditionChangeListener
instanceKlass org/freeplane/features/filter/condition/DefaultConditionRenderer
instanceKlass javax/swing/table/TableCellRenderer
instanceKlass org/freeplane/features/filter/FilterConditionEditor$FilteredPropertyChangeListener
instanceKlass org/freeplane/core/util/collection/ExtendedComboBoxModel$ExtensionDataListener
instanceKlass  @bci com/formdev/flatlaf/ui/FlatComboBoxUI applyStyle (Ljava/lang/Object;)V 17 <appendix> member <vmtarget> ; # com/formdev/flatlaf/ui/FlatComboBoxUI$$Lambda+0x0000000800344e68
instanceKlass com/formdev/flatlaf/ui/FlatComboBoxUI$FlatKeySelectionManager
instanceKlass javax/swing/plaf/basic/BasicComboBoxUI$DefaultKeySelectionManager
instanceKlass javax/swing/plaf/basic/BasicComboBoxUI$ComboBoxLayoutManager
instanceKlass javax/swing/plaf/basic/BasicComboBoxUI$FocusHandler
instanceKlass  @bci com/formdev/flatlaf/ui/FlatComboBoxUI createPropertyChangeListener ()Ljava/beans/PropertyChangeListener; 7 <appendix> member <vmtarget> ; # com/formdev/flatlaf/ui/FlatComboBoxUI$$Lambda+0x0000000800344248
instanceKlass javax/swing/plaf/basic/BasicComboBoxUI$Handler
instanceKlass javax/swing/text/Segment
instanceKlass java/text/CharacterIterator
instanceKlass javax/swing/JTextField$ScrollRepainter
instanceKlass  @bci com/formdev/flatlaf/ui/FlatTextFieldUI applyStyle (Ljava/lang/Object;)V 28 <appendix> member <vmtarget> ; # com/formdev/flatlaf/ui/FlatTextFieldUI$$Lambda+0x0000000800344000
instanceKlass javax/swing/plaf/synth/SynthUI
instanceKlass javax/swing/plaf/synth/SynthConstants
instanceKlass javax/swing/text/JTextComponent$DefaultKeymap
instanceKlass javax/swing/text/Keymap
instanceKlass com/formdev/flatlaf/ui/FlatUIUtils$RepaintFocusListener
instanceKlass javax/swing/text/PlainView$1
instanceKlass javax/swing/text/PlainView$FPMethodItem
instanceKlass javax/swing/text/TabExpander
instanceKlass java/lang/StackTraceElement$HashedModules
instanceKlass  @bci com/formdev/flatlaf/ui/StackUtils wasInvokedFrom (Ljava/lang/String;Ljava/lang/String;I)Z 2 <appendix> member <vmtarget> ; # com/formdev/flatlaf/ui/StackUtils$$Lambda+0x00000008002e1968
instanceKlass  @cpi com/formdev/flatlaf/ui/StackUtils 48 form vmentry <vmtarget> ; # java/lang/invoke/LambdaForm$DMH+0x0000000800340000
instanceKlass java/util/function/BiPredicate
instanceKlass com/formdev/flatlaf/ui/StackUtils
instanceKlass javax/swing/text/GapContent$StickyPosition
instanceKlass javax/swing/text/Position
instanceKlass javax/swing/text/AbstractDocument$1
instanceKlass javax/swing/text/AbstractDocument$AbstractElement
instanceKlass javax/swing/tree/TreeNode
instanceKlass javax/swing/text/Element
instanceKlass javax/swing/text/GapVector
instanceKlass javax/swing/text/AbstractDocument$Content
instanceKlass javax/swing/text/AbstractDocument
instanceKlass javax/swing/text/DefaultHighlighter$SafeDamager
instanceKlass javax/swing/text/Highlighter$Highlight
instanceKlass javax/swing/text/LayeredHighlighter
instanceKlass javax/swing/text/Highlighter
instanceKlass javax/swing/text/Document
instanceKlass javax/swing/text/DefaultCaret$Handler
instanceKlass java/awt/datatransfer/ClipboardOwner
instanceKlass javax/swing/plaf/basic/BasicTextUI$UpdateHandler
instanceKlass javax/swing/text/View
instanceKlass javax/swing/text/Caret
instanceKlass com/sun/beans/util/Cache$CacheEntry
instanceKlass com/sun/beans/util/Cache
instanceKlass javax/swing/text/JTextComponent$1
instanceKlass sun/swing/SwingAccessor$JTextComponentAccessor
instanceKlass javax/swing/plaf/basic/BasicComboBoxEditor
instanceKlass  @bci com/formdev/flatlaf/ui/FlatComboBoxUI$FlatComboPopup createPropertyChangeListener ()Ljava/beans/PropertyChangeListener; 7 <appendix> member <vmtarget> ; # com/formdev/flatlaf/ui/FlatComboBoxUI$FlatComboPopup$$Lambda+0x00000008002ef478
instanceKlass com/formdev/flatlaf/ui/FlatComboBoxUI$FlatComboPopup$PopupListCellRenderer
instanceKlass  @bci com/formdev/flatlaf/ui/FlatScrollPaneUI applyStyle (Ljava/lang/Object;)V 7 <appendix> member <vmtarget> ; # com/formdev/flatlaf/ui/FlatScrollPaneUI$$Lambda+0x00000008002eeff0
instanceKlass com/formdev/flatlaf/ui/FlatScrollPaneUI$Handler
instanceKlass  @bci com/formdev/flatlaf/ui/FlatScrollPaneUI createMouseWheelListener ()Ljava/awt/event/MouseWheelListener; 7 <appendix> member <vmtarget> ; # com/formdev/flatlaf/ui/FlatScrollPaneUI$$Lambda+0x00000008002ee848
instanceKlass  @bci com/formdev/flatlaf/ui/FlatScrollPaneUI createPropertyChangeListener ()Ljava/beans/PropertyChangeListener; 7 <appendix> member <vmtarget> ; # com/formdev/flatlaf/ui/FlatScrollPaneUI$$Lambda+0x00000008002ee610
instanceKlass javax/swing/plaf/basic/BasicScrollPaneUI$Handler
instanceKlass  @bci com/formdev/flatlaf/ui/FlatScrollBarUI applyStyle (Ljava/lang/Object;)V 7 <appendix> member <vmtarget> ; # com/formdev/flatlaf/ui/FlatScrollBarUI$$Lambda+0x00000008002edd48
instanceKlass javax/swing/plaf/basic/BasicScrollBarUI$ScrollListener
instanceKlass  @bci com/formdev/flatlaf/ui/FlatScrollBarUI createPropertyChangeListener ()Ljava/beans/PropertyChangeListener; 7 <appendix> member <vmtarget> ; # com/formdev/flatlaf/ui/FlatScrollBarUI$$Lambda+0x00000008002edb10
instanceKlass javax/swing/plaf/basic/BasicScrollBarUI$Handler
instanceKlass javax/swing/plaf/basic/BasicScrollBarUI$ModelListener
instanceKlass javax/swing/DefaultBoundedRangeModel
instanceKlass javax/swing/BoundedRangeModel
instanceKlass javax/swing/JScrollBar$ModelListener
instanceKlass java/awt/Adjustable
instanceKlass  @bci com/formdev/flatlaf/ui/FlatViewportUI createUI (Ljavax/swing/JComponent;)Ljavax/swing/plaf/ComponentUI; 2 <appendix> argL0 ; # com/formdev/flatlaf/ui/FlatViewportUI$$Lambda+0x00000008002ebaa0
instanceKlass javax/swing/ViewportLayout
instanceKlass javax/swing/ScrollPaneLayout
instanceKlass javax/swing/ScrollPaneConstants
instanceKlass javax/swing/plaf/basic/BasicComboPopup$Handler
instanceKlass  @bci com/formdev/flatlaf/ui/FlatListUI applyStyle (Ljava/lang/Object;)V 29 <appendix> member <vmtarget> ; # com/formdev/flatlaf/ui/FlatListUI$$Lambda+0x00000008002eb5d0
instanceKlass  @bci com/formdev/flatlaf/ui/FlatListUI createListSelectionListener ()Ljavax/swing/event/ListSelectionListener; 7 <appendix> member <vmtarget> ; # com/formdev/flatlaf/ui/FlatListUI$$Lambda+0x00000008002eb398
instanceKlass  @bci com/formdev/flatlaf/ui/FlatListUI createPropertyChangeListener ()Ljava/beans/PropertyChangeListener; 7 <appendix> member <vmtarget> ; # com/formdev/flatlaf/ui/FlatListUI$$Lambda+0x00000008002eb160
instanceKlass javax/swing/plaf/basic/BasicListUI$Handler
instanceKlass javax/swing/plaf/basic/DragRecognitionSupport$BeforeDrag
instanceKlass javax/swing/event/ListSelectionListener
instanceKlass javax/swing/plaf/basic/BasicListUI$FocusHandler
instanceKlass javax/swing/TransferHandler$TransferSupport
instanceKlass javax/swing/TransferHandler$DropHandler
instanceKlass java/awt/datatransfer/SystemFlavorMap$SoftCache
instanceKlass  @bci java/awt/datatransfer/SystemFlavorMap getDefaultFlavorMap ()Ljava/awt/datatransfer/FlavorMap; 3 <appendix> argL0 ; # java/awt/datatransfer/SystemFlavorMap$$Lambda+0x00000008002baa40
instanceKlass java/awt/datatransfer/DataFlavor
instanceKlass sun/awt/datatransfer/DesktopDatatransferServiceImpl
instanceKlass sun/datatransfer/DataFlavorUtil$DefaultDesktopDatatransferService
instanceKlass sun/datatransfer/DesktopDatatransferService
instanceKlass sun/datatransfer/DataFlavorUtil
instanceKlass java/awt/datatransfer/SystemFlavorMap
instanceKlass java/awt/datatransfer/FlavorTable
instanceKlass java/awt/datatransfer/FlavorMap
instanceKlass java/awt/dnd/DropTargetContext$1
instanceKlass sun/awt/AWTAccessor$DropTargetContextAccessor
instanceKlass java/awt/dnd/DropTargetContext
instanceKlass java/awt/dnd/DropTarget
instanceKlass java/awt/dnd/DropTargetListener
instanceKlass sun/swing/UIAction
instanceKlass javax/swing/TransferHandler
instanceKlass java/util/BitSet
instanceKlass javax/swing/DefaultListSelectionModel
instanceKlass javax/swing/ListSelectionModel
instanceKlass  @bci com/formdev/flatlaf/ui/FlatPopupMenuUI applyStyle (Ljava/lang/Object;)V 7 <appendix> member <vmtarget> ; # com/formdev/flatlaf/ui/FlatPopupMenuUI$$Lambda+0x00000008002e3958
instanceKlass  @bci com/formdev/flatlaf/ui/FlatPopupMenuUI installListeners ()V 10 <appendix> member <vmtarget> ; # com/formdev/flatlaf/ui/FlatPopupMenuUI$$Lambda+0x00000008002e3720
instanceKlass java/awt/event/FocusAdapter
instanceKlass javax/swing/plaf/basic/BasicPopupMenuUI$MenuKeyboardHelper
instanceKlass javax/swing/plaf/basic/BasicPopupMenuUI$MouseGrabber
instanceKlass javax/swing/plaf/basic/BasicPopupMenuUI$BasicMenuKeyListener
instanceKlass javax/swing/plaf/basic/BasicPopupMenuUI$BasicPopupMenuListener
instanceKlass javax/swing/plaf/basic/BasicLookAndFeel$1
instanceKlass java/awt/Toolkit$SelectiveAWTEventListener
instanceKlass javax/swing/plaf/basic/BasicLookAndFeel$AWTEventHelper
instanceKlass javax/swing/event/PopupMenuListener
instanceKlass javax/swing/DefaultSingleSelectionModel
instanceKlass javax/swing/SingleSelectionModel
instanceKlass javax/swing/plaf/basic/BasicComboPopup$EmptyListModelClass
instanceKlass javax/swing/plaf/basic/ComboPopup
instanceKlass javax/swing/JComboBox$KeySelectionManager
instanceKlass com/formdev/flatlaf/ui/FlatStylingSupport$StyleableLookupProvider
instanceKlass javax/swing/AncestorNotifier
instanceKlass javax/swing/ClientPropertyKey$1
instanceKlass sun/awt/AWTAccessor$ClientPropertyKeyAccessor
instanceKlass javax/swing/JComboBox$1
instanceKlass org/freeplane/core/ui/components/JComboBoxFactory
instanceKlass org/freeplane/core/ui/components/FreeplaneToolBar$1
instanceKlass  @bci com/formdev/flatlaf/ui/FlatToolBarBorder getBorderInsets (Ljava/awt/Component;Ljava/awt/Insets;)Ljava/awt/Insets; 1 <appendix> argL0 ; # com/formdev/flatlaf/ui/FlatToolBarBorder$$Lambda+0x00000008002df988
instanceKlass java/awt/GridBagLayout
instanceKlass  @bci com/formdev/flatlaf/ui/FlatToolBarUI applyStyle (Ljava/lang/Object;)V 17 <appendix> member <vmtarget> ; # com/formdev/flatlaf/ui/FlatToolBarUI$$Lambda+0x00000008002df3e8
instanceKlass  @cpi com/formdev/flatlaf/ui/FlatSliderUI 499 form vmentry <vmtarget> ; # java/lang/invoke/LambdaForm$DMH+0x00000008002e0400
instanceKlass javax/swing/plaf/basic/BasicToolBarUI$ToolBarContListener
instanceKlass  @bci com/formdev/flatlaf/ui/FlatStylingSupport createPropertyChangeListener (Ljavax/swing/JComponent;Ljava/lang/Runnable;Ljava/beans/PropertyChangeListener;)Ljava/beans/PropertyChangeListener; 3 <appendix> member <vmtarget> ; # com/formdev/flatlaf/ui/FlatStylingSupport$$Lambda+0x00000008002def60
instanceKlass  @bci com/formdev/flatlaf/ui/FlatToolBarUI createPropertyListener ()Ljava/beans/PropertyChangeListener; 5 <appendix> member <vmtarget> ; # com/formdev/flatlaf/ui/FlatToolBarUI$$Lambda+0x00000008002ded28
instanceKlass javax/swing/plaf/basic/BasicToolBarUI$Handler
instanceKlass javax/swing/event/MouseInputListener
instanceKlass com/formdev/flatlaf/ui/FlatTitlePane$TitleBarCaptionHitTest
instanceKlass javax/swing/JToolBar$DefaultToolBarLayout
instanceKlass java/awt/GridBagConstraints
instanceKlass  @bci org/freeplane/features/filter/condition/DecoratedConditionFactory <init> ()V 463 <appendix> argL0 ; # org/freeplane/features/filter/condition/DecoratedConditionFactory$$Lambda+0x00000008002dd878
instanceKlass  @bci org/freeplane/features/filter/condition/DecoratedConditionFactory <init> ()V 443 <appendix> argL0 ; # org/freeplane/features/filter/condition/DecoratedConditionFactory$$Lambda+0x00000008002dd638
instanceKlass  @bci org/freeplane/features/filter/condition/DecoratedConditionFactory <init> ()V 423 <appendix> argL0 ; # org/freeplane/features/filter/condition/DecoratedConditionFactory$$Lambda+0x00000008002dd3f8
instanceKlass  @bci org/freeplane/features/filter/condition/DecoratedConditionFactory <init> ()V 403 <appendix> argL0 ; # org/freeplane/features/filter/condition/DecoratedConditionFactory$$Lambda+0x00000008002dd1b8
instanceKlass  @bci org/freeplane/features/filter/condition/DecoratedConditionFactory <init> ()V 383 <appendix> argL0 ; # org/freeplane/features/filter/condition/DecoratedConditionFactory$$Lambda+0x00000008002dcf78
instanceKlass  @bci org/freeplane/features/filter/condition/DecoratedConditionFactory <init> ()V 363 <appendix> argL0 ; # org/freeplane/features/filter/condition/DecoratedConditionFactory$$Lambda+0x00000008002dcd38
instanceKlass  @bci org/freeplane/features/filter/condition/DecoratedConditionFactory <init> ()V 343 <appendix> argL0 ; # org/freeplane/features/filter/condition/DecoratedConditionFactory$$Lambda+0x00000008002dcaf8
instanceKlass  @bci org/freeplane/features/filter/condition/DecoratedConditionFactory <init> ()V 323 <appendix> argL0 ; # org/freeplane/features/filter/condition/DecoratedConditionFactory$$Lambda+0x00000008002dc8b8
instanceKlass  @bci org/freeplane/features/filter/condition/DecoratedConditionFactory <init> ()V 303 <appendix> argL0 ; # org/freeplane/features/filter/condition/DecoratedConditionFactory$$Lambda+0x00000008002dc678
instanceKlass  @bci org/freeplane/features/filter/condition/DecoratedConditionFactory <init> ()V 283 <appendix> argL0 ; # org/freeplane/features/filter/condition/DecoratedConditionFactory$$Lambda+0x00000008002dc438
instanceKlass  @cpi org/freeplane/features/icon/factory/IconStoreFactory 564 form vmentry <vmtarget> ; # java/lang/invoke/LambdaForm$DMH+0x00000008002e0000
instanceKlass org/freeplane/n3/nanoxml/XMLElement
instanceKlass org/freeplane/features/filter/condition/ConditionFactory
instanceKlass  @bci org/freeplane/features/filter/condition/DecoratedConditionFactory <init> ()V 253 <appendix> member <vmtarget> ; # org/freeplane/features/filter/condition/DecoratedConditionFactory$$Lambda+0x00000008002dbc10
instanceKlass  @bci org/freeplane/features/filter/condition/DecoratedConditionFactory <init> ()V 204 <appendix> argL0 ; # org/freeplane/features/filter/condition/DecoratedConditionFactory$$Lambda+0x00000008002db9c0
instanceKlass  @bci org/freeplane/features/filter/condition/DecoratedConditionFactory <init> ()V 184 <appendix> argL0 ; # org/freeplane/features/filter/condition/DecoratedConditionFactory$$Lambda+0x00000008002db3f8
instanceKlass  @bci org/freeplane/features/filter/condition/DecoratedConditionFactory <init> ()V 164 <appendix> argL0 ; # org/freeplane/features/filter/condition/DecoratedConditionFactory$$Lambda+0x00000008002dae30
instanceKlass  @bci org/freeplane/features/filter/condition/DecoratedConditionFactory <init> ()V 144 <appendix> argL0 ; # org/freeplane/features/filter/condition/DecoratedConditionFactory$$Lambda+0x00000008002da868
instanceKlass  @bci org/freeplane/features/filter/condition/DecoratedConditionFactory <init> ()V 124 <appendix> argL0 ; # org/freeplane/features/filter/condition/DecoratedConditionFactory$$Lambda+0x00000008002da2a0
instanceKlass  @bci org/freeplane/features/filter/condition/DecoratedConditionFactory <init> ()V 104 <appendix> argL0 ; # org/freeplane/features/filter/condition/DecoratedConditionFactory$$Lambda+0x00000008002d9cd8
instanceKlass  @bci org/freeplane/features/filter/condition/DecoratedConditionFactory <init> ()V 84 <appendix> argL0 ; # org/freeplane/features/filter/condition/DecoratedConditionFactory$$Lambda+0x00000008002d9710
instanceKlass  @bci org/freeplane/features/filter/condition/DecoratedConditionFactory <init> ()V 64 <appendix> argL0 ; # org/freeplane/features/filter/condition/DecoratedConditionFactory$$Lambda+0x00000008002d9148
instanceKlass  @bci org/freeplane/features/filter/condition/DecoratedConditionFactory <init> ()V 44 <appendix> argL0 ; # org/freeplane/features/filter/condition/DecoratedConditionFactory$$Lambda+0x00000008002d8b80
instanceKlass  @bci org/freeplane/features/filter/condition/DecoratedConditionFactory <init> ()V 24 <appendix> argL0 ; # org/freeplane/features/filter/condition/DecoratedConditionFactory$$Lambda+0x00000008002d85b8
instanceKlass org/freeplane/core/resources/TranslatedObject
instanceKlass org/freeplane/features/filter/condition/DecoratedConditionFactory
instanceKlass org/freeplane/features/filter/condition/ICombinedCondition
instanceKlass org/freeplane/features/filter/FilterConditionEditor
instanceKlass org/freeplane/core/ui/ButtonModelStateChangeListenerForProperty
instanceKlass org/freeplane/features/filter/FilterController$FilterChangeListener
instanceKlass org/freeplane/features/filter/Filter$FilterInfoAccessor
instanceKlass org/freeplane/features/filter/Filter
instanceKlass org/freeplane/features/filter/FilterHistory
instanceKlass org/freeplane/features/filter/FilterMenuBuilder
instanceKlass org/apache/commons/lang/builder/HashCodeBuilder
instanceKlass org/apache/commons/lang/builder/EqualsBuilder
instanceKlass org/freeplane/features/filter/condition/ASelectableCondition
instanceKlass javax/swing/ListCellRenderer
instanceKlass org/freeplane/n3/nanoxml/IXMLReader
instanceKlass org/freeplane/features/highlight/NodeHighlighter
instanceKlass org/freeplane/features/filter/condition/ICondition
instanceKlass org/freeplane/features/filter/FilterController
instanceKlass org/freeplane/features/highlight/HighlightController
instanceKlass  @bci java/awt/Window$2 bumpCounter (Ljava/awt/Window;Ljava/lang/String;)V 30 <appendix> form vmentry <vmtarget> ; # java/lang/invoke/LambdaForm$DMH+0x00000008002cc800
instanceKlass  @bci java/awt/Window$2 bumpCounter (Ljava/awt/Window;Ljava/lang/String;)V 30 <appendix> member <vmtarget> ; # java/awt/Window$2$$Lambda+0x00000008002a2228
instanceKlass  @cpi java/awt/Window$2 237 form vmentry <vmtarget> ; # java/lang/invoke/LambdaForm$DMH+0x00000008002cc400
instanceKlass  @bci javax/swing/RepaintManager updateWindows (Ljava/util/Map;)V 36 <appendix> argL0 ; # javax/swing/RepaintManager$$Lambda+0x00000008002a1b00
instanceKlass java/util/stream/DistinctOps
instanceKlass  @bci javax/swing/RepaintManager updateWindows (Ljava/util/Map;)V 21 <appendix> argL0 ; # javax/swing/RepaintManager$$Lambda+0x00000008002a1160
instanceKlass  @bci javax/swing/RepaintManager updateWindows (Ljava/util/Map;)V 11 <appendix> argL0 ; # javax/swing/RepaintManager$$Lambda+0x00000008002a0f10
instanceKlass java/util/IdentityHashMap$IdentityHashMapSpliterator
instanceKlass javax/swing/RepaintManager$4
instanceKlass org/freeplane/features/ui/FrameController$StaticInvoker
instanceKlass javax/swing/RepaintManager$2$1
instanceKlass  @bci org/freeplane/main/application/FreeplaneGUIStarter createController ()Lorg/freeplane/features/mode/Controller; 127 <appendix> member <vmtarget> ; # org/freeplane/main/application/FreeplaneGUIStarter$$Lambda+0x00000008002c1448
instanceKlass java/awt/EventQueue$5
instanceKlass sun/java2d/loops/FontInfo
instanceKlass sun/font/FontDesignMetrics$MetricsKey
instanceKlass  @bci sun/font/SunFontManager createFont2D (Ljava/io/File;IZZLsun/font/CreatedFontTracker;)[Lsun/font/Font2D; 356 <appendix> member <vmtarget> ; # sun/font/SunFontManager$$Lambda+0x000000080029f458
instanceKlass sun/font/SunFontManager$7
instanceKlass sun/font/FileFont$CreatedFontFileDisposerRecord
instanceKlass java/io/FileOutputStream$1
instanceKlass java/awt/Font$2
instanceKlass sun/security/provider/AbstractDrbg$NonceProvider
instanceKlass  @bci sun/security/provider/AbstractDrbg$SeederHolder <clinit> ()V 42 <appendix> member <vmtarget> ; # sun/security/provider/AbstractDrbg$SeederHolder$$Lambda+0x000000080029e1b8
instanceKlass  @cpi sun/security/provider/AbstractDrbg$SeederHolder 91 form vmentry <vmtarget> ; # java/lang/invoke/LambdaForm$DMH+0x00000008002cc000
instanceKlass sun/nio/fs/BasicFileAttributesHolder
instanceKlass sun/nio/fs/WindowsDirectoryStream$WindowsDirectoryIterator
instanceKlass sun/nio/fs/WindowsDirectoryStream
instanceKlass java/nio/file/DirectoryStream
instanceKlass java/nio/file/Files$AcceptAllFilter
instanceKlass java/nio/file/DirectoryStream$Filter
instanceKlass java/net/NetworkInterface$1
instanceKlass java/net/DefaultInterface
instanceKlass java/net/InterfaceAddress
instanceKlass java/net/NetworkInterface
instanceKlass sun/security/provider/ByteArrayAccess$BE
instanceKlass sun/security/provider/ByteArrayAccess
instanceKlass sun/security/provider/SeedGenerator$1
instanceKlass sun/security/util/MessageDigestSpi2
instanceKlass sun/security/jca/GetInstance$Instance
instanceKlass sun/security/jca/GetInstance
instanceKlass java/security/MessageDigestSpi
instanceKlass sun/security/provider/SeedGenerator
instanceKlass sun/security/provider/AbstractDrbg$SeederHolder
instanceKlass java/security/DrbgParameters$NextBytes
instanceKlass  @bci sun/security/provider/AbstractDrbg <clinit> ()V 12 <appendix> argL0 ; # sun/security/provider/AbstractDrbg$$Lambda+0x0000000800299b38
instanceKlass  @cpi sun/security/provider/AbstractDrbg 383 form vmentry <vmtarget> ; # java/lang/invoke/LambdaForm$DMH+0x00000008002cb800
instanceKlass sun/security/provider/EntropySource
instanceKlass sun/security/provider/AbstractDrbg
instanceKlass java/security/DrbgParameters$Instantiation
instanceKlass java/security/DrbgParameters
instanceKlass sun/security/provider/MoreDrbgParameters
instanceKlass  @bci sun/security/provider/DRBG <init> (Ljava/security/SecureRandomParameters;)V 26 <appendix> argL0 ; # sun/security/provider/DRBG$$Lambda+0x0000000800298538
instanceKlass java/security/SecureRandomSpi
instanceKlass jdk/internal/event/Event
instanceKlass sun/security/util/SecurityProviderConstants
instanceKlass java/security/Provider$UString
instanceKlass java/security/Provider$Service
instanceKlass sun/security/provider/NativePRNG$NonBlocking
instanceKlass sun/security/provider/NativePRNG$Blocking
instanceKlass sun/security/provider/NativePRNG
instanceKlass sun/security/provider/SunEntries$1
instanceKlass sun/security/provider/SunEntries
instanceKlass java/util/AbstractList$Itr
instanceKlass sun/security/jca/ProviderList$2
instanceKlass javax/security/auth/login/Configuration$Parameters
instanceKlass java/security/Policy$Parameters
instanceKlass java/security/cert/CertStoreParameters
instanceKlass java/security/SecureRandomParameters
instanceKlass java/security/Provider$EngineDescription
instanceKlass java/security/Provider$ServiceKey
instanceKlass sun/security/jca/ProviderConfig
instanceKlass sun/security/jca/ProviderList
instanceKlass sun/security/jca/Providers
instanceKlass java/nio/file/TempFileHelper
instanceKlass java/awt/Font$1
instanceKlass  @bci sun/java2d/loops/RenderCache$Key hashCode ()I 1 <adapter> ; # java/lang/invoke/LambdaForm$MH+0x00000008002cb000
instanceKlass  @bci sun/java2d/loops/RenderCache$Key hashCode ()I 1 <appendix> form vmentry <vmtarget> ; # java/lang/invoke/LambdaForm$MH+0x00000008002cac00
instanceKlass  @bci sun/java2d/loops/RenderCache$Key hashCode ()I 1 <appendix> form names 7 function resolvedHandle form vmentry <vmtarget> ; # java/lang/invoke/LambdaForm$DMH+0x00000008002ca000
instanceKlass  @bci sun/java2d/loops/RenderCache$Key hashCode ()I 1 <appendix> argL1 form vmentry <vmtarget> ; # java/lang/invoke/LambdaForm$MH+0x00000008002c9c00
instanceKlass  @bci sun/java2d/loops/RenderCache$Key hashCode ()I 1 <appendix> argL2 argL2 argL2 form vmentry <vmtarget> ; # java/lang/invoke/LambdaForm$MH+0x00000008002c9800
instanceKlass  @bci java/lang/runtime/ObjectMethods bootstrap (Ljava/lang/invoke/MethodHandles$Lookup;Ljava/lang/String;Ljava/lang/invoke/TypeDescriptor;Ljava/lang/Class;Ljava/lang/String;[Ljava/lang/invoke/MethodHandle;)Ljava/lang/Object; 37 <appendix> argL0 ; # java/lang/runtime/ObjectMethods$$Lambda+0x0000000800290be8
instanceKlass java/lang/invoke/DirectMethodHandle$1
# instanceKlass java/lang/invoke/LambdaForm$DMH+0x00000008002c9400
# instanceKlass java/lang/invoke/LambdaForm$DMH+0x00000008002c9000
# instanceKlass java/lang/invoke/LambdaForm$DMH+0x00000008002c8c00
# instanceKlass java/lang/invoke/LambdaForm$DMH+0x00000008002c8800
# instanceKlass java/lang/invoke/LambdaForm$DMH+0x00000008002c8000
# instanceKlass java/lang/invoke/LambdaForm$DMH+0x00000008002c7800
# instanceKlass java/lang/invoke/LambdaForm$DMH+0x00000008002c7000
instanceKlass  @cpi org/codehaus/groovy/vmplugin/v9/Java9 3409 form vmentry <vmtarget> ; # java/lang/invoke/LambdaForm$DMH+0x00000008002c6c00
instanceKlass  @cpi org/freeplane/view/swing/map/VerticalNodeViewLayoutStrategy 787 form vmentry <vmtarget> ; # java/lang/invoke/LambdaForm$DMH+0x00000008002c6800
instanceKlass  @cpi org/freeplane/features/filter/condition/DecoratedConditionFactory 240 form vmentry <vmtarget> ; # java/lang/invoke/LambdaForm$DMH+0x00000008002c6400
instanceKlass java/lang/runtime/ObjectMethods$1
# instanceKlass java/lang/invoke/LambdaForm$MH+0x00000008002c6000
instanceKlass sun/invoke/util/ValueConversions$WrapperCache
# instanceKlass java/lang/invoke/LambdaForm$MH+0x00000008002c5c00
# instanceKlass java/lang/invoke/LambdaForm$MH+0x00000008002c5000
# instanceKlass java/lang/invoke/LambdaForm$MH+0x00000008002c4c00
instanceKlass java/lang/invoke/MethodHandleImpl$Makers$2
instanceKlass java/lang/invoke/MethodHandleImpl$Makers$1
instanceKlass java/lang/invoke/MethodHandleImpl$Makers
instanceKlass  @bci java/lang/invoke/BootstrapMethodInvoker invoke (Ljava/lang/Class;Ljava/lang/invoke/MethodHandle;Ljava/lang/String;Ljava/lang/Object;Ljava/lang/Object;Ljava/lang/Class;)Ljava/lang/Object; 894 <adapter> ; # java/lang/invoke/LambdaForm$MH+0x00000008002c4800
instanceKlass  @bci sun/java2d/loops/RenderCache$Key hashCode ()I 1 <appendix> argL1 argL1 form vmentry <vmtarget> ; # java/lang/invoke/LambdaForm$MH+0x00000008002c4400
instanceKlass java/lang/runtime/ObjectMethods
instanceKlass sun/awt/SunGraphicsCallback
instanceKlass sun/awt/image/BufImgSurfaceData$ICMColorData
instanceKlass java/awt/SplashScreen
instanceKlass sun/java2d/pipe/hw/AccelGraphicsConfig
instanceKlass sun/java2d/pipe/hw/BufferedContextProvider
instanceKlass sun/awt/windows/TranslucentWindowPainter
instanceKlass sun/awt/ModalExclude
instanceKlass com/formdev/flatlaf/ui/FlatRootPaneUI$FlatRootLayout
instanceKlass sun/font/CMap
instanceKlass  @bci sun/font/FreetypeFontScaler <clinit> ()V 3 <appendix> argL0 ; # sun/font/FreetypeFontScaler$$Lambda+0x0000000800289288
instanceKlass sun/font/FontScaler
instanceKlass sun/font/FileFontStrike$1
instanceKlass sun/font/StrikeCache$DisposableStrike
instanceKlass sun/font/FontStrikeDisposer
instanceKlass sun/java2d/Disposer$PollDisposable
instanceKlass sun/font/FontStrikeDesc
instanceKlass java/awt/FontMetrics
instanceKlass javax/swing/plaf/basic/BasicGraphicsUtils
instanceKlass javax/swing/SizeRequirements
instanceKlass  @bci com/formdev/flatlaf/ui/FlatTitlePane updateNativeTitleBarHeightAndHitTestSpotsLater ()V 11 <appendix> member <vmtarget> ; # com/formdev/flatlaf/ui/FlatTitlePane$$Lambda+0x00000008002c0f30
instanceKlass sun/awt/CachedCursorManager
instanceKlass java/awt/event/ComponentAdapter
instanceKlass com/formdev/flatlaf/ui/FlatUIUtils$NonUIResourceBorder
instanceKlass  @bci com/formdev/flatlaf/ui/FlatTitlePane createButtons ()V 61 <appendix> member <vmtarget> ; # com/formdev/flatlaf/ui/FlatTitlePane$$Lambda+0x00000008002c0288
instanceKlass  @bci com/formdev/flatlaf/ui/FlatTitlePane createButtons ()V 43 <appendix> member <vmtarget> ; # com/formdev/flatlaf/ui/FlatTitlePane$$Lambda+0x000000080026fc08
instanceKlass  @bci com/formdev/flatlaf/ui/FlatTitlePane createButtons ()V 25 <appendix> member <vmtarget> ; # com/formdev/flatlaf/ui/FlatTitlePane$$Lambda+0x000000080026f748
instanceKlass  @bci com/formdev/flatlaf/ui/FlatButtonUI applyStyle (Ljavax/swing/AbstractButton;Ljava/lang/Object;)V 8 <appendix> member <vmtarget> ; # com/formdev/flatlaf/ui/FlatButtonUI$$Lambda+0x000000080026f150
instanceKlass java/beans/VetoableChangeListener
instanceKlass com/formdev/flatlaf/ui/MigLayoutVisualPadding
instanceKlass com/formdev/flatlaf/ui/FlatStylingSupport$StyleableBorder
instanceKlass  @bci com/formdev/flatlaf/ui/FlatButtonUI createUI (Ljavax/swing/JComponent;)Ljavax/swing/plaf/ComponentUI; 16 <appendix> argL0 ; # com/formdev/flatlaf/ui/FlatButtonUI$$Lambda+0x000000080026e008
instanceKlass javax/swing/plaf/basic/BasicButtonListener
instanceKlass javax/swing/AbstractButton$Handler
instanceKlass javax/swing/DefaultButtonModel
instanceKlass javax/swing/ButtonModel
instanceKlass  @bci com/formdev/flatlaf/ui/FlatTitlePane createButtons ()V 7 <appendix> member <vmtarget> ; # com/formdev/flatlaf/ui/FlatTitlePane$$Lambda+0x000000080026d1d8
instanceKlass java/awt/event/WindowAdapter
instanceKlass com/formdev/flatlaf/ui/FlatWindowsNativeWindowBorder$WndProc
instanceKlass com/formdev/flatlaf/FlatClientProperties
instanceKlass sun/awt/NullComponentPeer
instanceKlass sun/awt/LightweightPeerHolder
instanceKlass java/awt/peer/LightweightPeer
instanceKlass sun/awt/im/ExecutableInputMethodManager$3
instanceKlass sun/awt/im/InputMethodLocator
instanceKlass sun/awt/windows/WInputMethodDescriptor
instanceKlass java/awt/im/spi/InputMethodDescriptor
instanceKlass sun/awt/im/InputMethodManager
instanceKlass  @bci sun/awt/windows/WToolkit getFontPeer (Ljava/lang/String;I)Ljava/awt/peer/FontPeer; 94 <appendix> form vmentry <vmtarget> ; # java/lang/invoke/LambdaForm$MH+0x0000000800267c00
instanceKlass  @bci sun/awt/windows/WToolkit getFontPeer (Ljava/lang/String;I)Ljava/awt/peer/FontPeer; 94 <appendix> argL3 form vmentry <vmtarget> ; # java/lang/invoke/LambdaForm$MH+0x0000000800267400
# instanceKlass java/lang/invoke/LambdaForm$MH+0x0000000800267000
instanceKlass  @bci sun/awt/windows/WToolkit getFontPeer (Ljava/lang/String;I)Ljava/awt/peer/FontPeer; 94 <appendix> argL1 form vmentry <vmtarget> ; # java/lang/invoke/LambdaForm$MH+0x0000000800266000
# instanceKlass java/lang/invoke/LambdaForm$MH+0x0000000800265800
instanceKlass sun/nio/cs/SingleByte
instanceKlass sun/nio/cs/MS1252$Holder
instanceKlass sun/nio/cs/ArrayEncoder
instanceKlass sun/awt/FontConfiguration$2
instanceKlass sun/awt/NativeLibLoader$1
instanceKlass sun/awt/NativeLibLoader
instanceKlass sun/awt/PlatformFont
instanceKlass java/awt/peer/FontPeer
instanceKlass sun/java2d/StateTracker$2
instanceKlass sun/java2d/StateTracker$1
instanceKlass sun/java2d/StateTracker
instanceKlass sun/java2d/SurfaceDataProxy
instanceKlass sun/awt/image/SurfaceManager$FlushableCacheData
instanceKlass sun/java2d/DefaultDisposerRecord
instanceKlass sun/java2d/loops/GraphicsPrimitiveMgr$PrimitiveSpec
instanceKlass sun/java2d/loops/RenderLoops
instanceKlass sun/java2d/windows/GDIRenderer
instanceKlass sun/java2d/loops/GraphicsPrimitiveMgr$2
instanceKlass sun/java2d/loops/GraphicsPrimitiveMgr$1
instanceKlass sun/java2d/loops/GeneralRenderer
instanceKlass sun/java2d/loops/CustomComponent
instanceKlass sun/java2d/pipe/ValidatePipe
instanceKlass java/awt/AlphaComposite
instanceKlass sun/awt/ConstrainableGraphics
instanceKlass sun/java2d/loops/GraphicsPrimitiveMgr
instanceKlass sun/java2d/loops/CompositeType
instanceKlass sun/java2d/loops/GraphicsPrimitiveMgr$GeneralPrimitives
instanceKlass sun/java2d/loops/GraphicsPrimitive
instanceKlass sun/java2d/loops/XORComposite
instanceKlass java/awt/Composite
instanceKlass sun/java2d/ScreenUpdateManager
instanceKlass javax/swing/RepaintManager$2
instanceKlass sun/awt/windows/WComponentPeer$2
instanceKlass java/awt/SequencedEvent$2
instanceKlass java/awt/SequencedEvent$1
instanceKlass sun/awt/AWTAccessor$SequencedEventAccessor
instanceKlass  @bci sun/awt/windows/WWindowPeer displayChanged ()V 5 <appendix> member <vmtarget> ; # sun/awt/windows/WWindowPeer$$Lambda+0x0000000800270428
instanceKlass  @cpi javax/crypto/spec/SecretKeySpec 161 form vmentry <vmtarget> ; # java/lang/invoke/LambdaForm$DMH+0x0000000800265000
instanceKlass sun/awt/event/TouchEvent
instanceKlass sun/awt/im/InputMethodWindow
instanceKlass sun/awt/ExtendedKeyCodes
instanceKlass sun/awt/RepaintArea
instanceKlass sun/awt/windows/WWindowPeer$GuiDisposedListener
instanceKlass sun/awt/windows/WWindowPeer$ActiveWindowListener
instanceKlass java/awt/peer/CanvasPeer
instanceKlass java/awt/peer/PanelPeer
instanceKlass java/awt/peer/FramePeer
instanceKlass java/awt/peer/WindowPeer
instanceKlass java/awt/peer/ContainerPeer
instanceKlass  @bci sun/awt/AWTThreading notifyEventDispatchThreadFree ()V 68 <appendix> argL0 ; # sun/awt/AWTThreading$$Lambda+0x0000000800239af8
instanceKlass java/util/concurrent/CompletableFuture
instanceKlass java/util/concurrent/CompletionStage
instanceKlass org/freeplane/main/application/FreeplaneGUIStarter$2
instanceKlass java/awt/image/BufferedImage$1
instanceKlass java/awt/image/SampleModel
instanceKlass java/awt/image/DataBuffer$1
instanceKlass sun/awt/image/SunWritableRaster$DataStealer
instanceKlass java/awt/image/DataBuffer
instanceKlass java/awt/image/Raster
instanceKlass  @bci sun/awt/image/ImageWatched$WeakLink update (Ljava/awt/image/ImageObserver;Ljava/security/AccessControlContext;Ljava/awt/Image;IIIII)Z 21 <adapter> ; # java/lang/invoke/LambdaForm$MH+0x0000000800264c00
# instanceKlass java/lang/invoke/LambdaForm$DMH+0x0000000800264800
instanceKlass  @bci sun/awt/image/ImageWatched$WeakLink update (Ljava/awt/image/ImageObserver;Ljava/security/AccessControlContext;Ljava/awt/Image;IIIII)Z 21 <appendix> form vmentry <vmtarget> ; # java/lang/invoke/LambdaForm$DMH+0x0000000800264400
instanceKlass  @bci sun/awt/image/ImageWatched$WeakLink update (Ljava/awt/image/ImageObserver;Ljava/security/AccessControlContext;Ljava/awt/Image;IIIII)Z 21 <appendix> member <vmtarget> ; # sun/awt/image/ImageWatched$WeakLink$$Lambda+0x0000000800236720
instanceKlass  @cpi sun/awt/image/ImageWatched$WeakLink 112 form vmentry <vmtarget> ; # java/lang/invoke/LambdaForm$DMH+0x0000000800264000
instanceKlass sun/awt/image/ImageDecoder
instanceKlass sun/awt/image/ImageFetcher$1
instanceKlass sun/awt/image/FetcherInfo
instanceKlass sun/awt/image/ImageConsumerQueue
instanceKlass sun/awt/image/ImageWatched$Link
instanceKlass sun/awt/image/ImageWatched
instanceKlass java/awt/MediaEntry
instanceKlass sun/awt/image/NativeLibLoader$1
instanceKlass sun/awt/image/NativeLibLoader
instanceKlass sun/awt/image/InputStreamImageSource
instanceKlass sun/awt/image/ImageFetchable
instanceKlass java/awt/MediaTracker
instanceKlass javax/swing/ImageIcon$2
instanceKlass javax/swing/ImageIcon$1
instanceKlass javax/swing/BoxLayout
instanceKlass java/awt/AWTEventMulticaster
instanceKlass java/awt/event/HierarchyBoundsListener
instanceKlass java/awt/event/TextListener
instanceKlass java/awt/event/AdjustmentListener
instanceKlass java/awt/event/ItemListener
instanceKlass java/awt/event/WindowFocusListener
instanceKlass java/awt/event/ContainerListener
instanceKlass java/awt/event/KeyAdapter
instanceKlass javax/swing/event/MenuKeyListener
instanceKlass java/awt/event/MouseMotionAdapter
instanceKlass javax/swing/ToolTipManager$stillInsideTimerAction
instanceKlass javax/swing/ToolTipManager$outsideTimerAction
instanceKlass javax/swing/ToolTipManager$insideTimerAction
instanceKlass javax/swing/Timer$DoPostEvent
instanceKlass org/freeplane/features/ui/FrameController$1
instanceKlass javax/swing/Timer
instanceKlass  @bci com/formdev/flatlaf/ui/FlatLabelUI applyStyle (Ljavax/swing/JLabel;Ljava/lang/Object;)V 8 <appendix> member <vmtarget> ; # com/formdev/flatlaf/ui/FlatLabelUI$$Lambda+0x000000080025fbe0
instanceKlass com/formdev/flatlaf/ui/FlatHTML
instanceKlass  @bci javax/swing/plaf/basic/BasicHTML <clinit> ()V 0 <appendix> argL0 ; # javax/swing/plaf/basic/BasicHTML$$Lambda+0x000000080022b6d0
instanceKlass javax/swing/plaf/basic/BasicHTML
instanceKlass  @bci com/formdev/flatlaf/ui/FlatLabelUI createUI (Ljavax/swing/JComponent;)Ljavax/swing/plaf/ComponentUI; 9 <appendix> argL0 ; # com/formdev/flatlaf/ui/FlatLabelUI$$Lambda+0x000000080025f798
instanceKlass org/freeplane/core/ui/components/resizer/UIComponentVisibilityDispatcher
instanceKlass net/infonode/util/ReadWritable
instanceKlass net/infonode/util/Writable
instanceKlass net/infonode/util/Readable
instanceKlass org/freeplane/main/application/FrameComponentMover
instanceKlass org/freeplane/view/swing/map/mindmapmode/EditNodeTextField$InputMethodInUseListener
instanceKlass com/lightdev/app/shtm/SHTMLPrefsChangeListener
instanceKlass org/freeplane/view/swing/map/mindmapmode/EditNodeTextField$MyDocumentListener
instanceKlass java/awt/event/KeyListener
instanceKlass java/awt/event/InputMethodListener
instanceKlass javax/swing/text/NavigationFilter
instanceKlass javax/swing/event/DocumentListener
instanceKlass  @bci org/freeplane/view/swing/map/MapViewController <init> (Lorg/freeplane/features/mode/Controller;)V 182 <appendix> member <vmtarget> ; # org/freeplane/view/swing/map/MapViewController$$Lambda+0x0000000800252130
instanceKlass org/freeplane/view/swing/map/MapViewController$1
instanceKlass javax/swing/AbstractListModel
instanceKlass javax/swing/MutableComboBoxModel
instanceKlass java/awt/event/HierarchyListener
instanceKlass org/freeplane/view/swing/map/MapViewChangeObserverCompound
instanceKlass org/freeplane/features/text/mindmapmode/EditNodeBase
instanceKlass javax/swing/ComboBoxModel
instanceKlass javax/swing/ListModel
instanceKlass javax/swing/SpinnerModel
instanceKlass org/freeplane/view/swing/map/edge/EdgeColorContext
instanceKlass org/freeplane/features/map/INodeView
instanceKlass javax/swing/event/ListDataListener
instanceKlass org/freeplane/view/swing/map/MapViewController
instanceKlass org/freeplane/features/text/mindmapmode/IEditBaseCreator
instanceKlass java/awt/Component$3
instanceKlass  @bci com/formdev/flatlaf/ui/FlatNativeWindowBorder install (Ljavax/swing/JRootPane;)Ljava/lang/Object; 47 <appendix> argL0 ; # com/formdev/flatlaf/ui/FlatNativeWindowBorder$$Lambda+0x000000080024b5f8
instanceKlass jdk/internal/loader/NativeLibraries$Unloader
instanceKlass com/formdev/flatlaf/util/NativeLibrary
instanceKlass com/formdev/flatlaf/ui/FlatNativeLibrary
instanceKlass com/formdev/flatlaf/ui/FlatNativeWindowsLibrary
instanceKlass com/formdev/flatlaf/ui/FlatWindowsNativeWindowBorder
instanceKlass com/formdev/flatlaf/ui/FlatNativeWindowBorder$Provider
instanceKlass com/formdev/flatlaf/ui/FlatNativeWindowBorder
instanceKlass javax/swing/ActionMap
instanceKlass java/awt/event/WindowStateListener
instanceKlass com/formdev/flatlaf/ui/FlatWindowResizer
instanceKlass javax/swing/LayoutComparator
instanceKlass javax/swing/RepaintManager$PaintManager
instanceKlass javax/swing/JRootPane$RootLayout
instanceKlass  @bci com/formdev/flatlaf/ui/FlatPanelUI applyStyle (Ljavax/swing/JPanel;Ljava/lang/Object;)V 8 <appendix> member <vmtarget> ; # com/formdev/flatlaf/ui/FlatPanelUI$$Lambda+0x0000000800248b60
instanceKlass com/sun/java/swing/SwingUtilities3
instanceKlass javax/swing/RepaintManager$ProcessingRunnable
instanceKlass  @bci com/formdev/flatlaf/ui/FlatUIUtils createSharedUI (Ljava/lang/Object;Ljava/util/function/Supplier;)Ljavax/swing/plaf/ComponentUI; 35 <appendix> member <vmtarget> ; # com/formdev/flatlaf/ui/FlatUIUtils$$Lambda+0x0000000800248908
instanceKlass  @bci com/formdev/flatlaf/ui/FlatUIUtils createSharedUI (Ljava/lang/Object;Ljava/util/function/Supplier;)Ljavax/swing/plaf/ComponentUI; 22 <appendix> argL0 ; # com/formdev/flatlaf/ui/FlatUIUtils$$Lambda+0x00000008002486b8
instanceKlass  @bci com/formdev/flatlaf/ui/FlatPanelUI createUI (Ljavax/swing/JComponent;)Ljavax/swing/plaf/ComponentUI; 9 <appendix> argL0 ; # com/formdev/flatlaf/ui/FlatPanelUI$$Lambda+0x0000000800248488
instanceKlass com/formdev/flatlaf/ui/FlatStylingSupport
instanceKlass com/formdev/flatlaf/ui/FlatUIUtils
# instanceKlass java/lang/invoke/LambdaForm$MH+0x0000000800241800
instanceKlass sun/reflect/misc/Trampoline
instanceKlass sun/reflect/misc/MethodUtil$1
instanceKlass java/awt/FlowLayout
instanceKlass java/awt/Window$WindowDisposerRecord
instanceKlass java/awt/BorderLayout
instanceKlass java/awt/LayoutManager2
instanceKlass java/awt/ComponentOrientation
instanceKlass java/awt/Frame$1
instanceKlass sun/awt/AWTAccessor$FrameAccessor
instanceKlass java/awt/Window$2
instanceKlass sun/awt/AWTAccessor$WindowAccessor
instanceKlass java/util/WeakHashMap$HashIterator
instanceKlass java/awt/BasicStroke
instanceKlass org/freeplane/features/ui/CheckIconWithBorder
instanceKlass java/awt/Stroke
instanceKlass com/formdev/flatlaf/icons/FlatAbstractIcon
instanceKlass sun/font/FontWithDerivedItalic
instanceKlass sun/font/SunFontManager$3
instanceKlass com/formdev/flatlaf/util/UIScale$1
instanceKlass  @bci org/freeplane/api/LengthUnit setScalingFactor (D)V 22 <appendix> form vmentry <vmtarget> ; # java/lang/invoke/LambdaForm$DMH+0x0000000800240800
instanceKlass  @bci org/freeplane/api/LengthUnit setScalingFactor (D)V 22 <appendix> member <vmtarget> ; # org/freeplane/api/LengthUnit$$Lambda+0x0000000800107200
instanceKlass  @cpi org/freeplane/api/LengthUnit 126 form vmentry <vmtarget> ; # java/lang/invoke/LambdaForm$DMH+0x0000000800240400
instanceKlass java/util/stream/SliceOps
instanceKlass org/freeplane/core/io/IElementHandler
instanceKlass org/freeplane/core/resources/components/IPropertyControlCreator
instanceKlass org/freeplane/core/resources/components/OptionPanelBuilder
instanceKlass java/awt/GraphicsConfiguration
instanceKlass sun/awt/image/SurfaceManager$ProxiedGraphicsConfig
instanceKlass sun/awt/image/SurfaceManager$ProxyCache
instanceKlass java/awt/GraphicsDevice
instanceKlass org/freeplane/core/ui/components/UITools$Defaults
instanceKlass javax/swing/Scrollable
instanceKlass javax/swing/event/AncestorListener
instanceKlass java/awt/event/FocusListener
instanceKlass org/freeplane/core/ui/components/UITools
instanceKlass  @bci com/formdev/flatlaf/FlatLaf$ActiveFont createValue (Ljavax/swing/UIDefaults;)Ljava/lang/Object; 94 <appendix> argL0 ; # com/formdev/flatlaf/FlatLaf$ActiveFont$$Lambda+0x0000000800192108
instanceKlass java/util/function/IntUnaryOperator
instanceKlass com/formdev/flatlaf/ui/FlatStylingSupport$StyleableUI
instanceKlass  @bci jdk/internal/reflect/MethodHandleIntegerFieldAccessorImpl getInt (Ljava/lang/Object;)I 11 <adapter> ; # java/lang/invoke/LambdaForm$MH+0x0000000800240000
instanceKlass java/awt/event/KeyEvent$1
instanceKlass sun/awt/AWTAccessor$KeyEventAccessor
instanceKlass java/awt/VKCollection
instanceKlass javax/swing/text/html/CSS$ShorthandMarginParser
instanceKlass javax/swing/text/StyleContext$KeyEnumeration
instanceKlass javax/swing/text/html/CSS$LengthUnit
instanceKlass javax/swing/text/html/CSSParser
instanceKlass javax/swing/text/html/StyleSheet$CssParser
instanceKlass javax/swing/text/html/CSSParser$CSSParserCallback
instanceKlass javax/swing/text/html/HTMLEditorKit$1
instanceKlass javax/swing/text/html/StyleSheet$SelectorMapping
instanceKlass javax/swing/text/html/CSS$CssValue
instanceKlass javax/swing/text/html/CSS$Value
instanceKlass javax/swing/text/html/CSS$Attribute
instanceKlass javax/swing/text/html/CSS
instanceKlass javax/swing/text/Position$Bias
instanceKlass java/awt/event/MouseAdapter
instanceKlass java/awt/event/MouseWheelListener
instanceKlass java/awt/event/MouseListener
instanceKlass java/awt/event/MouseMotionListener
instanceKlass javax/swing/text/StyledEditorKit$AttributeTracker
instanceKlass javax/swing/text/html/HTML$Attribute
instanceKlass javax/swing/text/html/HTML
instanceKlass javax/swing/text/html/HTML$Tag
instanceKlass javax/swing/text/LayeredHighlighter$LayerPainter
instanceKlass javax/swing/text/Highlighter$HighlightPainter
instanceKlass javax/swing/event/CaretListener
instanceKlass javax/swing/text/html/HTMLEditorKit$HTMLFactory
instanceKlass java/awt/Cursor$1
instanceKlass sun/awt/AWTAccessor$CursorAccessor
instanceKlass java/awt/Cursor
instanceKlass javax/swing/text/StyledEditorKit$StyledViewFactory
instanceKlass javax/swing/text/ViewFactory
instanceKlass javax/swing/text/EditorKit
instanceKlass  @bci com/formdev/flatlaf/FlatLaf addLazyUIdelegateClassLoading (Ljavax/swing/UIDefaults;)V 116 <appendix> member <vmtarget> ; # com/formdev/flatlaf/FlatLaf$$Lambda+0x0000000800191450
instanceKlass  @bci com/formdev/flatlaf/FlatLaf getDefaults ()Ljavax/swing/UIDefaults; 464 <appendix> argL0 ; # com/formdev/flatlaf/FlatLaf$$Lambda+0x0000000800191220
instanceKlass com/formdev/flatlaf/util/UIScale
instanceKlass javax/swing/text/StyleContext$SmallAttributeSet
instanceKlass javax/swing/text/StyleContext$NamedStyle
instanceKlass javax/swing/text/Style
instanceKlass javax/swing/text/SimpleAttributeSet$EmptyAttributeSet
instanceKlass javax/swing/text/SimpleAttributeSet
instanceKlass javax/swing/text/MutableAttributeSet
instanceKlass javax/swing/text/AttributeSet
instanceKlass javax/swing/text/StyleContext$FontKey
instanceKlass javax/swing/text/AttributeSet$ParagraphAttribute
instanceKlass javax/swing/text/AttributeSet$ColorAttribute
instanceKlass javax/swing/text/AttributeSet$FontAttribute
instanceKlass javax/swing/text/AttributeSet$CharacterAttribute
instanceKlass javax/swing/text/StyleConstants
instanceKlass javax/swing/text/StyleContext
instanceKlass javax/swing/text/AbstractDocument$AttributeContext
instanceKlass com/formdev/flatlaf/util/FontUtils
instanceKlass sun/font/SunFontManager$4
instanceKlass sun/font/SunFontManager$FamilyDescription
instanceKlass sun/awt/Win32FontManager$2
instanceKlass sun/font/FontFamily$FontAndStyle
instanceKlass sun/font/FontFamily
instanceKlass sun/font/CompositeFontDescriptor
instanceKlass java/lang/Short$ShortCache
instanceKlass sun/awt/FontConfiguration$PropertiesHandler
instanceKlass sun/awt/FontDescriptor
instanceKlass sun/awt/FontConfiguration
instanceKlass sun/font/SunFontManager$FontRegistrationInfo
instanceKlass java/lang/foreign/MemorySegment
instanceKlass  @bci java/util/Comparator comparing (Ljava/util/function/Function;)Ljava/util/Comparator; 6 <appendix> member <vmtarget> ; # java/util/Comparator$$Lambda+0x000000080019d1b0
instanceKlass  @bci java/lang/invoke/BootstrapMethodInvoker invoke (Ljava/lang/Class;Ljava/lang/invoke/MethodHandle;Ljava/lang/String;Ljava/lang/Object;Ljava/lang/Object;Ljava/lang/Class;)Ljava/lang/Object; 462 <adapter> ; # java/lang/invoke/LambdaForm$MH+0x0000000800196000
instanceKlass  @bci sun/font/SunFontManager fontVersionComparator (Ljava/lang/String;Ljava/lang/String;)I 14 <appendix> argL0 ; # sun/font/SunFontManager$$Lambda+0x000000080019cf60
instanceKlass sun/nio/cs/ArrayDecoder
instanceKlass  @bci sun/font/TrueTypeFont parseVersion (Ljava/lang/String;)Ljava/lang/String; 55 <appendix> argL0 ; # sun/font/TrueTypeFont$$Lambda+0x000000080019b848
instanceKlass  @bci sun/font/TrueTypeFont parseVersion (Ljava/lang/String;)Ljava/lang/String; 45 <appendix> argL0 ; # sun/font/TrueTypeFont$$Lambda+0x000000080019b5f8
instanceKlass  @bci sun/font/TrueTypeFont parseVersion (Ljava/lang/String;)Ljava/lang/String; 35 <appendix> argL0 ; # sun/font/TrueTypeFont$$Lambda+0x000000080019b398
instanceKlass  @bci java/util/regex/CharPredicates ctype (I)Ljava/util/regex/Pattern$CharPredicate; 1 <appendix> member <vmtarget> ; # java/util/regex/CharPredicates$$Lambda+0x000000080019ac78
instanceKlass sun/font/TrueTypeFont$DirectoryEntry
instanceKlass java/nio/channels/spi/AbstractInterruptibleChannel$1
instanceKlass sun/nio/ch/Interruptible
instanceKlass sun/font/TrueTypeFont$1
instanceKlass sun/font/TrueTypeFont$TTDisposerRecord
instanceKlass java/util/stream/ReduceOps$2ReducingSink
instanceKlass  @bci java/util/function/BinaryOperator maxBy (Ljava/util/Comparator;)Ljava/util/function/BinaryOperator; 6 <appendix> member <vmtarget> ; # java/util/function/BinaryOperator$$Lambda+0x0000000800198ca0
instanceKlass  @bci sun/awt/Win32FontManager registerJREFonts ()V 107 <appendix> argL0 ; # sun/awt/Win32FontManager$$Lambda+0x00000008001989f8
instanceKlass  @bci sun/awt/Win32FontManager registerJREFonts ()V 97 <appendix> member <vmtarget> ; # sun/awt/Win32FontManager$$Lambda+0x00000008001987a0
instanceKlass java/util/stream/Streams$2
instanceKlass java/util/stream/Streams$ConcatSpliterator
instanceKlass sun/font/SunFontManager$2
instanceKlass  @bci sun/font/SunFontManager initJREFontMap ()V 11 <appendix> member <vmtarget> ; # sun/font/SunFontManager$$Lambda+0x00000008001bf9b0
instanceKlass  @bci sun/font/SunFontManager JREFontsDirExists (Ljava/lang/String;)Z 1 <appendix> member <vmtarget> ; # sun/font/SunFontManager$$Lambda+0x00000008001bf778
instanceKlass sun/awt/Win32FontManager$1
instanceKlass sun/font/GlyphRenderData
instanceKlass sun/font/GlyphList
instanceKlass sun/font/StrikeCache$1
instanceKlass sun/font/StrikeCache
instanceKlass sun/font/FontStrike
instanceKlass sun/font/CharToGlyphMapper
instanceKlass java/awt/geom/Path2D
instanceKlass java/awt/geom/RectangularShape
instanceKlass java/awt/Shape
instanceKlass sun/font/StrikeMetrics
instanceKlass sun/font/Font2D
instanceKlass sun/font/FontManagerNativeLibrary$1
instanceKlass sun/font/FontManagerNativeLibrary
instanceKlass sun/font/SunFontManager$1
instanceKlass sun/font/SunFontManager$T1Filter
instanceKlass sun/font/SunFontManager$TTFilter
instanceKlass sun/font/Font2DHandle
instanceKlass sun/font/SunFontManager
instanceKlass sun/font/FontManagerForSGE
instanceKlass sun/font/FontManager
instanceKlass sun/java2d/FontSupport
instanceKlass sun/font/PlatformFontInfo
instanceKlass sun/font/FontManagerFactory
instanceKlass  @bci com/formdev/flatlaf/UIDefaultsLoader parseGrayFilter (Ljava/lang/String;)Ljava/lang/Object; 56 <adapter> ; # java/lang/invoke/LambdaForm$MH+0x0000000800195c00
# instanceKlass java/lang/invoke/LambdaForm$DMH+0x0000000800195800
instanceKlass  @bci com/formdev/flatlaf/UIDefaultsLoader parseGrayFilter (Ljava/lang/String;)Ljava/lang/Object; 56 <appendix> form vmentry <vmtarget> ; # java/lang/invoke/LambdaForm$DMH+0x0000000800195400
instanceKlass  @bci com/formdev/flatlaf/UIDefaultsLoader parseGrayFilter (Ljava/lang/String;)Ljava/lang/Object; 56 <appendix> member <vmtarget> ; # com/formdev/flatlaf/UIDefaultsLoader$$Lambda+0x0000000800190bc0
instanceKlass  @cpi com/formdev/flatlaf/UIDefaultsLoader 1274 form vmentry <vmtarget> ; # java/lang/invoke/LambdaForm$DMH+0x0000000800195000
instanceKlass  @bci com/formdev/flatlaf/UIDefaultsLoader parseScaledDimension (Ljava/lang/String;)Ljavax/swing/UIDefaults$ActiveValue; 6 <appendix> member <vmtarget> ; # com/formdev/flatlaf/UIDefaultsLoader$$Lambda+0x0000000800190988
instanceKlass  @bci com/formdev/flatlaf/UIDefaultsLoader parseScaledInteger (Ljava/lang/String;)Ljavax/swing/UIDefaults$ActiveValue; 9 <appendix> member <vmtarget> ; # com/formdev/flatlaf/UIDefaultsLoader$$Lambda+0x0000000800190758
instanceKlass  @bci com/formdev/flatlaf/UIDefaultsLoader newLazyColorFunction (Ljava/lang/String;Lcom/formdev/flatlaf/util/ColorFunctions$ColorFunction;)Ljavax/swing/UIDefaults$LazyValue; 2 <appendix> member <vmtarget> ; # com/formdev/flatlaf/UIDefaultsLoader$$Lambda+0x0000000800190520
instanceKlass  @bci com/formdev/flatlaf/UIDefaultsLoader parseBorder (Ljava/lang/String;Ljava/util/function/Function;Ljava/util/List;)Ljava/lang/Object; 188 <adapter> ; # java/lang/invoke/LambdaForm$MH+0x0000000800194c00
# instanceKlass java/lang/invoke/LambdaForm$DMH+0x0000000800194800
instanceKlass  @bci com/formdev/flatlaf/UIDefaultsLoader parseBorder (Ljava/lang/String;Ljava/util/function/Function;Ljava/util/List;)Ljava/lang/Object; 188 <appendix> form vmentry <vmtarget> ; # java/lang/invoke/LambdaForm$DMH+0x0000000800194400
instanceKlass  @bci com/formdev/flatlaf/UIDefaultsLoader parseBorder (Ljava/lang/String;Ljava/util/function/Function;Ljava/util/List;)Ljava/lang/Object; 188 <appendix> member <vmtarget> ; # com/formdev/flatlaf/UIDefaultsLoader$$Lambda+0x00000008001902e8
instanceKlass  @cpi com/formdev/flatlaf/UIDefaultsLoader 1129 form vmentry <vmtarget> ; # java/lang/invoke/LambdaForm$DMH+0x0000000800194000
instanceKlass com/formdev/flatlaf/util/ColorFunctions$HSLChange
instanceKlass com/formdev/flatlaf/util/ColorFunctions$Fade
instanceKlass  @bci com/formdev/flatlaf/UIDefaultsLoader parseValue (Ljava/lang/String;Ljava/lang/String;Ljava/lang/Class;[Lcom/formdev/flatlaf/UIDefaultsLoader$ValueType;Ljava/util/function/Function;Ljava/util/List;)Ljava/lang/Object; 661 <appendix> member <vmtarget> ; # com/formdev/flatlaf/UIDefaultsLoader$$Lambda+0x0000000800189800
instanceKlass com/formdev/flatlaf/util/HSLColor
instanceKlass com/formdev/flatlaf/util/ColorFunctions$HSLIncreaseDecrease
instanceKlass  @bci com/formdev/flatlaf/UIDefaultsLoader parseInstance (Ljava/lang/String;Ljava/util/function/Function;Ljava/util/List;)Ljava/lang/Object; 3 <appendix> member <vmtarget> ; # com/formdev/flatlaf/UIDefaultsLoader$$Lambda+0x000000080018b610
instanceKlass com/formdev/flatlaf/util/ColorFunctions$Mix
instanceKlass com/formdev/flatlaf/util/ColorFunctions
instanceKlass com/formdev/flatlaf/util/ColorFunctions$Mix2
instanceKlass com/formdev/flatlaf/UIDefaultsLoader$2
instanceKlass  @bci com/formdev/flatlaf/UIDefaultsLoader loadDefaultsFromProperties (Ljava/util/List;Ljava/util/List;Ljava/util/function/Consumer;Ljava/util/Properties;ZLjavax/swing/UIDefaults;)V 1166 <appendix> member <vmtarget> ; # com/formdev/flatlaf/UIDefaultsLoader$$Lambda+0x000000080018a900
instanceKlass  @bci com/formdev/flatlaf/UIDefaultsLoader loadDefaultsFromProperties (Ljava/util/List;Ljava/util/List;Ljava/util/function/Consumer;Ljava/util/Properties;ZLjavax/swing/UIDefaults;)V 1157 <appendix> member <vmtarget> ; # com/formdev/flatlaf/UIDefaultsLoader$$Lambda+0x000000080018a6a8
instanceKlass  @bci com/formdev/flatlaf/FlatLaf getDefaults ()Ljavax/swing/UIDefaults; 360 <appendix> member <vmtarget> ; # com/formdev/flatlaf/FlatLaf$$Lambda+0x000000080018a460
instanceKlass com/formdev/flatlaf/util/SoftCache
instanceKlass com/formdev/flatlaf/util/ColorFunctions$ColorFunction
instanceKlass com/formdev/flatlaf/UIDefaultsLoader
instanceKlass  @bci com/formdev/flatlaf/FlatLaf getDefaults ()Ljavax/swing/UIDefaults; 325 <appendix> argL0 ; # com/formdev/flatlaf/FlatLaf$$Lambda+0x000000080018f0e0
instanceKlass com/formdev/flatlaf/FlatDefaultsAddon
instanceKlass javax/swing/InputMap
instanceKlass com/formdev/flatlaf/FlatInputMaps$LazyInputMapEx
instanceKlass  @bci com/formdev/flatlaf/FlatInputMaps initBasicInputMaps (Ljavax/swing/UIDefaults;)V 311 <appendix> argL0 ; # com/formdev/flatlaf/FlatInputMaps$$Lambda+0x000000080018ea40
instanceKlass  @cpi com/formdev/flatlaf/FlatInputMaps 375 form vmentry <vmtarget> ; # java/lang/invoke/LambdaForm$DMH+0x0000000800189400
instanceKlass java/util/function/BooleanSupplier
instanceKlass com/formdev/flatlaf/FlatInputMaps$LazyModifyInputMap
instanceKlass com/formdev/flatlaf/FlatInputMaps
instanceKlass com/formdev/flatlaf/FlatLaf$ActiveFont
instanceKlass java/util/stream/AbstractSpinedBuffer
instanceKlass java/util/stream/Node$Builder
instanceKlass java/util/stream/Node$OfDouble
instanceKlass java/util/stream/Node$OfLong
instanceKlass java/util/stream/Node$OfInt
instanceKlass java/util/stream/Node$OfPrimitive
instanceKlass java/util/stream/Nodes$EmptyNode
instanceKlass java/util/stream/Node
instanceKlass java/util/stream/Nodes
instanceKlass  @bci java/util/stream/ReferencePipeline toArray ()[Ljava/lang/Object; 1 <appendix> argL0 ; # java/util/stream/ReferencePipeline$$Lambda+0x00000008001b3d98
instanceKlass java/util/function/IntFunction
instanceKlass java/util/ImmutableCollections$Access$1
instanceKlass jdk/internal/access/JavaUtilCollectionAccess
instanceKlass java/util/ImmutableCollections$Access
instanceKlass  @bci java/util/ResourceBundle$ResourceBundleControlProviderHolder lambda$static$0 ()Ljava/util/List; 11 <appendix> argL0 ; # java/util/ResourceBundle$ResourceBundleControlProviderHolder$$Lambda+0x00000008001b32c8
instanceKlass java/util/ServiceLoader$ProviderSpliterator
instanceKlass java/util/spi/ResourceBundleControlProvider
instanceKlass  @bci java/util/ResourceBundle$ResourceBundleControlProviderHolder <clinit> ()V 0 <appendix> argL0 ; # java/util/ResourceBundle$ResourceBundleControlProviderHolder$$Lambda+0x00000008001b2bd8
instanceKlass java/util/ResourceBundle$ResourceBundleControlProviderHolder
instanceKlass java/util/ResourceBundle$Control$2
instanceKlass  @bci com/formdev/flatlaf/FlatLaf initialize ()V 184 <appendix> argL0 ; # com/formdev/flatlaf/FlatLaf$$Lambda+0x000000080018dcf8
instanceKlass sun/invoke/util/VerifyAccess$1
instanceKlass  @bci com/formdev/flatlaf/FlatLaf initialize ()V 123 <appendix> member <vmtarget> ; # com/formdev/flatlaf/FlatLaf$$Lambda+0x000000080018dac0
instanceKlass com/formdev/flatlaf/FlatSystemProperties
instanceKlass com/formdev/flatlaf/SubMenuUsabilityHelper
instanceKlass javax/swing/MenuSelectionManager
instanceKlass java/awt/event/WindowListener
instanceKlass com/formdev/flatlaf/MnemonicHandler
instanceKlass javax/swing/event/ChangeListener
instanceKlass java/awt/event/ComponentListener
instanceKlass javax/swing/Popup
instanceKlass com/formdev/flatlaf/util/StringUtils
instanceKlass com/formdev/flatlaf/util/SystemInfo
instanceKlass java/awt/image/ImageFilter
instanceKlass java/awt/image/ImageConsumer
instanceKlass java/awt/image/ImageProducer
instanceKlass org/freeplane/core/util/ClassLoaderFactory$1
instanceKlass org/freeplane/core/util/ClassLoaderFactory
instanceKlass javax/swing/PopupFactory$1
instanceKlass sun/swing/SwingAccessor$PopupFactoryAccessor
instanceKlass javax/swing/PopupFactory
instanceKlass org/freeplane/features/ui/FrameController$2
instanceKlass  @bci com/sun/java/swing/plaf/windows/WindowsLookAndFeel initVistaComponentDefaults (Ljavax/swing/UIDefaults;)V 842 <appendix> argL0 ; # com/sun/java/swing/plaf/windows/WindowsLookAndFeel$$Lambda+0x00000008001aef48
instanceKlass  @bci com/sun/java/swing/plaf/windows/WindowsLookAndFeel initVistaComponentDefaults (Ljavax/swing/UIDefaults;)V 809 <appendix> argL0 ; # com/sun/java/swing/plaf/windows/WindowsLookAndFeel$$Lambda+0x00000008001aed18
instanceKlass com/sun/java/swing/plaf/windows/WindowsLookAndFeel$SkinIcon
instanceKlass javax/swing/BorderFactory
instanceKlass  @bci com/sun/java/swing/plaf/windows/WindowsLookAndFeel initVistaComponentDefaults (Ljavax/swing/UIDefaults;)V 762 <appendix> argL0 ; # com/sun/java/swing/plaf/windows/WindowsLookAndFeel$$Lambda+0x00000008001ae0f0
instanceKlass com/sun/java/swing/plaf/windows/WindowsLookAndFeel$1
instanceKlass  @bci org/freeplane/view/swing/map/outline/OutlineFocusManager focusSelectionButtonLater (Z)V 2 <appendix> form vmentry <vmtarget> ; # java/lang/invoke/LambdaForm$DMH+0x0000000800189000
instanceKlass  @bci sun/awt/windows/ThemeReader getThemeImpl (Ljava/lang/String;I)Ljava/lang/Long; 23 <appendix> member <vmtarget> ; # sun/awt/windows/ThemeReader$$Lambda+0x00000008001adc60
instanceKlass  @cpi sun/awt/windows/ThemeReader 332 form vmentry <vmtarget> ; # java/lang/invoke/LambdaForm$DMH+0x0000000800188c00
instanceKlass  @bci sun/awt/windows/ThemeReader getThemeImpl (Ljava/lang/String;I)Ljava/lang/Long; 7 <appendix> argL0 ; # sun/awt/windows/ThemeReader$$Lambda+0x00000008001ada10
instanceKlass com/sun/java/swing/plaf/windows/WindowsIconFactory$RadioButtonMenuItemIcon
instanceKlass javax/swing/plaf/basic/BasicIconFactory$CheckBoxMenuItemIcon
instanceKlass javax/swing/plaf/basic/BasicIconFactory$MenuItemCheckIcon
instanceKlass javax/swing/plaf/basic/BasicIconFactory
instanceKlass java/awt/ItemSelectable
instanceKlass com/sun/java/swing/plaf/windows/WindowsIconFactory$VistaMenuItemCheckIconFactory$VistaMenuItemCheckIcon
instanceKlass com/sun/java/swing/plaf/windows/WindowsIconFactory$MenuItemCheckIcon
instanceKlass com/sun/java/swing/plaf/windows/WindowsIconFactory$VistaMenuItemCheckIconFactory
instanceKlass sun/swing/MenuItemCheckIconFactory
instanceKlass  @bci com/sun/java/swing/plaf/windows/WindowsLookAndFeel getLazyValueDefaults ()[Ljava/lang/Object; 860 <appendix> argL0 ; # com/sun/java/swing/plaf/windows/WindowsLookAndFeel$$Lambda+0x00000008001a57d0
instanceKlass  @bci com/sun/java/swing/plaf/windows/WindowsLookAndFeel getLazyValueDefaults ()[Ljava/lang/Object; 855 <appendix> argL0 ; # com/sun/java/swing/plaf/windows/WindowsLookAndFeel$$Lambda+0x00000008001a55a0
instanceKlass  @bci com/sun/java/swing/plaf/windows/WindowsLookAndFeel getLazyValueDefaults ()[Ljava/lang/Object; 832 <appendix> argL0 ; # com/sun/java/swing/plaf/windows/WindowsLookAndFeel$$Lambda+0x00000008001a5370
instanceKlass  @bci com/sun/java/swing/plaf/windows/WindowsLookAndFeel getLazyValueDefaults ()[Ljava/lang/Object; 827 <appendix> argL0 ; # com/sun/java/swing/plaf/windows/WindowsLookAndFeel$$Lambda+0x00000008001a5140
instanceKlass com/sun/java/swing/plaf/windows/WindowsLookAndFeel$2
instanceKlass  @bci com/sun/java/swing/plaf/windows/WindowsLookAndFeel getLazyValueDefaults ()[Ljava/lang/Object; 276 <appendix> argL0 ; # com/sun/java/swing/plaf/windows/WindowsLookAndFeel$$Lambda+0x00000008001a4cd0
instanceKlass  @bci com/sun/java/swing/plaf/windows/WindowsLookAndFeel getLazyValueDefaults ()[Ljava/lang/Object; 269 <appendix> argL0 ; # com/sun/java/swing/plaf/windows/WindowsLookAndFeel$$Lambda+0x00000008001a4aa0
instanceKlass  @bci com/sun/java/swing/plaf/windows/WindowsLookAndFeel getLazyValueDefaults ()[Ljava/lang/Object; 262 <appendix> argL0 ; # com/sun/java/swing/plaf/windows/WindowsLookAndFeel$$Lambda+0x00000008001a4870
instanceKlass  @bci com/sun/java/swing/plaf/windows/WindowsLookAndFeel getLazyValueDefaults ()[Ljava/lang/Object; 255 <appendix> argL0 ; # com/sun/java/swing/plaf/windows/WindowsLookAndFeel$$Lambda+0x00000008001a4640
instanceKlass  @bci com/sun/java/swing/plaf/windows/WindowsLookAndFeel getLazyValueDefaults ()[Ljava/lang/Object; 248 <appendix> argL0 ; # com/sun/java/swing/plaf/windows/WindowsLookAndFeel$$Lambda+0x00000008001a4410
instanceKlass  @bci com/sun/java/swing/plaf/windows/WindowsLookAndFeel getLazyValueDefaults ()[Ljava/lang/Object; 241 <appendix> argL0 ; # com/sun/java/swing/plaf/windows/WindowsLookAndFeel$$Lambda+0x00000008001a41e0
instanceKlass  @bci com/sun/java/swing/plaf/windows/WindowsLookAndFeel getLazyValueDefaults ()[Ljava/lang/Object; 234 <appendix> argL0 ; # com/sun/java/swing/plaf/windows/WindowsLookAndFeel$$Lambda+0x00000008001a3fb0
instanceKlass  @bci com/sun/java/swing/plaf/windows/WindowsLookAndFeel getLazyValueDefaults ()[Ljava/lang/Object; 227 <appendix> argL0 ; # com/sun/java/swing/plaf/windows/WindowsLookAndFeel$$Lambda+0x00000008001a3d80
instanceKlass  @bci com/sun/java/swing/plaf/windows/WindowsLookAndFeel getLazyValueDefaults ()[Ljava/lang/Object; 220 <appendix> argL0 ; # com/sun/java/swing/plaf/windows/WindowsLookAndFeel$$Lambda+0x00000008001a3b50
instanceKlass  @bci com/sun/java/swing/plaf/windows/WindowsLookAndFeel getLazyValueDefaults ()[Ljava/lang/Object; 186 <appendix> argL0 ; # com/sun/java/swing/plaf/windows/WindowsLookAndFeel$$Lambda+0x00000008001a3920
instanceKlass  @bci com/sun/java/swing/plaf/windows/WindowsLookAndFeel getLazyValueDefaults ()[Ljava/lang/Object; 179 <appendix> argL0 ; # com/sun/java/swing/plaf/windows/WindowsLookAndFeel$$Lambda+0x00000008001a36f0
instanceKlass  @bci com/sun/java/swing/plaf/windows/WindowsLookAndFeel getLazyValueDefaults ()[Ljava/lang/Object; 169 <appendix> argL0 ; # com/sun/java/swing/plaf/windows/WindowsLookAndFeel$$Lambda+0x00000008001a34c0
instanceKlass  @bci com/sun/java/swing/plaf/windows/WindowsLookAndFeel getLazyValueDefaults ()[Ljava/lang/Object; 155 <appendix> argL0 ; # com/sun/java/swing/plaf/windows/WindowsLookAndFeel$$Lambda+0x00000008001a3290
instanceKlass  @bci com/sun/java/swing/plaf/windows/WindowsLookAndFeel getLazyValueDefaults ()[Ljava/lang/Object; 148 <appendix> argL0 ; # com/sun/java/swing/plaf/windows/WindowsLookAndFeel$$Lambda+0x00000008001a3060
instanceKlass  @bci com/sun/java/swing/plaf/windows/WindowsLookAndFeel getLazyValueDefaults ()[Ljava/lang/Object; 141 <appendix> argL0 ; # com/sun/java/swing/plaf/windows/WindowsLookAndFeel$$Lambda+0x00000008001a2e30
instanceKlass  @bci com/sun/java/swing/plaf/windows/WindowsLookAndFeel getLazyValueDefaults ()[Ljava/lang/Object; 134 <appendix> argL0 ; # com/sun/java/swing/plaf/windows/WindowsLookAndFeel$$Lambda+0x00000008001a2c00
instanceKlass  @bci com/sun/java/swing/plaf/windows/WindowsLookAndFeel getLazyValueDefaults ()[Ljava/lang/Object; 127 <appendix> argL0 ; # com/sun/java/swing/plaf/windows/WindowsLookAndFeel$$Lambda+0x00000008001a29d0
instanceKlass  @bci com/sun/java/swing/plaf/windows/WindowsLookAndFeel getLazyValueDefaults ()[Ljava/lang/Object; 120 <appendix> argL0 ; # com/sun/java/swing/plaf/windows/WindowsLookAndFeel$$Lambda+0x00000008001a27a0
instanceKlass  @bci com/sun/java/swing/plaf/windows/WindowsLookAndFeel getLazyValueDefaults ()[Ljava/lang/Object; 23 <appendix> argL0 ; # com/sun/java/swing/plaf/windows/WindowsLookAndFeel$$Lambda+0x00000008001a2570
instanceKlass  @bci com/sun/java/swing/plaf/windows/WindowsLookAndFeel getLazyValueDefaults ()[Ljava/lang/Object; 7 <appendix> argL0 ; # com/sun/java/swing/plaf/windows/WindowsLookAndFeel$$Lambda+0x00000008001a2340
instanceKlass com/sun/java/swing/plaf/windows/WindowsLookAndFeel$ActiveWindowsIcon
instanceKlass  @bci com/sun/java/swing/plaf/windows/WindowsLookAndFeel initComponentDefaults (Ljavax/swing/UIDefaults;)V 5280 <appendix> member <vmtarget> ; # com/sun/java/swing/plaf/windows/WindowsLookAndFeel$$Lambda+0x00000008001a1c70
instanceKlass com/sun/java/swing/plaf/windows/WindowsIconFactory$FrameButtonIcon
instanceKlass com/sun/java/swing/plaf/windows/WindowsIconFactory
instanceKlass  @bci com/sun/java/swing/plaf/windows/WindowsLookAndFeel initComponentDefaults (Ljavax/swing/UIDefaults;)V 4325 <appendix> argL0 ; # com/sun/java/swing/plaf/windows/WindowsLookAndFeel$$Lambda+0x00000008001a15c8
instanceKlass com/sun/java/swing/plaf/windows/WindowsLookAndFeel$LazyWindowsIcon
instanceKlass com/sun/java/swing/plaf/windows/XPStyle$Skin
instanceKlass com/sun/java/swing/plaf/windows/WindowsLookAndFeel$XPColorValue$XPColorValueKey
instanceKlass java/awt/geom/Point2D
instanceKlass com/sun/java/swing/plaf/windows/WindowsLookAndFeel$XPValue
instanceKlass sun/swing/plaf/DesktopProperty
instanceKlass com/sun/java/swing/plaf/windows/WindowsTreeUI$ExpandedIcon
instanceKlass  @bci com/sun/java/swing/plaf/windows/WindowsLookAndFeel initComponentDefaults (Ljavax/swing/UIDefaults;)V 29 <appendix> argL0 ; # com/sun/java/swing/plaf/windows/WindowsLookAndFeel$$Lambda+0x00000008001fdf00
instanceKlass  @bci com/sun/java/swing/plaf/windows/WindowsLookAndFeel initComponentDefaults (Ljavax/swing/UIDefaults;)V 22 <appendix> argL0 ; # com/sun/java/swing/plaf/windows/WindowsLookAndFeel$$Lambda+0x00000008001fdcd0
instanceKlass  @bci com/sun/java/swing/plaf/windows/WindowsLookAndFeel initComponentDefaults (Ljavax/swing/UIDefaults;)V 16 <appendix> argL0 ; # com/sun/java/swing/plaf/windows/WindowsLookAndFeel$$Lambda+0x00000008001fdaa0
instanceKlass  @bci com/sun/java/swing/plaf/windows/WindowsLookAndFeel initComponentDefaults (Ljavax/swing/UIDefaults;)V 10 <appendix> argL0 ; # com/sun/java/swing/plaf/windows/WindowsLookAndFeel$$Lambda+0x00000008001fd870
# instanceKlass java/lang/invoke/LambdaForm$MH+0x0000000800188800
instanceKlass  @bci java/awt/SystemColor <clinit> ()V 643 <appendix> argL0 ; # java/awt/SystemColor$$Lambda+0x00000008001fcd70
instanceKlass sun/awt/AWTAccessor$SystemColorAccessor
instanceKlass com/sun/java/swing/plaf/windows/WindowsRootPaneUI$AltProcessor
instanceKlass sun/util/ResourceBundleEnumeration
instanceKlass javax/swing/UIDefaults$1
instanceKlass sun/swing/ImageCache
instanceKlass java/awt/image/MultiResolutionImage
instanceKlass sun/swing/CachedPainter
instanceKlass com/sun/java/swing/plaf/windows/XPStyle
instanceKlass javax/swing/plaf/ComponentUI
instanceKlass org/freeplane/features/ui/OSKeyBindingManager
instanceKlass javax/swing/JComponent$2
instanceKlass javax/swing/JComponent$1
instanceKlass sun/swing/SwingAccessor$JComponentAccessor
instanceKlass java/awt/Container$1
instanceKlass sun/awt/AWTAccessor$ContainerAccessor
instanceKlass java/awt/LightweightDispatcher
instanceKlass java/awt/event/AWTEventListener
instanceKlass javax/swing/UIManager$2
instanceKlass sun/awt/KeyboardFocusManagerPeerImpl
instanceKlass java/awt/peer/KeyboardFocusManagerPeer
instanceKlass javax/swing/KeyStroke$1
instanceKlass sun/swing/SwingAccessor$KeyStrokeAccessor
instanceKlass java/awt/AWTKeyStroke
instanceKlass java/awt/FocusTraversalPolicy
instanceKlass java/awt/DefaultKeyboardFocusManager$2
instanceKlass java/awt/DefaultKeyboardFocusManager$1
instanceKlass sun/awt/AWTAccessor$DefaultKeyboardFocusManagerAccessor
instanceKlass java/awt/KeyboardFocusManager$1
instanceKlass sun/awt/AWTAccessor$KeyboardFocusManagerAccessor
instanceKlass java/awt/KeyboardFocusManager
instanceKlass java/awt/KeyEventPostProcessor
instanceKlass java/awt/KeyEventDispatcher
instanceKlass sun/awt/PaintEventDispatcher
instanceKlass javax/swing/RepaintManager$1
instanceKlass sun/swing/SwingAccessor$RepaintManagerAccessor
instanceKlass javax/swing/RepaintManager$DisplayChangedHandler
instanceKlass javax/swing/RepaintManager
instanceKlass javax/swing/plaf/metal/OceanTheme$6
instanceKlass javax/swing/plaf/metal/OceanTheme$5
instanceKlass javax/swing/plaf/metal/OceanTheme$4
instanceKlass javax/swing/plaf/metal/OceanTheme$3
instanceKlass javax/swing/plaf/metal/OceanTheme$2
instanceKlass javax/swing/plaf/metal/OceanTheme$1
instanceKlass  @bci javax/swing/plaf/metal/OceanTheme addCustomEntriesToTable (Ljavax/swing/UIDefaults;)V 1 <appendix> member <vmtarget> ; # javax/swing/plaf/metal/OceanTheme$$Lambda+0x00000008001f22d0
instanceKlass java/util/EventListenerProxy
instanceKlass  @bci javax/swing/plaf/metal/MetalLookAndFeel initComponentDefaults (Ljavax/swing/UIDefaults;)V 12018 <appendix> argL0 ; # javax/swing/plaf/metal/MetalLookAndFeel$$Lambda+0x00000008001f1998
instanceKlass  @bci javax/swing/plaf/metal/MetalLookAndFeel initComponentDefaults (Ljavax/swing/UIDefaults;)V 11955 <appendix> argL0 ; # javax/swing/plaf/metal/MetalLookAndFeel$$Lambda+0x00000008001f1768
instanceKlass  @bci javax/swing/plaf/metal/MetalLookAndFeel initComponentDefaults (Ljavax/swing/UIDefaults;)V 11907 <appendix> argL0 ; # javax/swing/plaf/metal/MetalLookAndFeel$$Lambda+0x00000008001f1538
instanceKlass  @bci javax/swing/plaf/metal/MetalLookAndFeel initComponentDefaults (Ljavax/swing/UIDefaults;)V 11758 <appendix> argL0 ; # javax/swing/plaf/metal/MetalLookAndFeel$$Lambda+0x00000008001f1308
instanceKlass  @bci javax/swing/plaf/metal/MetalLookAndFeel initComponentDefaults (Ljavax/swing/UIDefaults;)V 11740 <appendix> argL0 ; # javax/swing/plaf/metal/MetalLookAndFeel$$Lambda+0x00000008001f10d8
instanceKlass  @bci javax/swing/plaf/metal/MetalLookAndFeel initComponentDefaults (Ljavax/swing/UIDefaults;)V 10675 <appendix> argL0 ; # javax/swing/plaf/metal/MetalLookAndFeel$$Lambda+0x00000008001f0ea8
instanceKlass  @bci javax/swing/plaf/metal/MetalLookAndFeel initComponentDefaults (Ljavax/swing/UIDefaults;)V 10657 <appendix> argL0 ; # javax/swing/plaf/metal/MetalLookAndFeel$$Lambda+0x00000008001f0c78
instanceKlass  @bci javax/swing/plaf/metal/MetalLookAndFeel initComponentDefaults (Ljavax/swing/UIDefaults;)V 10639 <appendix> argL0 ; # javax/swing/plaf/metal/MetalLookAndFeel$$Lambda+0x00000008001f0a48
instanceKlass  @bci javax/swing/plaf/metal/MetalLookAndFeel initComponentDefaults (Ljavax/swing/UIDefaults;)V 10621 <appendix> argL0 ; # javax/swing/plaf/metal/MetalLookAndFeel$$Lambda+0x00000008001f0818
instanceKlass  @bci javax/swing/plaf/metal/MetalLookAndFeel initComponentDefaults (Ljavax/swing/UIDefaults;)V 10603 <appendix> argL0 ; # javax/swing/plaf/metal/MetalLookAndFeel$$Lambda+0x00000008001f05e8
instanceKlass  @bci javax/swing/plaf/metal/MetalLookAndFeel initComponentDefaults (Ljavax/swing/UIDefaults;)V 10124 <appendix> argL0 ; # javax/swing/plaf/metal/MetalLookAndFeel$$Lambda+0x00000008001f03b8
instanceKlass  @bci javax/swing/plaf/metal/MetalLookAndFeel initComponentDefaults (Ljavax/swing/UIDefaults;)V 10106 <appendix> argL0 ; # javax/swing/plaf/metal/MetalLookAndFeel$$Lambda+0x00000008001f0188
instanceKlass  @bci javax/swing/plaf/metal/MetalLookAndFeel initComponentDefaults (Ljavax/swing/UIDefaults;)V 9938 <appendix> argL0 ; # javax/swing/plaf/metal/MetalLookAndFeel$$Lambda+0x00000008001eff58
instanceKlass  @bci javax/swing/plaf/metal/MetalLookAndFeel initComponentDefaults (Ljavax/swing/UIDefaults;)V 9920 <appendix> argL0 ; # javax/swing/plaf/metal/MetalLookAndFeel$$Lambda+0x00000008001efd28
instanceKlass  @bci javax/swing/plaf/metal/MetalLookAndFeel initComponentDefaults (Ljavax/swing/UIDefaults;)V 9259 <appendix> argL0 ; # javax/swing/plaf/metal/MetalLookAndFeel$$Lambda+0x00000008001efaf8
instanceKlass  @bci javax/swing/plaf/metal/MetalLookAndFeel initComponentDefaults (Ljavax/swing/UIDefaults;)V 9241 <appendix> argL0 ; # javax/swing/plaf/metal/MetalLookAndFeel$$Lambda+0x00000008001ef8c8
instanceKlass  @bci javax/swing/plaf/metal/MetalLookAndFeel initComponentDefaults (Ljavax/swing/UIDefaults;)V 9074 <appendix> argL0 ; # javax/swing/plaf/metal/MetalLookAndFeel$$Lambda+0x00000008001ef698
instanceKlass  @bci javax/swing/plaf/metal/MetalLookAndFeel initComponentDefaults (Ljavax/swing/UIDefaults;)V 9056 <appendix> argL0 ; # javax/swing/plaf/metal/MetalLookAndFeel$$Lambda+0x00000008001ef468
instanceKlass  @bci javax/swing/plaf/metal/MetalLookAndFeel initComponentDefaults (Ljavax/swing/UIDefaults;)V 8779 <appendix> argL0 ; # javax/swing/plaf/metal/MetalLookAndFeel$$Lambda+0x00000008001ef238
instanceKlass  @bci javax/swing/plaf/metal/MetalLookAndFeel initComponentDefaults (Ljavax/swing/UIDefaults;)V 5003 <appendix> member <vmtarget> ; # javax/swing/plaf/metal/MetalLookAndFeel$$Lambda+0x00000008001ef008
instanceKlass  @bci javax/swing/plaf/metal/MetalLookAndFeel initComponentDefaults (Ljavax/swing/UIDefaults;)V 4983 <appendix> member <vmtarget> ; # javax/swing/plaf/metal/MetalLookAndFeel$$Lambda+0x00000008001eedd8
instanceKlass  @bci javax/swing/plaf/metal/MetalLookAndFeel initComponentDefaults (Ljavax/swing/UIDefaults;)V 4963 <appendix> member <vmtarget> ; # javax/swing/plaf/metal/MetalLookAndFeel$$Lambda+0x00000008001eeba8
instanceKlass  @bci javax/swing/plaf/metal/MetalLookAndFeel initComponentDefaults (Ljavax/swing/UIDefaults;)V 4943 <appendix> member <vmtarget> ; # javax/swing/plaf/metal/MetalLookAndFeel$$Lambda+0x00000008001ee978
instanceKlass  @bci javax/swing/plaf/metal/MetalLookAndFeel initComponentDefaults (Ljavax/swing/UIDefaults;)V 4923 <appendix> argL0 ; # javax/swing/plaf/metal/MetalLookAndFeel$$Lambda+0x00000008001ee748
instanceKlass  @bci javax/swing/plaf/metal/MetalLookAndFeel initComponentDefaults (Ljavax/swing/UIDefaults;)V 4887 <appendix> argL0 ; # javax/swing/plaf/metal/MetalLookAndFeel$$Lambda+0x00000008001ee518
instanceKlass  @bci javax/swing/plaf/metal/MetalLookAndFeel initComponentDefaults (Ljavax/swing/UIDefaults;)V 4869 <appendix> argL0 ; # javax/swing/plaf/metal/MetalLookAndFeel$$Lambda+0x00000008001ee2e8
instanceKlass  @bci javax/swing/plaf/metal/MetalLookAndFeel initComponentDefaults (Ljavax/swing/UIDefaults;)V 4851 <appendix> argL0 ; # javax/swing/plaf/metal/MetalLookAndFeel$$Lambda+0x00000008001ee0b8
instanceKlass  @bci javax/swing/plaf/metal/MetalLookAndFeel initComponentDefaults (Ljavax/swing/UIDefaults;)V 4833 <appendix> argL0 ; # javax/swing/plaf/metal/MetalLookAndFeel$$Lambda+0x00000008001ede88
instanceKlass  @bci javax/swing/plaf/metal/MetalLookAndFeel initComponentDefaults (Ljavax/swing/UIDefaults;)V 4204 <appendix> argL0 ; # javax/swing/plaf/metal/MetalLookAndFeel$$Lambda+0x00000008001edc58
instanceKlass  @bci javax/swing/plaf/metal/MetalLookAndFeel initComponentDefaults (Ljavax/swing/UIDefaults;)V 4186 <appendix> argL0 ; # javax/swing/plaf/metal/MetalLookAndFeel$$Lambda+0x00000008001eda28
instanceKlass  @bci javax/swing/plaf/metal/MetalLookAndFeel initComponentDefaults (Ljavax/swing/UIDefaults;)V 3874 <appendix> argL0 ; # javax/swing/plaf/metal/MetalLookAndFeel$$Lambda+0x00000008001ed7f8
instanceKlass  @bci javax/swing/plaf/metal/MetalLookAndFeel initComponentDefaults (Ljavax/swing/UIDefaults;)V 3858 <appendix> argL0 ; # javax/swing/plaf/metal/MetalLookAndFeel$$Lambda+0x00000008001ed5c8
instanceKlass  @bci javax/swing/plaf/metal/MetalLookAndFeel initComponentDefaults (Ljavax/swing/UIDefaults;)V 3842 <appendix> argL0 ; # javax/swing/plaf/metal/MetalLookAndFeel$$Lambda+0x00000008001ed398
instanceKlass  @bci javax/swing/plaf/metal/MetalLookAndFeel initComponentDefaults (Ljavax/swing/UIDefaults;)V 3826 <appendix> argL0 ; # javax/swing/plaf/metal/MetalLookAndFeel$$Lambda+0x00000008001ed168
instanceKlass  @bci javax/swing/plaf/metal/MetalLookAndFeel initComponentDefaults (Ljavax/swing/UIDefaults;)V 3810 <appendix> argL0 ; # javax/swing/plaf/metal/MetalLookAndFeel$$Lambda+0x00000008001ecf38
instanceKlass  @bci javax/swing/plaf/metal/MetalLookAndFeel initComponentDefaults (Ljavax/swing/UIDefaults;)V 3794 <appendix> argL0 ; # javax/swing/plaf/metal/MetalLookAndFeel$$Lambda+0x00000008001ecd08
instanceKlass  @bci javax/swing/plaf/metal/MetalLookAndFeel initComponentDefaults (Ljavax/swing/UIDefaults;)V 3778 <appendix> argL0 ; # javax/swing/plaf/metal/MetalLookAndFeel$$Lambda+0x00000008001ecad8
instanceKlass  @bci javax/swing/plaf/metal/MetalLookAndFeel initComponentDefaults (Ljavax/swing/UIDefaults;)V 3762 <appendix> argL0 ; # javax/swing/plaf/metal/MetalLookAndFeel$$Lambda+0x00000008001ec8a8
instanceKlass  @bci javax/swing/plaf/metal/MetalLookAndFeel initComponentDefaults (Ljavax/swing/UIDefaults;)V 3746 <appendix> argL0 ; # javax/swing/plaf/metal/MetalLookAndFeel$$Lambda+0x00000008001ec678
instanceKlass  @bci javax/swing/plaf/metal/MetalLookAndFeel initComponentDefaults (Ljavax/swing/UIDefaults;)V 3730 <appendix> argL0 ; # javax/swing/plaf/metal/MetalLookAndFeel$$Lambda+0x00000008001ec448
instanceKlass  @bci javax/swing/plaf/metal/MetalLookAndFeel initComponentDefaults (Ljavax/swing/UIDefaults;)V 3509 <appendix> argL0 ; # javax/swing/plaf/metal/MetalLookAndFeel$$Lambda+0x00000008001ec218
instanceKlass  @bci javax/swing/plaf/metal/MetalLookAndFeel initComponentDefaults (Ljavax/swing/UIDefaults;)V 3399 <appendix> argL0 ; # javax/swing/plaf/metal/MetalLookAndFeel$$Lambda+0x00000008001ebfe8
instanceKlass javax/swing/plaf/metal/MetalLookAndFeel$FontActiveValue
instanceKlass  @bci javax/swing/plaf/metal/MetalLookAndFeel initComponentDefaults (Ljavax/swing/UIDefaults;)V 2174 <appendix> member <vmtarget> ; # javax/swing/plaf/metal/MetalLookAndFeel$$Lambda+0x00000008001ebb70
instanceKlass  @bci javax/swing/plaf/metal/MetalLookAndFeel initComponentDefaults (Ljavax/swing/UIDefaults;)V 2165 <appendix> member <vmtarget> ; # javax/swing/plaf/metal/MetalLookAndFeel$$Lambda+0x00000008001eb938
instanceKlass  @bci javax/swing/plaf/metal/MetalLookAndFeel initComponentDefaults (Ljavax/swing/UIDefaults;)V 2156 <appendix> member <vmtarget> ; # javax/swing/plaf/metal/MetalLookAndFeel$$Lambda+0x00000008001eb700
instanceKlass  @bci javax/swing/plaf/metal/MetalLookAndFeel initComponentDefaults (Ljavax/swing/UIDefaults;)V 2147 <appendix> member <vmtarget> ; # javax/swing/plaf/metal/MetalLookAndFeel$$Lambda+0x00000008001eb4c8
instanceKlass  @bci javax/swing/plaf/metal/MetalLookAndFeel initComponentDefaults (Ljavax/swing/UIDefaults;)V 2138 <appendix> argL0 ; # javax/swing/plaf/metal/MetalLookAndFeel$$Lambda+0x00000008001eb298
instanceKlass  @bci javax/swing/plaf/metal/MetalLookAndFeel initComponentDefaults (Ljavax/swing/UIDefaults;)V 2126 <appendix> argL0 ; # javax/swing/plaf/metal/MetalLookAndFeel$$Lambda+0x00000008001eb068
instanceKlass  @bci javax/swing/plaf/metal/MetalLookAndFeel initComponentDefaults (Ljavax/swing/UIDefaults;)V 2119 <appendix> argL0 ; # javax/swing/plaf/metal/MetalLookAndFeel$$Lambda+0x00000008001eae38
instanceKlass  @bci javax/swing/plaf/metal/MetalLookAndFeel initComponentDefaults (Ljavax/swing/UIDefaults;)V 2112 <appendix> argL0 ; # javax/swing/plaf/metal/MetalLookAndFeel$$Lambda+0x00000008001eac08
instanceKlass  @bci javax/swing/plaf/metal/MetalLookAndFeel initComponentDefaults (Ljavax/swing/UIDefaults;)V 2105 <appendix> argL0 ; # javax/swing/plaf/metal/MetalLookAndFeel$$Lambda+0x00000008001ea9d8
instanceKlass  @bci javax/swing/plaf/metal/MetalLookAndFeel initComponentDefaults (Ljavax/swing/UIDefaults;)V 2098 <appendix> member <vmtarget> ; # javax/swing/plaf/metal/MetalLookAndFeel$$Lambda+0x00000008001ea7a0
instanceKlass  @bci javax/swing/plaf/metal/MetalLookAndFeel initComponentDefaults (Ljavax/swing/UIDefaults;)V 2089 <appendix> argL0 ; # javax/swing/plaf/metal/MetalLookAndFeel$$Lambda+0x00000008001ea570
instanceKlass  @bci javax/swing/plaf/metal/MetalLookAndFeel initComponentDefaults (Ljavax/swing/UIDefaults;)V 2082 <appendix> argL0 ; # javax/swing/plaf/metal/MetalLookAndFeel$$Lambda+0x00000008001ea340
instanceKlass  @bci javax/swing/plaf/metal/MetalLookAndFeel initComponentDefaults (Ljavax/swing/UIDefaults;)V 2075 <appendix> argL0 ; # javax/swing/plaf/metal/MetalLookAndFeel$$Lambda+0x00000008001ea110
instanceKlass  @bci javax/swing/plaf/metal/MetalLookAndFeel initComponentDefaults (Ljavax/swing/UIDefaults;)V 126 <appendix> argL0 ; # javax/swing/plaf/metal/MetalLookAndFeel$$Lambda+0x00000008001e9ee0
instanceKlass  @bci javax/swing/plaf/metal/MetalLookAndFeel initComponentDefaults (Ljavax/swing/UIDefaults;)V 119 <appendix> argL0 ; # javax/swing/plaf/metal/MetalLookAndFeel$$Lambda+0x00000008001e9cb0
instanceKlass  @bci javax/swing/plaf/metal/MetalLookAndFeel initComponentDefaults (Ljavax/swing/UIDefaults;)V 112 <appendix> argL0 ; # javax/swing/plaf/metal/MetalLookAndFeel$$Lambda+0x00000008001e9a80
instanceKlass  @bci jdk/internal/misc/ExtendedMapMode <clinit> ()V 0 <bsm> form vmentry <vmtarget> ; # java/lang/invoke/LambdaForm$DMH+0x0000000800188400
instanceKlass java/lang/invoke/MethodHandle$1
instanceKlass  @bci javax/swing/plaf/basic/BasicLookAndFeel initComponentDefaults (Ljavax/swing/UIDefaults;)V 10900 <appendix> argL0 ; # javax/swing/plaf/basic/BasicLookAndFeel$$Lambda+0x00000008001e95e8
instanceKlass  @bci javax/swing/plaf/basic/BasicLookAndFeel initComponentDefaults (Ljavax/swing/UIDefaults;)V 10882 <appendix> argL0 ; # javax/swing/plaf/basic/BasicLookAndFeel$$Lambda+0x00000008001e93b8
instanceKlass  @bci javax/swing/plaf/basic/BasicLookAndFeel initComponentDefaults (Ljavax/swing/UIDefaults;)V 2622 <appendix> argL0 ; # javax/swing/plaf/basic/BasicLookAndFeel$$Lambda+0x00000008001e9188
instanceKlass  @bci javax/swing/plaf/basic/BasicLookAndFeel initComponentDefaults (Ljavax/swing/UIDefaults;)V 2604 <appendix> argL0 ; # javax/swing/plaf/basic/BasicLookAndFeel$$Lambda+0x00000008001e8f58
instanceKlass  @bci javax/swing/plaf/basic/BasicLookAndFeel initComponentDefaults (Ljavax/swing/UIDefaults;)V 2586 <appendix> argL0 ; # javax/swing/plaf/basic/BasicLookAndFeel$$Lambda+0x00000008001e8d28
instanceKlass  @bci javax/swing/plaf/basic/BasicLookAndFeel initComponentDefaults (Ljavax/swing/UIDefaults;)V 2568 <appendix> argL0 ; # javax/swing/plaf/basic/BasicLookAndFeel$$Lambda+0x00000008001e8af8
instanceKlass javax/swing/UIDefaults$LazyInputMap
instanceKlass  @bci javax/swing/plaf/basic/BasicLookAndFeel initComponentDefaults (Ljavax/swing/UIDefaults;)V 789 <appendix> argL0 ; # javax/swing/plaf/basic/BasicLookAndFeel$$Lambda+0x00000008001e8688
instanceKlass  @bci javax/swing/plaf/basic/BasicLookAndFeel initComponentDefaults (Ljavax/swing/UIDefaults;)V 730 <appendix> argL0 ; # javax/swing/plaf/basic/BasicLookAndFeel$$Lambda+0x00000008001e8458
instanceKlass  @bci javax/swing/plaf/basic/BasicLookAndFeel initComponentDefaults (Ljavax/swing/UIDefaults;)V 723 <appendix> argL0 ; # javax/swing/plaf/basic/BasicLookAndFeel$$Lambda+0x00000008001e8228
instanceKlass  @bci javax/swing/plaf/basic/BasicLookAndFeel initComponentDefaults (Ljavax/swing/UIDefaults;)V 671 <appendix> argL0 ; # javax/swing/plaf/basic/BasicLookAndFeel$$Lambda+0x00000008001e7ff8
instanceKlass  @bci javax/swing/plaf/basic/BasicLookAndFeel initComponentDefaults (Ljavax/swing/UIDefaults;)V 664 <appendix> member <vmtarget> ; # javax/swing/plaf/basic/BasicLookAndFeel$$Lambda+0x00000008001e7dc8
instanceKlass  @bci javax/swing/plaf/basic/BasicLookAndFeel initComponentDefaults (Ljavax/swing/UIDefaults;)V 655 <appendix> member <vmtarget> ; # javax/swing/plaf/basic/BasicLookAndFeel$$Lambda+0x00000008001e7b98
instanceKlass  @bci javax/swing/plaf/basic/BasicLookAndFeel initComponentDefaults (Ljavax/swing/UIDefaults;)V 642 <appendix> member <vmtarget> ; # javax/swing/plaf/basic/BasicLookAndFeel$$Lambda+0x00000008001e7968
instanceKlass  @cpi com/formdev/flatlaf/UIDefaultsLoader 1266 form vmentry <vmtarget> ; # java/lang/invoke/LambdaForm$DMH+0x0000000800188000
instanceKlass  @bci javax/swing/plaf/basic/BasicLookAndFeel initComponentDefaults (Ljavax/swing/UIDefaults;)V 611 <appendix> argL0 ; # javax/swing/plaf/basic/BasicLookAndFeel$$Lambda+0x00000008001e74e8
instanceKlass  @bci javax/swing/plaf/basic/BasicLookAndFeel initComponentDefaults (Ljavax/swing/UIDefaults;)V 604 <appendix> argL0 ; # javax/swing/plaf/basic/BasicLookAndFeel$$Lambda+0x00000008001e72b8
instanceKlass  @bci javax/swing/plaf/basic/BasicLookAndFeel initComponentDefaults (Ljavax/swing/UIDefaults;)V 597 <appendix> argL0 ; # javax/swing/plaf/basic/BasicLookAndFeel$$Lambda+0x00000008001e7088
instanceKlass  @bci javax/swing/plaf/basic/BasicLookAndFeel initComponentDefaults (Ljavax/swing/UIDefaults;)V 590 <appendix> argL0 ; # javax/swing/plaf/basic/BasicLookAndFeel$$Lambda+0x00000008001e6e58
instanceKlass  @bci javax/swing/plaf/basic/BasicLookAndFeel initComponentDefaults (Ljavax/swing/UIDefaults;)V 583 <appendix> argL0 ; # javax/swing/plaf/basic/BasicLookAndFeel$$Lambda+0x00000008001e6c28
instanceKlass  @bci javax/swing/plaf/basic/BasicLookAndFeel initComponentDefaults (Ljavax/swing/UIDefaults;)V 576 <appendix> argL0 ; # javax/swing/plaf/basic/BasicLookAndFeel$$Lambda+0x00000008001e69f8
instanceKlass  @bci javax/swing/plaf/basic/BasicLookAndFeel initComponentDefaults (Ljavax/swing/UIDefaults;)V 569 <appendix> argL0 ; # javax/swing/plaf/basic/BasicLookAndFeel$$Lambda+0x00000008001e67c8
instanceKlass  @bci javax/swing/plaf/basic/BasicLookAndFeel initComponentDefaults (Ljavax/swing/UIDefaults;)V 562 <appendix> argL0 ; # javax/swing/plaf/basic/BasicLookAndFeel$$Lambda+0x00000008001e6598
instanceKlass javax/swing/plaf/basic/BasicLookAndFeel$2
instanceKlass  @bci javax/swing/plaf/basic/BasicLookAndFeel initComponentDefaults (Ljavax/swing/UIDefaults;)V 545 <appendix> argL0 ; # javax/swing/plaf/basic/BasicLookAndFeel$$Lambda+0x00000008001e6130
instanceKlass  @bci sun/swing/SwingUtilities2 makeIcon (Ljava/lang/Class;Ljava/lang/Class;Ljava/lang/String;Z)Ljava/lang/Object; 4 <adapter> ; # java/lang/invoke/LambdaForm$MH+0x0000000800183c00
# instanceKlass java/lang/invoke/LambdaForm$DMH+0x0000000800183800
instanceKlass  @bci sun/swing/SwingUtilities2 makeIcon (Ljava/lang/Class;Ljava/lang/Class;Ljava/lang/String;Z)Ljava/lang/Object; 4 <appendix> form vmentry <vmtarget> ; # java/lang/invoke/LambdaForm$DMH+0x0000000800183400
instanceKlass  @bci sun/swing/SwingUtilities2 makeIcon (Ljava/lang/Class;Ljava/lang/Class;Ljava/lang/String;Z)Ljava/lang/Object; 4 <appendix> member <vmtarget> ; # sun/swing/SwingUtilities2$$Lambda+0x00000008001e5ef8
instanceKlass  @cpi sun/swing/SwingUtilities2 1555 form vmentry <vmtarget> ; # java/lang/invoke/LambdaForm$DMH+0x0000000800183000
instanceKlass  @bci javax/swing/plaf/basic/BasicLookAndFeel initComponentDefaults (Ljavax/swing/UIDefaults;)V 398 <appendix> argL0 ; # javax/swing/plaf/basic/BasicLookAndFeel$$Lambda+0x00000008001e5cc8
instanceKlass  @bci javax/swing/plaf/basic/BasicLookAndFeel initComponentDefaults (Ljavax/swing/UIDefaults;)V 391 <appendix> argL0 ; # javax/swing/plaf/basic/BasicLookAndFeel$$Lambda+0x00000008001e5a98
instanceKlass  @bci javax/swing/plaf/basic/BasicLookAndFeel initComponentDefaults (Ljavax/swing/UIDefaults;)V 384 <appendix> argL0 ; # javax/swing/plaf/basic/BasicLookAndFeel$$Lambda+0x00000008001e5868
instanceKlass  @bci javax/swing/plaf/basic/BasicLookAndFeel initComponentDefaults (Ljavax/swing/UIDefaults;)V 377 <appendix> form vmentry <vmtarget> ; # java/lang/invoke/LambdaForm$DMH+0x0000000800182c00
instanceKlass  @bci javax/swing/plaf/basic/BasicLookAndFeel initComponentDefaults (Ljavax/swing/UIDefaults;)V 377 <appendix> member <vmtarget> ; # javax/swing/plaf/basic/BasicLookAndFeel$$Lambda+0x00000008001e5630
instanceKlass javax/swing/border/AbstractBorder
instanceKlass javax/swing/border/Border
instanceKlass  @bci javax/swing/plaf/basic/BasicLookAndFeel initComponentDefaults (Ljavax/swing/UIDefaults;)V 349 <appendix> member <vmtarget> ; # javax/swing/plaf/basic/BasicLookAndFeel$$Lambda+0x00000008001e4a70
instanceKlass  @bci javax/swing/plaf/basic/BasicLookAndFeel initComponentDefaults (Ljavax/swing/UIDefaults;)V 340 <appendix> argL0 ; # javax/swing/plaf/basic/BasicLookAndFeel$$Lambda+0x00000008001e4840
instanceKlass  @bci javax/swing/plaf/basic/BasicLookAndFeel initComponentDefaults (Ljavax/swing/UIDefaults;)V 333 <appendix> argL0 ; # javax/swing/plaf/basic/BasicLookAndFeel$$Lambda+0x00000008001e4610
instanceKlass  @bci javax/swing/plaf/basic/BasicLookAndFeel initComponentDefaults (Ljavax/swing/UIDefaults;)V 326 <appendix> argL0 ; # javax/swing/plaf/basic/BasicLookAndFeel$$Lambda+0x00000008001e43e0
instanceKlass  @bci javax/swing/plaf/basic/BasicLookAndFeel initComponentDefaults (Ljavax/swing/UIDefaults;)V 319 <appendix> argL0 ; # javax/swing/plaf/basic/BasicLookAndFeel$$Lambda+0x00000008001e41b0
instanceKlass  @bci javax/swing/plaf/basic/BasicLookAndFeel initComponentDefaults (Ljavax/swing/UIDefaults;)V 312 <appendix> argL0 ; # javax/swing/plaf/basic/BasicLookAndFeel$$Lambda+0x00000008001e3f80
instanceKlass javax/swing/UIDefaults$ActiveValue
instanceKlass  @bci javax/swing/plaf/basic/BasicLookAndFeel initComponentDefaults (Ljavax/swing/UIDefaults;)V 47 <appendix> argL0 ; # javax/swing/plaf/basic/BasicLookAndFeel$$Lambda+0x00000008001e3920
instanceKlass  @bci javax/swing/plaf/basic/BasicLookAndFeel initComponentDefaults (Ljavax/swing/UIDefaults;)V 40 <appendix> argL0 ; # javax/swing/plaf/basic/BasicLookAndFeel$$Lambda+0x00000008001e36f0
instanceKlass  @bci javax/swing/plaf/basic/BasicLookAndFeel initComponentDefaults (Ljavax/swing/UIDefaults;)V 33 <appendix> argL0 ; # javax/swing/plaf/basic/BasicLookAndFeel$$Lambda+0x00000008001e34c0
instanceKlass  @bci javax/swing/plaf/basic/BasicLookAndFeel initComponentDefaults (Ljavax/swing/UIDefaults;)V 26 <appendix> argL0 ; # javax/swing/plaf/basic/BasicLookAndFeel$$Lambda+0x00000008001e3290
instanceKlass  @bci javax/swing/plaf/basic/BasicLookAndFeel initComponentDefaults (Ljavax/swing/UIDefaults;)V 19 <appendix> argL0 ; # javax/swing/plaf/basic/BasicLookAndFeel$$Lambda+0x00000008001e3060
instanceKlass javax/swing/UIDefaults$LazyValue
instanceKlass javax/swing/plaf/metal/DefaultMetalTheme$FontDelegate
instanceKlass javax/swing/plaf/UIResource
instanceKlass javax/swing/plaf/metal/MetalTheme
instanceKlass sun/swing/DefaultLookup
instanceKlass javax/swing/LookAndFeel
instanceKlass javax/swing/UIManager$1
instanceKlass sun/swing/SwingAccessor
instanceKlass  @bci javax/swing/UIDefaults <clinit> ()V 10 <appendix> argL0 ; # javax/swing/UIDefaults$$Lambda+0x00000008001dfe98
instanceKlass sun/swing/SwingAccessor$UIDefaultsAccessor
instanceKlass javax/swing/UIManager$LAFState
instanceKlass sun/swing/SwingUtilities2$LSBCacheEntry
instanceKlass sun/swing/StringUIClientPropertyKey
instanceKlass javax/swing/UIClientPropertyKey
instanceKlass java/awt/font/FontRenderContext
instanceKlass sun/swing/SwingUtilities2
instanceKlass java/util/IdentityHashMap$IdentityHashMapIterator
instanceKlass java/awt/Toolkit$DesktopPropertyChangeSupport$1
instanceKlass sun/awt/SunHints$Value
instanceKlass sun/awt/SunHints
instanceKlass java/awt/RenderingHints
instanceKlass sun/awt/windows/WDesktopProperties$WinPlaySound
instanceKlass java/awt/Color
instanceKlass java/awt/Paint
instanceKlass java/util/concurrent/locks/ReentrantReadWriteLock$WriteLock
instanceKlass java/util/concurrent/locks/ReentrantReadWriteLock$ReadLock
instanceKlass java/util/concurrent/locks/ReentrantReadWriteLock
instanceKlass java/util/concurrent/locks/ReadWriteLock
instanceKlass sun/awt/windows/ThemeReader
instanceKlass sun/awt/windows/WDesktopProperties
instanceKlass sun/awt/SunDisplayChanger
instanceKlass sun/java2d/SurfaceManagerFactory
instanceKlass sun/java2d/windows/WindowsFlags$1
instanceKlass sun/java2d/windows/WindowsFlags
instanceKlass jdk/internal/math/FloatingDecimal$ASCIIToBinaryBuffer
instanceKlass jdk/internal/math/FloatingDecimal$PreparedASCIIToBinaryBuffer
instanceKlass jdk/internal/math/FloatingDecimal$ASCIIToBinaryConverter
instanceKlass jdk/internal/math/FloatingDecimal$BinaryToASCIIBuffer
instanceKlass jdk/internal/math/FloatingDecimal$ExceptionalBinaryToASCIIBuffer
instanceKlass jdk/internal/math/FloatingDecimal$BinaryToASCIIConverter
instanceKlass jdk/internal/math/FloatingDecimal
instanceKlass sun/awt/DisplayParametersChangedListener
instanceKlass java/awt/GraphicsEnvironment$LocalGE
instanceKlass javax/swing/UIManager$LookAndFeelInfo
instanceKlass javax/swing/UIManager
instanceKlass javax/swing/MenuElement
instanceKlass javax/swing/RootPaneContainer
instanceKlass javax/swing/WindowConstants
instanceKlass org/freeplane/features/time/TimeComboBoxEditor
instanceKlass javax/swing/ComboBoxEditor
instanceKlass java/awt/LayoutManager
instanceKlass org/freeplane/features/ui/FrameController
instanceKlass org/freeplane/features/ui/ViewController
instanceKlass java/awt/TrayIcon
instanceKlass java/awt/MenuComponent
instanceKlass java/awt/EventQueue$4
instanceKlass sun/awt/dnd/SunDragSourceContextPeer
instanceKlass java/awt/dnd/peer/DragSourceContextPeer
instanceKlass java/awt/ModalEventFilter
instanceKlass java/awt/EventDispatchThread$HierarchyEventFilter
instanceKlass java/awt/EventFilter
instanceKlass sun/awt/EventQueueItem
instanceKlass java/awt/EventDispatchThread$1
instanceKlass java/awt/Conditional
instanceKlass  @bci sun/awt/AWTThreading getInstance (Ljava/lang/Thread;)Lsun/awt/AWTThreading; 23 <appendix> member <vmtarget> ; # sun/awt/AWTThreading$$Lambda+0x00000008001cfcc8
instanceKlass  @bci sun/awt/AWTThreading <clinit> ()V 39 <appendix> argL0 ; # sun/awt/AWTThreading$$Lambda+0x00000008001cfa78
instanceKlass java/util/concurrent/atomic/AtomicReference
instanceKlass  @bci sun/awt/AWTThreading <clinit> ()V 27 <appendix> argL0 ; # sun/awt/AWTThreading$$Lambda+0x00000008001cf628
instanceKlass  @cpi java/awt/SystemColor 241 form vmentry <vmtarget> ; # java/lang/invoke/LambdaForm$DMH+0x0000000800182800
instanceKlass sun/awt/AWTThreading
instanceKlass java/awt/EventQueue$6
instanceKlass java/awt/event/InvocationEvent$1
instanceKlass sun/awt/AWTAccessor$InvocationEventAccessor
instanceKlass java/awt/ActiveEvent
instanceKlass java/awt/EventQueue$1AWTInvocationLock
instanceKlass sun/awt/PostEventQueue
instanceKlass sun/awt/MostRecentKeyValue
instanceKlass java/awt/Queue
instanceKlass sun/awt/AppContext$1
instanceKlass sun/awt/AppContext$2
instanceKlass sun/awt/AppContext$3
instanceKlass sun/awt/AppContext$6
instanceKlass jdk/internal/access/JavaAWTAccess
instanceKlass sun/awt/AppContext$GetAppContextLock
instanceKlass sun/awt/AppContext
instanceKlass  @bci sun/awt/windows/WToolkit <init> ()V 142 <appendix> argL0 ; # sun/awt/windows/WToolkit$$Lambda+0x00000008001cc478
instanceKlass  @bci sun/awt/windows/WToolkit lambda$registerShutdownHook$4 ()Ljava/lang/Void; 8 <appendix> member <vmtarget> ; # sun/awt/windows/WToolkit$$Lambda+0x00000008001cc240
instanceKlass  @bci sun/awt/windows/WToolkit registerShutdownHook ()V 1 <appendix> member <vmtarget> ; # sun/awt/windows/WToolkit$$Lambda+0x00000008001cc008
instanceKlass java/util/concurrent/ForkJoinPool$2
instanceKlass jdk/internal/access/JavaUtilConcurrentFJPAccess
instanceKlass jdk/internal/vm/ThreadContainers
instanceKlass java/util/concurrent/ForkJoinPool$DefaultForkJoinWorkerThreadFactory
instanceKlass java/util/concurrent/ForkJoinTask
instanceKlass java/util/concurrent/Future
instanceKlass java/util/concurrent/ForkJoinPool$WorkQueue
instanceKlass jdk/internal/vm/StackableScope
instanceKlass java/util/concurrent/CountDownLatch
instanceKlass java/util/concurrent/ForkJoinPool$ForkJoinWorkerThreadFactory
instanceKlass  @bci sun/awt/windows/WToolkit run ()V 0 <appendix> argL0 ; # sun/awt/windows/WToolkit$$Lambda+0x00000008001c9170
instanceKlass java/util/concurrent/AbstractExecutorService
instanceKlass java/util/concurrent/ExecutorService
instanceKlass java/util/concurrent/Executor
instanceKlass  @bci sun/awt/windows/WToolkit <init> ()V 93 <appendix> member <vmtarget> ; # sun/awt/windows/WToolkit$$Lambda+0x00000008001c83a8
instanceKlass  @bci sun/awt/windows/WToolkit <init> ()V 68 <appendix> argL0 ; # sun/awt/windows/WToolkit$$Lambda+0x00000008001c8178
instanceKlass  @bci sun/awt/AWTAutoShutdown activateBlockerThread ()V 1 <appendix> member <vmtarget> ; # sun/awt/AWTAutoShutdown$$Lambda+0x00000008001c7f40
instanceKlass sun/awt/AWTAutoShutdown
instanceKlass java/util/concurrent/ConcurrentLinkedDeque$Node
instanceKlass sun/awt/util/ThreadGroupUtils
instanceKlass  @bci sun/java2d/Disposer <clinit> ()V 104 <appendix> argL0 ; # sun/java2d/Disposer$$Lambda+0x00000008001c6fa0
instanceKlass sun/java2d/Disposer$1
instanceKlass sun/java2d/Disposer
instanceKlass sun/awt/windows/WToolkit$ToolkitDisposer
instanceKlass sun/java2d/DisposerRecord
instanceKlass  @bci sun/java2d/marlin/RendererContext createContext ()Lsun/java2d/marlin/RendererContext; 10 <appendix> form vmentry <vmtarget> ; # java/lang/invoke/LambdaForm$MH+0x0000000800182400
instanceKlass  @bci sun/java2d/marlin/RendererContext createContext ()Lsun/java2d/marlin/RendererContext; 10 <appendix> argL3 form vmentry <vmtarget> ; # java/lang/invoke/LambdaForm$MH+0x0000000800182000
instanceKlass sun/awt/util/PerformanceLogger$TimeData
instanceKlass sun/awt/util/PerformanceLogger
instanceKlass sun/awt/SunToolkit$ModalityListenerList
instanceKlass sun/awt/ModalityListener
instanceKlass java/beans/PropertyChangeListener
instanceKlass java/beans/ChangeListenerMap
instanceKlass java/beans/PropertyChangeSupport
instanceKlass javax/swing/event/EventListenerList
instanceKlass sun/awt/windows/WDesktopPeer
instanceKlass java/awt/peer/DesktopPeer
instanceKlass java/awt/Component$DummyRequestFocusController
instanceKlass sun/awt/RequestFocusController
instanceKlass java/awt/Component$1
instanceKlass sun/awt/AWTAccessor$ComponentAccessor
instanceKlass java/awt/font/JavaAWTFontAccessImpl
instanceKlass jdk/internal/access/JavaAWTFontAccess
instanceKlass java/text/AttributedCharacterIterator$Attribute
instanceKlass sun/font/AttributeValues
instanceKlass java/awt/geom/AffineTransform
instanceKlass sun/font/FontAccess
instanceKlass java/awt/Font
instanceKlass sun/awt/windows/WObjectPeer
instanceKlass java/awt/dnd/peer/DropTargetPeer
instanceKlass java/awt/peer/ComponentPeer
instanceKlass java/awt/event/InputEvent$1
instanceKlass sun/awt/AWTAccessor$InputEventAccessor
instanceKlass java/awt/event/NativeLibLoader$1
instanceKlass java/awt/event/NativeLibLoader
instanceKlass java/awt/AWTEvent$1
instanceKlass sun/awt/AWTAccessor$AWTEventAccessor
instanceKlass java/awt/Component$AWTTreeLock
instanceKlass sun/awt/DisplayChangedListener
instanceKlass sun/awt/image/SurfaceManager
instanceKlass sun/awt/image/SurfaceManager$ImageAccessor
instanceKlass java/awt/ImageCapabilities
instanceKlass sun/java2d/DestSurfaceProvider
instanceKlass sun/java2d/loops/RenderCache
instanceKlass sun/java2d/pipe/DrawImage
instanceKlass sun/java2d/pipe/GeneralCompositePipe
instanceKlass sun/java2d/pipe/SpanShapeRenderer
instanceKlass sun/java2d/pipe/AlphaPaintPipe
instanceKlass sun/java2d/pipe/AAShapePipe
instanceKlass sun/java2d/pipe/RegionIterator
instanceKlass sun/java2d/pipe/Region
instanceKlass sun/java2d/pipe/SpanClipRenderer
instanceKlass sun/java2d/pipe/PixelToShapeConverter
instanceKlass sun/java2d/pipe/AlphaColorPipe
instanceKlass sun/java2d/pipe/CompositePipe
instanceKlass java/awt/geom/Dimension2D
instanceKlass  @bci java/awt/image/ReplicateScaleFilter setProperties (Ljava/util/Hashtable;)V 19 <appendix> form vmentry <vmtarget> ; # java/lang/invoke/LambdaForm$MH+0x0000000800181000
instanceKlass  @bci java/awt/image/ReplicateScaleFilter setProperties (Ljava/util/Hashtable;)V 19 <appendix> argL3 form vmentry <vmtarget> ; # java/lang/invoke/LambdaForm$MH+0x0000000800180c00
# instanceKlass java/lang/invoke/LambdaForm$MH+0x0000000800180800
instanceKlass  @bci java/awt/image/ReplicateScaleFilter setProperties (Ljava/util/Hashtable;)V 19 <appendix> argL1 form vmentry <vmtarget> ; # java/lang/invoke/LambdaForm$MH+0x0000000800127800
instanceKlass  @bci sun/java2d/marlin/RendererContext createContext ()Lsun/java2d/marlin/RendererContext; 10 <appendix> argL1 form vmentry <vmtarget> ; # java/lang/invoke/LambdaForm$MH+0x0000000800127000
# instanceKlass java/lang/invoke/LambdaForm$MH+0x0000000800126c00
instanceKlass sun/awt/OSInfo$1
instanceKlass sun/awt/OSInfo$WindowsVersion
instanceKlass sun/awt/OSInfo
instanceKlass sun/font/FontUtilities$1
instanceKlass sun/font/FontUtilities
instanceKlass sun/java2d/pipe/GlyphListPipe
instanceKlass sun/java2d/pipe/OutlineTextRenderer
instanceKlass java/util/concurrent/ConcurrentLinkedQueue$Node
instanceKlass sun/java2d/ReentrantContextProvider
instanceKlass sun/java2d/marlin/FloatMath
instanceKlass sun/java2d/marlin/MarlinProperties
instanceKlass sun/java2d/marlin/MarlinConst
instanceKlass sun/java2d/pipe/RenderingEngine
instanceKlass sun/java2d/pipe/LoopPipe
instanceKlass sun/java2d/pipe/LoopBasedPipe
instanceKlass sun/java2d/pipe/ParallelogramPipe
instanceKlass sun/java2d/pipe/NullPipe
instanceKlass sun/java2d/pipe/DrawImagePipe
instanceKlass sun/java2d/pipe/TextPipe
instanceKlass sun/java2d/pipe/ShapeDrawPipe
instanceKlass sun/java2d/pipe/PixelFillPipe
instanceKlass sun/java2d/pipe/PixelDrawPipe
instanceKlass sun/java2d/StateTrackableDelegate$2
instanceKlass sun/java2d/StateTrackableDelegate
instanceKlass sun/java2d/cmm/ProfileDeferralInfo
instanceKlass java/awt/color/ICC_Profile$BuiltInProfile
instanceKlass  @bci java/awt/color/ICC_Profile <clinit> ()V 0 <appendix> argL0 ; # java/awt/color/ICC_Profile$$Lambda+0x000000080013c0f0
instanceKlass sun/java2d/cmm/Profile
instanceKlass sun/awt/AWTAccessor$ICC_ProfileAccessor
instanceKlass java/awt/color/ICC_Profile
instanceKlass java/awt/color/ColorSpace$BuiltInSpace
instanceKlass java/awt/color/ColorSpace
instanceKlass java/awt/image/ColorModel$1RGBdefault
instanceKlass java/awt/image/ColorModel$1
instanceKlass java/awt/image/ColorModel
instanceKlass sun/awt/image/PixelConverter
instanceKlass sun/java2d/loops/SurfaceType
instanceKlass sun/java2d/SurfaceData
instanceKlass sun/java2d/Surface
instanceKlass sun/java2d/StateTrackable
instanceKlass sun/java2d/DisposerTarget
instanceKlass sun/awt/windows/WToolkit$1
instanceKlass jdk/internal/logger/LoggerFinderLoader
instanceKlass  @bci java/lang/System$LoggerFinder accessProvider ()Ljava/lang/System$LoggerFinder; 8 <appendix> argL0 ; # java/lang/System$LoggerFinder$$Lambda+0x00000008001360b8
instanceKlass jdk/internal/logger/LazyLoggers$LazyLoggerFactories
instanceKlass jdk/internal/logger/LazyLoggers$1
instanceKlass jdk/internal/logger/LazyLoggers
instanceKlass sun/awt/WeakIdentityHashMap
instanceKlass sun/awt/KeyboardFocusManagerPeerProvider
instanceKlass sun/awt/InputMethodSupport
instanceKlass sun/awt/ComponentFactory
instanceKlass java/awt/Insets
instanceKlass  @bci org/freeplane/plugin/ai/chat/ChatMessageStyleApplier apply (Ljavax/swing/JEditorPane;Ljavax/swing/text/html/HTMLEditorKit;FI)V 688 <appendix> form vmentry <vmtarget> ; # java/lang/invoke/LambdaForm$MH+0x0000000800126400
instanceKlass  @bci org/freeplane/plugin/ai/chat/ChatMessageStyleApplier apply (Ljavax/swing/JEditorPane;Ljavax/swing/text/html/HTMLEditorKit;FI)V 688 <appendix> argL3 form vmentry <vmtarget> ; # java/lang/invoke/LambdaForm$MH+0x0000000800125c00
instanceKlass  @bci org/freeplane/plugin/ai/chat/ChatMessageStyleApplier apply (Ljavax/swing/JEditorPane;Ljavax/swing/text/html/HTMLEditorKit;FI)V 688 <appendix> argL1 form vmentry <vmtarget> ; # java/lang/invoke/LambdaForm$MH+0x0000000800124800
instanceKlass  @bci javax/swing/colorchooser/ColorModel getText (Ljava/awt/Component;Ljava/lang/String;)Ljava/lang/String; 5 <appendix> argL2 form vmentry <vmtarget> ; # java/lang/invoke/LambdaForm$MH+0x0000000800123800
instanceKlass java/awt/Toolkit$1
instanceKlass java/awt/Toolkit$2
instanceKlass java/awt/Toolkit$4
instanceKlass java/awt/Toolkit$3
instanceKlass sun/awt/AWTAccessor$ToolkitAccessor
instanceKlass java/awt/Toolkit
instanceKlass java/awt/EventQueue$3
instanceKlass sun/awt/AWTAccessor
instanceKlass java/awt/EventQueue$2
instanceKlass sun/awt/AWTAccessor$EventQueueAccessor
instanceKlass java/awt/EventQueue$1
instanceKlass java/awt/EventQueue
instanceKlass javax/swing/SwingUtilities
instanceKlass javax/swing/SwingConstants
instanceKlass org/freeplane/features/ui/IMapViewManager
instanceKlass org/freeplane/main/application/FreeplaneGUIStarter$1
instanceKlass  @bci org/freeplane/main/application/FreeplaneGUIStarter createController ()Lorg/freeplane/features/mode/Controller; 57 <appendix> argL0 ; # org/freeplane/main/application/FreeplaneGUIStarter$$Lambda+0x000000080011ce98
instanceKlass  @cpi org/freeplane/view/swing/ui/TimeDelayedNodeSelection 143 form vmentry <vmtarget> ; # java/lang/invoke/LambdaForm$DMH+0x0000000800123400
instanceKlass org/freeplane/core/util/FileUtils
instanceKlass org/freeplane/core/util/FreeplaneVersion
instanceKlass org/freeplane/api/FreeplaneVersion
instanceKlass  @bci org/freeplane/core/util/logging/internal/LogInitializer createLogger ()V 20 <appendix> argL0 ; # org/freeplane/core/util/logging/internal/LogInitializer$$Lambda+0x000000080011c758
instanceKlass  @cpi org/freeplane/core/resources/components/ButtonSelectorPanel 559 form vmentry <vmtarget> ; # java/lang/invoke/LambdaForm$DMH+0x0000000800123000
instanceKlass org/freeplane/core/util/logging/LogHandlers
instanceKlass sun/nio/ch/FileKey
instanceKlass sun/nio/ch/FileLockTable
instanceKlass java/nio/channels/FileLock
instanceKlass java/nio/file/FileStore
instanceKlass sun/nio/fs/WindowsSecurity
instanceKlass sun/nio/fs/AbstractAclFileAttributeView
instanceKlass java/nio/file/attribute/AclFileAttributeView
instanceKlass java/nio/file/attribute/FileOwnerAttributeView
instanceKlass sun/nio/fs/WindowsLinkSupport
instanceKlass sun/nio/fs/WindowsFileSystemProvider$1
instanceKlass sun/nio/fs/WindowsChannelFactory$2
instanceKlass sun/nio/fs/WindowsPath$1
instanceKlass java/nio/file/Path$1
instanceKlass  @bci java/util/logging/Level$KnownLevel registerWithClassLoader (Ljava/util/logging/Level;)V 27 <appendix> argL0 ; # java/util/logging/Level$KnownLevel$$Lambda+0x000000080017d338
instanceKlass  @bci java/util/logging/Level$KnownLevel registerWithClassLoader (Ljava/util/logging/Level;)V 9 <appendix> member <vmtarget> ; # java/util/logging/Level$KnownLevel$$Lambda+0x000000080017d100
# instanceKlass java/lang/invoke/LambdaForm$MH+0x0000000800122c00
# instanceKlass java/lang/invoke/LambdaForm$MH+0x0000000800122400
# instanceKlass java/lang/invoke/LambdaForm$MH+0x0000000800122000
# instanceKlass java/util/logging/Level$KnownLevel$$InjectedInvoker+0x0000000800121800
instanceKlass java/lang/invoke/MethodHandleImpl$BindCaller$InjectedInvokerHolder
# instanceKlass java/lang/invoke/LambdaForm$MH+0x0000000800121400
instanceKlass  @cpi org/freeplane/features/link/NodeLinks 349 form vmentry <vmtarget> ; # java/lang/invoke/LambdaForm$DMH+0x0000000800121000
# instanceKlass java/lang/invoke/LambdaForm$MH+0x0000000800120c00
instanceKlass  @cpi org/freeplane/core/resources/components/ButtonSelectorPanel 554 form vmentry <vmtarget> ; # java/lang/invoke/LambdaForm$DMH+0x0000000800120800
# instanceKlass java/lang/invoke/LambdaForm$DMH+0x0000000800120400
# instanceKlass java/lang/invoke/LambdaForm$DMH+0x0000000800120000
instanceKlass java/lang/invoke/MethodHandleImpl$ArrayAccessor
instanceKlass java/lang/invoke/MethodHandleImpl$LoopClauses
instanceKlass java/lang/invoke/MethodHandleImpl$CasesHolder
instanceKlass java/lang/invoke/MethodHandleImpl$BindCaller
instanceKlass org/freeplane/core/util/logging/internal/LogInitializer
instanceKlass org/freeplane/main/application/LastOpenedList$RecentFile
instanceKlass  @bci java/util/regex/CharPredicates ASCII_SPACE ()Ljava/util/regex/Pattern$BmpCharPredicate; 0 <appendix> argL0 ; # java/util/regex/CharPredicates$$Lambda+0x000000080017ae00
instanceKlass org/freeplane/core/util/ConfigurationUtils
instanceKlass org/freeplane/features/map/INodeSelectionListener
instanceKlass org/freeplane/core/extension/Configurable
instanceKlass java/awt/dnd/Autoscroll
instanceKlass java/awt/print/Printable
instanceKlass org/freeplane/main/application/LastOpenedList
instanceKlass org/freeplane/features/ui/IMapViewChangeListener
instanceKlass  @bci org/freeplane/features/mode/Controller <init> (Lorg/freeplane/core/resources/ResourceController;)V 128 <appendix> member <vmtarget> ; # org/freeplane/features/mode/Controller$$Lambda+0x0000000800118928
instanceKlass javax/swing/TransferHandler$HasGetTransferHandler
instanceKlass  @bci org/freeplane/features/mode/Controller <init> (Lorg/freeplane/core/resources/ResourceController;)V 111 <appendix> member <vmtarget> ; # org/freeplane/features/mode/Controller$$Lambda+0x0000000800113b30
instanceKlass java/lang/Class$AnnotationData
instanceKlass org/freeplane/core/ui/SelectableAction
instanceKlass  @bci org/freeplane/core/ui/svgicons/SVGIconCreator createIcon ()Ljavax/swing/Icon; 5 <appendix> member <vmtarget> ; # org/freeplane/core/ui/svgicons/SVGIconCreator$$Lambda+0x0000000800113288
instanceKlass javax/swing/ImageIcon
instanceKlass java/awt/RenderingHints$Key
instanceKlass org/freeplane/core/ui/svgicons/CachingIcon
instanceKlass  @bci java/util/regex/CharPredicates ASCII_WORD ()Ljava/util/regex/Pattern$BmpCharPredicate; 0 <appendix> argL0 ; # java/util/regex/CharPredicates$$Lambda+0x0000000800177778
instanceKlass com/kitfox/svg/SVGElement
instanceKlass java/awt/Graphics
instanceKlass org/freeplane/core/ui/svgicons/SVGIconCreator
instanceKlass org/freeplane/core/ui/svgicons/FreeplaneIconFactory$2
instanceKlass java/awt/Transparency
instanceKlass java/awt/image/WritableRenderedImage
instanceKlass java/awt/image/RenderedImage
instanceKlass java/awt/Image
instanceKlass org/freeplane/core/ui/svgicons/FreeplaneIconFactory
instanceKlass org/freeplane/features/icon/factory/WeakValueCache
instanceKlass org/freeplane/features/icon/factory/GraphicIconFactory
instanceKlass java/text/ParsePosition
instanceKlass java/text/DigitList
instanceKlass java/text/FieldPosition
instanceKlass java/text/Format
instanceKlass org/freeplane/api/Quantity
instanceKlass org/freeplane/features/icon/factory/IconFactory
instanceKlass javax/swing/ArrayTable
instanceKlass org/dpolivaev/mnemonicsetter/ActionNameMnemonicHolder
instanceKlass org/dpolivaev/mnemonicsetter/INameMnemonicHolder
instanceKlass org/freeplane/core/ui/LabelAndMnemonicSetter
instanceKlass org/freeplane/core/util/collection/MultipleValueMap
instanceKlass org/freeplane/core/util/TextUtils
instanceKlass org/freeplane/core/extension/ExtensionContainer
instanceKlass org/freeplane/core/resources/OptionPanelController
instanceKlass org/freeplane/features/mode/IControllerExecuteExtension
instanceKlass org/freeplane/features/mode/AController
instanceKlass org/freeplane/features/map/IMapLifeCycleListener
instanceKlass java/net/Socket
instanceKlass org/freeplane/main/application/SingleInstanceManager$1
instanceKlass java/lang/Thread$ThreadNumbering
instanceKlass java/io/RandomAccessFile$1
instanceKlass sun/net/NetHooks
instanceKlass  @bci sun/nio/ch/NioSocketImpl closerFor (Ljava/io/FileDescriptor;Z)Ljava/lang/Runnable; 5 <appendix> member <vmtarget> ; # sun/nio/ch/NioSocketImpl$$Lambda+0x0000000800173098
instanceKlass jdk/net/ExtendedSocketOptions$2
instanceKlass jdk/net/ExtendedSocketOptions$PlatformSocketOptions
instanceKlass jdk/net/ExtendedSocketOptions$ExtSocketOption
instanceKlass java/net/SocketOption
instanceKlass jdk/net/ExtendedSocketOptions
instanceKlass sun/net/ext/ExtendedSocketOptions
instanceKlass java/net/Inet6Address$Inet6AddressHolder
instanceKlass sun/nio/ch/Net$1
instanceKlass java/net/ProtocolFamily
instanceKlass sun/nio/ch/Net
instanceKlass java/net/InetSocketAddress$InetSocketAddressHolder
instanceKlass java/net/SocketAddress
instanceKlass sun/net/PlatformSocketImpl
instanceKlass java/net/SocketImpl
instanceKlass java/net/SocketOptions
instanceKlass java/net/InetAddress$PlatformResolver
instanceKlass java/net/spi/InetAddressResolver
instanceKlass java/net/spi/InetAddressResolver$LookupPolicy
instanceKlass java/net/Inet4AddressImpl
instanceKlass java/net/Inet6AddressImpl
instanceKlass java/net/InetAddressImpl
instanceKlass java/util/concurrent/ConcurrentSkipListMap$Node
instanceKlass java/util/concurrent/ConcurrentSkipListMap$Index
instanceKlass java/util/concurrent/ConcurrentNavigableMap
instanceKlass java/net/InetAddress$InetAddressHolder
instanceKlass java/net/InetAddress$1
instanceKlass jdk/internal/access/JavaNetInetAddressAccess
instanceKlass java/net/InetAddress
instanceKlass java/net/ServerSocket
instanceKlass org/freeplane/main/application/SingleInstanceManager
instanceKlass org/freeplane/main/application/ApplicationResourceController$1
instanceKlass org/freeplane/main/application/ApplicationPropertyStore
instanceKlass java/time/LocalTime$1
instanceKlass  @bci sun/util/locale/provider/JRELocaleProviderAdapter getDecimalFormatSymbolsProvider ()Ljava/text/spi/DecimalFormatSymbolsProvider; 8 <appendix> member <vmtarget> ; # sun/util/locale/provider/JRELocaleProviderAdapter$$Lambda+0x00000008001697f8
instanceKlass java/text/DecimalFormatSymbols
instanceKlass  @bci sun/util/cldr/CLDRLocaleProviderAdapter applyAliases (Ljava/util/Locale;)Ljava/util/Locale; 4 <appendix> argL0 ; # sun/util/cldr/CLDRLocaleProviderAdapter$$Lambda+0x0000000800168b40
instanceKlass java/util/Locale$Builder
instanceKlass sun/util/locale/provider/CalendarDataUtility
instanceKlass  @bci sun/util/locale/provider/JRELocaleProviderAdapter getDateFormatSymbolsProvider ()Ljava/text/spi/DateFormatSymbolsProvider; 8 <appendix> member <vmtarget> ; # sun/util/locale/provider/JRELocaleProviderAdapter$$Lambda+0x0000000800168278
instanceKlass java/text/DateFormatSymbols
instanceKlass java/time/LocalDate$1
instanceKlass java/time/ZonedDateTime$1
instanceKlass java/util/Calendar
instanceKlass java/util/Date
instanceKlass java/util/Formatter$DateTime
instanceKlass  @bci jdk/internal/module/SystemModuleFinders$SystemModuleReader open (Ljava/lang/String;)Ljava/util/Optional; 6 <appendix> member <vmtarget> ; # jdk/internal/module/SystemModuleFinders$SystemModuleReader$$Lambda+0x0000000800166ea8
instanceKlass  @bci java/util/ResourceBundle$ResourceBundleProviderHelper loadPropertyResourceBundle (Ljava/lang/Module;Ljava/lang/Module;Ljava/lang/String;Ljava/util/Locale;)Ljava/util/ResourceBundle; 14 <appendix> member <vmtarget> ; # java/util/ResourceBundle$ResourceBundleProviderHelper$$Lambda+0x0000000800166c70
instanceKlass  @bci java/util/ResourceBundle$ResourceBundleProviderHelper loadResourceBundle (Ljava/lang/Module;Ljava/lang/Module;Ljava/lang/String;Ljava/util/Locale;)Ljava/util/ResourceBundle; 13 <appendix> member <vmtarget> ; # java/util/ResourceBundle$ResourceBundleProviderHelper$$Lambda+0x0000000800166550
instanceKlass java/util/ResourceBundle$3
instanceKlass  @bci java/util/ResourceBundle getLoader (Ljava/lang/Module;)Ljava/lang/ClassLoader; 6 <appendix> member <vmtarget> ; # java/util/ResourceBundle$$Lambda+0x00000008001660d0
instanceKlass java/util/ResourceBundle$CacheKeyReference
instanceKlass java/util/ResourceBundle$CacheKey
instanceKlass java/util/logging/Level$RbAccess
instanceKlass  @bci javax/swing/text/StyleContext registerStaticAttributeKey (Ljava/lang/Object;)V 11 <appendix> form vmentry <vmtarget> ; # java/lang/invoke/LambdaForm$MH+0x0000000800111800
instanceKlass  @bci sun/datatransfer/DataFlavorUtil$DataFlavorComparator compare (Ljava/awt/datatransfer/DataFlavor;Ljava/awt/datatransfer/DataFlavor;)I 26 <appendix> argL3 form vmentry <vmtarget> ; # java/lang/invoke/LambdaForm$MH+0x0000000800111000
instanceKlass java/lang/invoke/MethodHandles$1
instanceKlass  @bci javax/swing/text/html/parser/Parser error (Ljava/lang/String;Ljava/lang/String;Ljava/lang/String;Ljava/lang/String;)V 10 <appendix> argL3 argL2 form vmentry <vmtarget> ; # java/lang/invoke/LambdaForm$MH+0x0000000800110c00
instanceKlass  @bci javax/swing/text/html/parser/Parser error (Ljava/lang/String;Ljava/lang/String;Ljava/lang/String;Ljava/lang/String;)V 10 <appendix> argL1 argL0 form vmentry <vmtarget> ; # java/lang/invoke/LambdaForm$MH+0x000000080010fc00
instanceKlass  @bci sun/datatransfer/DataFlavorUtil$DataFlavorComparator compare (Ljava/awt/datatransfer/DataFlavor;Ljava/awt/datatransfer/DataFlavor;)I 26 <appendix> argL1 argL0 form vmentry <vmtarget> ; # java/lang/invoke/LambdaForm$MH+0x000000080010f400
# instanceKlass java/lang/invoke/LambdaForm$MH+0x000000080010f000
# instanceKlass java/lang/invoke/LambdaForm$MH+0x000000080010ec00
instanceKlass java/lang/Long$LongCache
instanceKlass  @bci java/util/logging/LogRecord inferCaller ()V 18 <appendix> member <vmtarget> ; # java/util/logging/LogRecord$$Lambda+0x0000000800163fc0
instanceKlass  @cpi org/freeplane/features/url/mindmapmode/ExternalMapChangeMonitor 190 form vmentry <vmtarget> ; # java/lang/invoke/LambdaForm$DMH+0x000000080010e400
instanceKlass java/lang/StackStreamFactory$FrameBuffer
instanceKlass java/lang/StackStreamFactory
instanceKlass  @bci java/util/logging/LogRecord$CallerFinder get ()Ljava/util/Optional; 4 <appendix> member <vmtarget> ; # java/util/logging/LogRecord$CallerFinder$$Lambda+0x0000000800162710
instanceKlass  @bci java/util/logging/LogRecord$CallerFinder <clinit> ()V 0 <appendix> argL0 ; # java/util/logging/LogRecord$CallerFinder$$Lambda+0x0000000800162080
instanceKlass java/util/logging/LogRecord$CallerFinder
instanceKlass java/time/ZonedDateTime
instanceKlass java/time/chrono/ChronoZonedDateTime
instanceKlass java/time/LocalTime
instanceKlass java/time/temporal/ValueRange
instanceKlass java/time/temporal/TemporalUnit
instanceKlass java/time/temporal/TemporalField
instanceKlass java/time/LocalDate
instanceKlass java/time/chrono/ChronoLocalDate
instanceKlass java/time/zone/ZoneOffsetTransition
instanceKlass  @bci java/time/ZoneOffset ofTotalSeconds (I)Ljava/time/ZoneOffset; 37 <appendix> argL0 ; # java/time/ZoneOffset$$Lambda+0x000000080015f450
instanceKlass java/time/LocalDateTime
instanceKlass java/time/chrono/ChronoLocalDateTime
instanceKlass java/time/zone/ZoneOffsetTransitionRule
instanceKlass java/time/zone/ZoneRules
instanceKlass java/time/zone/Ser
instanceKlass java/io/Externalizable
instanceKlass java/time/zone/ZoneRulesProvider$1
instanceKlass java/time/zone/ZoneRulesProvider
instanceKlass sun/util/calendar/ZoneInfoFile$ZoneOffsetTransitionRule
instanceKlass jdk/internal/util/ByteArray
instanceKlass sun/util/calendar/ZoneInfoFile$1
instanceKlass sun/util/calendar/ZoneInfoFile
instanceKlass java/util/TimeZone
instanceKlass java/time/ZoneId
instanceKlass java/util/logging/LogManager$CloseOnReset
instanceKlass java/util/logging/StreamHandler$1
instanceKlass java/util/logging/Handler$1
instanceKlass java/util/logging/ErrorManager
instanceKlass jdk/internal/logger/SimpleConsoleLogger$Formatting
instanceKlass sun/util/logging/PlatformLogger
instanceKlass sun/util/logging/PlatformLogger$ConfigurableBridge$LoggerConfiguration
instanceKlass  @bci java/util/logging/SimpleFormatter <init> ()V 5 <appendix> argL0 ; # java/util/logging/SimpleFormatter$$Lambda+0x0000000800157140
instanceKlass java/util/logging/Formatter
instanceKlass java/time/Clock
instanceKlass java/time/InstantSource
instanceKlass java/time/Instant
instanceKlass java/time/temporal/TemporalAdjuster
instanceKlass java/time/temporal/Temporal
instanceKlass java/time/temporal/TemporalAccessor
instanceKlass java/util/logging/LogRecord
instanceKlass jdk/internal/logger/DefaultLoggerFinder$1
instanceKlass java/util/logging/Logger$SystemLoggerHelper$1
instanceKlass java/util/logging/Logger$SystemLoggerHelper
instanceKlass java/util/logging/LogManager$4
instanceKlass jdk/internal/logger/BootstrapLogger$BootstrapExecutors
instanceKlass jdk/internal/logger/BootstrapLogger$RedirectedLoggers
instanceKlass jdk/internal/loader/URLClassPath$1
instanceKlass java/lang/CompoundEnumeration
instanceKlass jdk/internal/loader/BuiltinClassLoader$1
instanceKlass java/util/Spliterators$1Adapter
instanceKlass jdk/internal/logger/BootstrapLogger$DetectBackend$1
instanceKlass jdk/internal/logger/BootstrapLogger$DetectBackend
instanceKlass jdk/internal/logger/BootstrapLogger
instanceKlass sun/util/logging/PlatformLogger$ConfigurableBridge
instanceKlass sun/util/logging/PlatformLogger$Bridge
instanceKlass java/util/stream/Streams
instanceKlass java/util/stream/Streams$AbstractStreamBuilderImpl
instanceKlass java/util/stream/Stream$Builder
instanceKlass  @bci java/util/stream/FindOps$FindSink$OfRef <clinit> ()V 43 <appendix> argL0 ; # java/util/stream/FindOps$FindSink$OfRef$$Lambda+0x0000000800151de8
instanceKlass  @bci java/util/stream/FindOps$FindSink$OfRef <clinit> ()V 38 <appendix> argL0 ; # java/util/stream/FindOps$FindSink$OfRef$$Lambda+0x0000000800151b88
instanceKlass  @bci java/util/stream/FindOps$FindSink$OfRef <clinit> ()V 16 <appendix> argL0 ; # java/util/stream/FindOps$FindSink$OfRef$$Lambda+0x0000000800151958
instanceKlass  @bci java/util/stream/FindOps$FindSink$OfRef <clinit> ()V 11 <appendix> argL0 ; # java/util/stream/FindOps$FindSink$OfRef$$Lambda+0x00000008001516f8
instanceKlass java/util/stream/FindOps$FindOp
instanceKlass java/util/stream/FindOps$FindSink
instanceKlass java/util/stream/FindOps
instanceKlass  @bci java/util/logging/Level$KnownLevel findByName (Ljava/lang/String;Ljava/util/function/Function;)Ljava/util/Optional; 29 <appendix> argL0 ; # java/util/logging/Level$KnownLevel$$Lambda+0x0000000800150a30
instanceKlass java/util/ArrayList$ArrayListSpliterator
instanceKlass  @bci java/util/logging/Level findLevel (Ljava/lang/String;)Ljava/util/logging/Level; 13 <appendix> argL0 ; # java/util/logging/Level$$Lambda+0x0000000800150558
instanceKlass java/util/Collections$3
instanceKlass java/util/logging/LogManager$LoggerContext$1
instanceKlass java/util/logging/LogManager$VisitedLoggers
instanceKlass  @bci sun/awt/datatransfer/SunClipboard <init> (Ljava/lang/String;)V 16 <appendix> form vmentry <vmtarget> ; # java/lang/invoke/LambdaForm$MH+0x000000080010e000
instanceKlass java/util/logging/LogManager$2
instanceKlass java/lang/System$LoggerFinder
instanceKlass java/util/logging/LogManager$LoggingProviderAccess
instanceKlass sun/util/logging/internal/LoggingProviderImpl$LogManagerAccess
instanceKlass java/lang/Shutdown$Lock
instanceKlass java/lang/Shutdown
instanceKlass java/lang/ApplicationShutdownHooks$1
instanceKlass java/lang/ApplicationShutdownHooks
instanceKlass java/util/logging/LogManager$LogNode
instanceKlass java/util/logging/LogManager$LoggerContext
instanceKlass java/util/logging/LogManager$1
instanceKlass java/util/logging/LogManager
instanceKlass java/util/logging/Logger$ConfigurationData
instanceKlass java/util/logging/Logger$LoggerBundle
instanceKlass  @bci java/util/logging/Level$KnownLevel add (Ljava/util/logging/Level;)V 49 <appendix> argL0 ; # java/util/logging/Level$KnownLevel$$Lambda+0x000000080014c448
instanceKlass  @bci java/util/logging/Level$KnownLevel add (Ljava/util/logging/Level;)V 19 <appendix> argL0 ; # java/util/logging/Level$KnownLevel$$Lambda+0x000000080014c1f8
instanceKlass java/util/logging/Level
instanceKlass java/util/logging/Handler
instanceKlass java/util/logging/Logger
instanceKlass org/freeplane/core/util/LogUtils
instanceKlass org/knopflerfish/framework/SecurePermissionOps$1
instanceKlass java/util/Vector$Itr
instanceKlass org/knopflerfish/framework/SecurePermissionOps$23
instanceKlass org/freeplane/main/application/ApplicationResourceController$2
instanceKlass org/freeplane/main/application/UserReadmeWriter
instanceKlass org/freeplane/main/application/UserPropertiesUpdater
instanceKlass org/freeplane/main/application/ApplicationLifecycleListener
instanceKlass org/freeplane/features/filter/condition/IElementaryConditionController
instanceKlass javax/swing/AbstractAction
instanceKlass org/freeplane/core/ui/IFreeplaneAction
instanceKlass javax/swing/Action
instanceKlass org/freeplane/core/extension/IExtension
instanceKlass javax/accessibility/Accessible
instanceKlass java/awt/Component
instanceKlass java/awt/MenuContainer
instanceKlass java/awt/image/ImageObserver
instanceKlass org/freeplane/core/ui/menubuilders/generic/EntryVisitor
instanceKlass org/freeplane/features/mode/FreeplaneActions
instanceKlass org/freeplane/features/map/IMapChangeListener
instanceKlass org/freeplane/features/map/ComparableByPriority
instanceKlass java/awt/event/ActionListener
instanceKlass org/freeplane/main/application/FreeplaneGUIStarter
instanceKlass sun/awt/PlatformGraphicsInfo
instanceKlass  @bci java/awt/GraphicsEnvironment getHeadlessProperty ()Z 6 <appendix> argL0 ; # java/awt/GraphicsEnvironment$$Lambda+0x00000008001467f8
instanceKlass java/awt/GraphicsEnvironment
instanceKlass org/freeplane/core/util/Compat
instanceKlass org/freeplane/main/application/CommandLineParser$CommandLineParserOptions
instanceKlass org/freeplane/main/application/CommandLineOptions
instanceKlass org/freeplane/main/application/CommandLineParser
instanceKlass org/freeplane/core/resources/IFreeplanePropertyListener
instanceKlass javax/swing/Icon
instanceKlass org/freeplane/api/PhysicalUnit
instanceKlass org/freeplane/core/resources/ResourceController
instanceKlass org/osgi/service/url/URLStreamHandlerService
instanceKlass org/freeplane/main/application/FreeplaneStarter
instanceKlass org/freeplane/main/mindmapmode/stylemode/ExtensionInstaller
instanceKlass org/freeplane/main/osgi/ConnectionHandler
instanceKlass org/freeplane/main/osgi/ActivatorImpl
instanceKlass java/lang/Class$1
instanceKlass org/knopflerfish/framework/WeavingHooks$DynamicListIterator
instanceKlass org/freeplane/main/osgi/Activator
instanceKlass org/knopflerfish/framework/WeavingHooks$DynamicImportList
instanceKlass org/knopflerfish/framework/WeavingHooks$WovenClassImpl
instanceKlass org/knopflerfish/framework/SecurePermissionOps$3
instanceKlass java/lang/reflect/Proxy$ProxyBuilder$1
instanceKlass jdk/internal/org/objectweb/asm/Edge
instanceKlass  @bci java/lang/reflect/ProxyGenerator addProxyMethod (Ljava/lang/reflect/Method;Ljava/lang/Class;)V 23 <appendix> argL0 ; # java/lang/reflect/ProxyGenerator$$Lambda+0x0000000800144388
instanceKlass  @bci java/lang/reflect/ProxyGenerator addProxyMethod (Ljava/lang/reflect/ProxyGenerator$ProxyMethod;)V 10 <appendix> argL0 ; # java/lang/reflect/ProxyGenerator$$Lambda+0x0000000800144138
instanceKlass java/lang/reflect/ProxyGenerator$ProxyMethod
instanceKlass  @bci java/lang/reflect/Proxy getLoader (Ljava/lang/Module;)Ljava/lang/ClassLoader; 6 <appendix> member <vmtarget> ; # java/lang/reflect/Proxy$$Lambda+0x00000008001439b0
instanceKlass  @bci java/lang/module/ModuleDescriptor$Builder packages (Ljava/util/Set;)Ljava/lang/module/ModuleDescriptor$Builder; 17 <appendix> argL0 ; # java/lang/module/ModuleDescriptor$Builder$$Lambda+0x0000000800143550
instanceKlass java/lang/module/ModuleDescriptor$Builder
instanceKlass  @bci java/lang/reflect/Proxy$ProxyBuilder getDynamicModule (Ljava/lang/ClassLoader;)Ljava/lang/Module; 4 <appendix> argL0 ; # java/lang/reflect/Proxy$ProxyBuilder$$Lambda+0x00000008001430f0
instanceKlass java/lang/PublicMethods
instanceKlass java/lang/reflect/Proxy$ProxyBuilder
instanceKlass  @bci java/lang/reflect/Proxy getProxyConstructor (Ljava/lang/Class;Ljava/lang/ClassLoader;[Ljava/lang/Class;)Ljava/lang/reflect/Constructor; 35 <appendix> argL0 ; # java/lang/reflect/Proxy$$Lambda+0x00000008001423d8
instanceKlass sun/reflect/annotation/AnnotationInvocationHandler
instanceKlass sun/reflect/annotation/AnnotationParser$1
instanceKlass sun/reflect/annotation/ExceptionProxy
instanceKlass java/lang/annotation/Target
instanceKlass java/lang/annotation/Inherited
instanceKlass java/lang/annotation/Retention
instanceKlass sun/reflect/annotation/AnnotationType$1
instanceKlass sun/reflect/annotation/AnnotationType
instanceKlass java/lang/reflect/GenericArrayType
instanceKlass jdk/internal/vm/annotation/IntrinsicCandidate
instanceKlass sun/reflect/generics/visitor/Reifier
instanceKlass sun/reflect/generics/visitor/TypeTreeVisitor
instanceKlass sun/reflect/generics/factory/CoreReflectionFactory
instanceKlass sun/reflect/generics/factory/GenericsFactory
instanceKlass sun/reflect/generics/scope/AbstractScope
instanceKlass sun/reflect/generics/scope/Scope
instanceKlass sun/reflect/generics/tree/ClassTypeSignature
instanceKlass sun/reflect/generics/tree/SimpleClassTypeSignature
instanceKlass sun/reflect/generics/tree/FieldTypeSignature
instanceKlass sun/reflect/generics/tree/BaseType
instanceKlass sun/reflect/generics/tree/TypeSignature
instanceKlass sun/reflect/generics/tree/ReturnType
instanceKlass sun/reflect/generics/tree/TypeArgument
instanceKlass sun/reflect/generics/tree/TypeTree
instanceKlass sun/reflect/generics/tree/Tree
instanceKlass sun/reflect/generics/parser/SignatureParser
instanceKlass java/util/stream/ReduceOps$Box
instanceKlass java/util/stream/ReduceOps$AccumulatingSink
instanceKlass java/util/stream/ReduceOps$ReduceOp
instanceKlass java/util/stream/ReduceOps
instanceKlass  @bci java/util/stream/Collectors joining (Ljava/lang/CharSequence;Ljava/lang/CharSequence;Ljava/lang/CharSequence;)Ljava/util/stream/Collector; 22 <appendix> argL0 ; # java/util/stream/Collectors$$Lambda+0x00000008000fc548
instanceKlass  @bci java/util/stream/Collectors joining (Ljava/lang/CharSequence;Ljava/lang/CharSequence;Ljava/lang/CharSequence;)Ljava/util/stream/Collector; 17 <appendix> argL0 ; # java/util/stream/Collectors$$Lambda+0x00000008000fc2f0
instanceKlass java/util/function/BinaryOperator
instanceKlass  @bci java/util/stream/Collectors joining (Ljava/lang/CharSequence;Ljava/lang/CharSequence;Ljava/lang/CharSequence;)Ljava/util/stream/Collector; 12 <appendix> argL0 ; # java/util/stream/Collectors$$Lambda+0x00000008000fbea0
instanceKlass java/util/function/BiConsumer
instanceKlass  @bci java/util/stream/Collectors joining (Ljava/lang/CharSequence;Ljava/lang/CharSequence;Ljava/lang/CharSequence;)Ljava/util/stream/Collector; 7 <appendix> member <vmtarget> ; # java/util/stream/Collectors$$Lambda+0x00000008000fba58
instanceKlass java/util/stream/Collector
instanceKlass java/util/stream/Collectors
instanceKlass  @bci java/lang/Class methodToString (Ljava/lang/String;[Ljava/lang/Class;)Ljava/lang/String; 42 <appendix> argL0 ; # java/lang/Class$$Lambda+0x00000008000fa078
instanceKlass java/util/Spliterators$ArraySpliterator
instanceKlass java/lang/Thread$1
instanceKlass java/lang/Thread$Caches
instanceKlass org/knopflerfish/framework/SecurePermissionOps$6
instanceKlass jdk/internal/foreign/MemorySessionImpl
instanceKlass java/lang/foreign/MemorySegment$Scope
instanceKlass org/knopflerfish/framework/BundleClassPath
instanceKlass org/knopflerfish/framework/BundleClassLoader$3
instanceKlass org/knopflerfish/framework/BundleClassLoader$2
instanceKlass org/knopflerfish/framework/BundleClassLoader$1
instanceKlass org/knopflerfish/framework/BundleClassLoader$SearchAction
instanceKlass org/knopflerfish/framework/SecurePermissionOps$12
instanceKlass org/knopflerfish/framework/BundleWireImpl
instanceKlass org/osgi/framework/wiring/BundleWire
instanceKlass org/osgi/resource/Wire
instanceKlass java/util/LinkedList$ListItr
instanceKlass java/util/LinkedList$Node
# instanceKlass java/lang/invoke/LambdaForm$MH+0x0000000800100c00
instanceKlass org/osgi/framework/FrameworkUtil$SetAccessibleAction
instanceKlass java/util/Collections$ReverseComparator
instanceKlass org/knopflerfish/framework/SecurePermissionOps$5
instanceKlass org/knopflerfish/framework/SecurePermissionOps$9
instanceKlass org/osgi/framework/hooks/bundle/EventHook
instanceKlass org/knopflerfish/framework/permissions/ConditionalPermissionSecurityManager
instanceKlass java/util/Arrays$ArrayItr
instanceKlass java/util/LinkedHashMap$LinkedHashIterator
instanceKlass java/io/FilenameFilter
instanceKlass org/knopflerfish/framework/bundlestorage/file/Archive
instanceKlass org/knopflerfish/framework/FileArchive
instanceKlass org/knopflerfish/framework/bundlestorage/file/BundleArchiveImpl
instanceKlass org/knopflerfish/framework/SecurePermissionOps$14
instanceKlass jdk/internal/icu/text/ReplaceableString
instanceKlass jdk/internal/icu/text/Replaceable
instanceKlass jdk/internal/icu/text/UCharacterIterator
instanceKlass jdk/internal/icu/text/NormalizerBase
instanceKlass jdk/internal/icu/text/NormalizerBase$Mode
instanceKlass sun/text/CollatorUtilities
instanceKlass java/text/CollationElementIterator
instanceKlass sun/text/ComposedCharIter
instanceKlass java/text/EntryPair
instanceKlass java/text/PatternEntry
instanceKlass java/text/PatternEntry$Parser
instanceKlass java/text/MergeCollation
instanceKlass jdk/internal/icu/lang/UCharacter
instanceKlass jdk/internal/icu/text/UTF16
instanceKlass jdk/internal/icu/impl/NormalizerImpl$UTF16Plus
instanceKlass jdk/internal/icu/util/CodePointTrie$Data
instanceKlass jdk/internal/icu/util/CodePointMap
instanceKlass jdk/internal/icu/util/VersionInfo
instanceKlass jdk/internal/icu/impl/ICUBinary$1
instanceKlass jdk/internal/icu/impl/ICUBinary
instanceKlass jdk/internal/icu/impl/Norm2AllModes$Norm2AllModesSingleton
instanceKlass jdk/internal/icu/impl/Norm2AllModes$NFCSingleton
instanceKlass jdk/internal/icu/impl/Norm2AllModes
instanceKlass jdk/internal/icu/text/Normalizer2
instanceKlass jdk/internal/icu/impl/NormalizerImpl$IsAcceptable
instanceKlass jdk/internal/icu/impl/ICUBinary$Authenticate
instanceKlass jdk/internal/icu/impl/NormalizerImpl
instanceKlass sun/text/UCompactIntArray
instanceKlass sun/text/IntHashtable
instanceKlass java/text/RBCollationTables$BuildAPI
instanceKlass java/text/RBTableBuilder
instanceKlass java/text/RBCollationTables
instanceKlass sun/util/resources/Bundles$CacheKeyReference
instanceKlass  @bci java/util/ResourceBundle$ResourceBundleProviderHelper newResourceBundle (Ljava/lang/Class;)Ljava/util/ResourceBundle; 22 <appendix> member <vmtarget> ; # java/util/ResourceBundle$ResourceBundleProviderHelper$$Lambda+0x00000008000ed998
instanceKlass java/util/ResourceBundle$ResourceBundleProviderHelper
instanceKlass sun/util/resources/Bundles$CacheKey
instanceKlass java/util/ResourceBundle$1
instanceKlass jdk/internal/access/JavaUtilResourceBundleAccess
instanceKlass sun/util/resources/Bundles
instanceKlass sun/util/resources/LocaleData$LocaleDataStrategy
instanceKlass sun/util/resources/Bundles$Strategy
instanceKlass sun/util/resources/LocaleData$1
instanceKlass sun/util/resources/LocaleData
instanceKlass java/util/regex/ASCII
instanceKlass sun/util/locale/provider/LocaleResources
instanceKlass java/util/ResourceBundle$Control
instanceKlass java/util/regex/IntHashSet
instanceKlass java/util/regex/Matcher
instanceKlass java/util/regex/MatchResult
instanceKlass java/util/Collections$EmptyEnumeration
instanceKlass java/util/ServiceLoader$LazyClassPathLookupIterator$1
instanceKlass sun/util/resources/provider/NonBaseLocaleDataMetaInfo
instanceKlass  @bci sun/util/locale/provider/JRELocaleProviderAdapter createSupportedLocaleString (Ljava/lang/String;)Ljava/lang/String; 6 <appendix> member <vmtarget> ; # sun/util/locale/provider/JRELocaleProviderAdapter$$Lambda+0x00000008000e9bc0
instanceKlass sun/util/locale/provider/BaseLocaleDataMetaInfo
instanceKlass sun/util/locale/provider/AvailableLanguageTags
instanceKlass  @bci sun/util/locale/provider/JRELocaleProviderAdapter getCollatorProvider ()Ljava/text/spi/CollatorProvider; 8 <appendix> member <vmtarget> ; # sun/util/locale/provider/JRELocaleProviderAdapter$$Lambda+0x00000008000e92b8
instanceKlass java/util/ServiceLoader$ProviderImpl$2
instanceKlass java/util/ServiceLoader$ProviderImpl
instanceKlass java/util/ServiceLoader$Provider
instanceKlass java/util/ServiceLoader$1
instanceKlass sun/util/resources/cldr/provider/CLDRLocaleDataMetaInfo
instanceKlass jdk/internal/module/ModulePatcher$PatchedModuleReader
instanceKlass  @bci jdk/internal/loader/BuiltinClassLoader findClassInModuleOrNull (Ljdk/internal/loader/BuiltinClassLoader$LoadedModule;Ljava/lang/String;)Ljava/lang/Class; 16 <appendix> member <vmtarget> ; # jdk/internal/loader/BuiltinClassLoader$$Lambda+0x00000008000e84b8
instanceKlass  @bci java/lang/Class forName (Ljava/lang/Module;Ljava/lang/String;Ljava/lang/Class;)Ljava/lang/Class; 46 <appendix> member <vmtarget> ; # java/lang/Class$$Lambda+0x00000008000e8280
instanceKlass  @bci java/util/ServiceLoader loadProvider (Ljdk/internal/module/ServicesCatalog$ServiceProvider;)Ljava/util/ServiceLoader$Provider; 81 <appendix> member <vmtarget> ; # java/util/ServiceLoader$$Lambda+0x00000008000e8048
instanceKlass java/util/ServiceLoader$3
instanceKlass java/util/ServiceLoader$2
instanceKlass java/util/ServiceLoader$LazyClassPathLookupIterator
instanceKlass java/util/concurrent/CopyOnWriteArrayList$COWIterator
instanceKlass java/util/ServiceLoader$ModuleServicesLookupIterator
instanceKlass java/util/ServiceLoader
instanceKlass  @bci sun/util/cldr/CLDRLocaleProviderAdapter <init> ()V 4 <appendix> argL0 ; # sun/util/cldr/CLDRLocaleProviderAdapter$$Lambda+0x00000008000e6f70
instanceKlass sun/util/locale/LocaleObjectCache
instanceKlass sun/util/locale/BaseLocale$Key
instanceKlass sun/util/locale/InternalLocaleBuilder$CaseInsensitiveChar
instanceKlass sun/util/locale/InternalLocaleBuilder
instanceKlass sun/util/locale/StringTokenIterator
instanceKlass sun/util/locale/ParseStatus
instanceKlass sun/util/locale/LanguageTag
instanceKlass sun/util/cldr/CLDRBaseLocaleDataMetaInfo
instanceKlass sun/util/locale/provider/LocaleDataMetaInfo
instanceKlass sun/util/locale/provider/ResourceBundleBasedAdapter
instanceKlass sun/util/locale/provider/LocaleProviderAdapter
instanceKlass java/util/spi/LocaleServiceProvider
instanceKlass java/text/Collator
instanceKlass sun/net/www/MimeEntry
instanceKlass java/util/TimSort
instanceKlass java/util/AbstractMap$SimpleEntry
instanceKlass jdk/internal/jimage/ImageBufferCache$2
instanceKlass jdk/internal/jimage/ImageBufferCache
instanceKlass jdk/internal/loader/BuiltinClassLoader$3
instanceKlass sun/net/www/MimeTable$DefaultInstanceHolder$1
instanceKlass sun/net/www/MimeTable$DefaultInstanceHolder
instanceKlass sun/net/www/MimeTable$2
instanceKlass sun/net/www/MimeTable$1
instanceKlass sun/net/www/MimeTable
instanceKlass java/net/URLConnection$1
instanceKlass java/net/FileNameMap
instanceKlass org/osgi/framework/PrototypeServiceFactory
instanceKlass org/knopflerfish/framework/StartLevelController$1
instanceKlass org/knopflerfish/framework/StartLevelController$2
instanceKlass org/osgi/service/startlevel/StartLevel
instanceKlass org/knopflerfish/framework/StartLevelController
instanceKlass org/osgi/service/packageadmin/ExportedPackage
instanceKlass org/knopflerfish/framework/PackageAdminImpl
instanceKlass org/osgi/service/packageadmin/PackageAdmin
instanceKlass org/osgi/framework/hooks/service/EventListenerHook
instanceKlass org/osgi/framework/hooks/service/EventHook
instanceKlass org/knopflerfish/framework/SecurePermissionOps$16
instanceKlass org/knopflerfish/framework/ServiceReferenceImpl
instanceKlass org/knopflerfish/framework/ServiceRegistrationImpl
instanceKlass org/knopflerfish/framework/SecurePermissionOps$24
instanceKlass org/osgi/framework/ServiceFactory
instanceKlass org/knopflerfish/framework/WeavingHooks$1
instanceKlass org/osgi/framework/hooks/weaving/WeavingHook
instanceKlass org/knopflerfish/framework/ResolverHooks$1
instanceKlass org/osgi/framework/hooks/resolver/ResolverHookFactory
instanceKlass org/osgi/framework/UnfilteredServiceListener
instanceKlass org/knopflerfish/framework/LDAPExpr$ParseState
instanceKlass java/util/Random
instanceKlass java/util/random/RandomGenerator
instanceKlass java/math/MathContext
instanceKlass org/knopflerfish/framework/LDAPExpr
instanceKlass org/knopflerfish/framework/ListenerEntry
instanceKlass org/osgi/framework/hooks/service/ListenerHook$ListenerInfo
instanceKlass org/osgi/framework/FrameworkUtil$FilterImpl$Parser
instanceKlass org/osgi/framework/FrameworkUtil$FilterImpl
instanceKlass org/osgi/framework/Filter
instanceKlass org/osgi/framework/FrameworkUtil
instanceKlass org/knopflerfish/framework/ServiceHooks$1
instanceKlass org/osgi/framework/hooks/service/ListenerHook
instanceKlass org/osgi/framework/AllServiceListener
instanceKlass org/osgi/util/tracker/AbstractTracked
instanceKlass org/osgi/framework/ServiceListener
instanceKlass org/osgi/util/tracker/ServiceTracker
instanceKlass org/knopflerfish/framework/Bundles
instanceKlass org/knopflerfish/framework/FrameworkWiringImpl
instanceKlass org/osgi/framework/wiring/FrameworkWiring
instanceKlass org/knopflerfish/framework/Pkg$2
instanceKlass org/knopflerfish/framework/Pkg$1
instanceKlass org/knopflerfish/framework/Pkg
instanceKlass java/util/Collections$1
instanceKlass org/osgi/framework/wiring/BundleWiring
instanceKlass org/osgi/resource/Wiring
instanceKlass org/knopflerfish/framework/DTOId
instanceKlass org/knopflerfish/framework/BundlePackages$4
instanceKlass org/knopflerfish/framework/BundlePackages$3
instanceKlass org/knopflerfish/framework/BundlePackages$2
instanceKlass org/knopflerfish/framework/BundlePackages$1
instanceKlass org/knopflerfish/framework/BundlePackages
instanceKlass org/knopflerfish/framework/BundleGeneration
instanceKlass java/util/NavigableSet
instanceKlass org/osgi/framework/VersionRange
instanceKlass org/osgi/framework/ServiceObjects
instanceKlass org/knopflerfish/framework/BundleContextImpl
instanceKlass org/osgi/framework/hooks/weaving/WovenClass
instanceKlass org/knopflerfish/framework/WeavingHooks
instanceKlass org/knopflerfish/framework/ResolverHooks
instanceKlass org/knopflerfish/framework/BundleHooks
instanceKlass org/osgi/util/tracker/ServiceTrackerCustomizer
instanceKlass org/knopflerfish/framework/ServiceHooks
instanceKlass org/knopflerfish/framework/Services$1
instanceKlass org/knopflerfish/framework/Util$Comparator
instanceKlass org/knopflerfish/framework/Services
instanceKlass org/knopflerfish/framework/Capabilities
instanceKlass org/osgi/framework/wiring/BundleCapability
instanceKlass org/osgi/resource/Capability
instanceKlass org/osgi/framework/wiring/BundleRequirement
instanceKlass org/osgi/resource/Requirement
instanceKlass org/knopflerfish/framework/Resolver
instanceKlass java/lang/Thread$Builder$OfVirtual
instanceKlass java/lang/Thread$Builder$OfPlatform
instanceKlass java/lang/Thread$Builder
instanceKlass java/time/Duration
instanceKlass java/time/temporal/TemporalAmount
instanceKlass org/knopflerfish/framework/BundleArchive
instanceKlass org/knopflerfish/framework/bundlestorage/file/BundleStorageImpl
instanceKlass org/knopflerfish/framework/BundleStorage
instanceKlass java/net/ContentHandler
instanceKlass org/knopflerfish/framework/ServiceContentHandlerFactory
instanceKlass org/knopflerfish/framework/ServiceListenerState
instanceKlass org/knopflerfish/framework/permissions/FrameworkPolicy$1
instanceKlass org/osgi/framework/ServiceReference
instanceKlass java/util/EventObject
instanceKlass org/knopflerfish/framework/Listeners
instanceKlass java/security/Policy$3
instanceKlass org/knopflerfish/framework/permissions/ConditionalPermissionAdminImpl
instanceKlass org/osgi/service/condpermadmin/ConditionalPermissionAdmin
instanceKlass org/osgi/service/condpermadmin/ConditionalPermissionUpdate
instanceKlass org/osgi/service/condpermadmin/ConditionalPermissionInfo
instanceKlass org/knopflerfish/framework/permissions/ConditionalPermissionInfoStorage
instanceKlass org/knopflerfish/framework/permissions/PermissionAdminImpl
instanceKlass org/osgi/service/permissionadmin/PermissionAdmin
instanceKlass org/osgi/service/permissionadmin/PermissionInfo
instanceKlass org/knopflerfish/framework/permissions/PermissionInfoStorage
instanceKlass org/knopflerfish/framework/permissions/PermissionsHandle
instanceKlass org/osgi/framework/hooks/weaving/WovenClassListener
instanceKlass org/knopflerfish/framework/Util$HeaderEntry
instanceKlass org/knopflerfish/framework/Util$AttributeTokenizer
instanceKlass org/osgi/framework/FrameworkListener
instanceKlass java/util/EventListener
instanceKlass java/util/SortedSet
instanceKlass java/util/SequencedSet
instanceKlass org/osgi/framework/wiring/BundleRevision
instanceKlass org/osgi/resource/Resource
instanceKlass org/osgi/framework/BundleActivator
instanceKlass org/osgi/framework/BundleContext
instanceKlass org/osgi/framework/BundleReference
instanceKlass org/osgi/framework/ServiceRegistration
instanceKlass org/knopflerfish/framework/PermissionOps
instanceKlass org/osgi/framework/Version
instanceKlass org/knopflerfish/framework/Alias
instanceKlass org/knopflerfish/framework/Debug
instanceKlass org/knopflerfish/framework/FWProps
instanceKlass org/knopflerfish/framework/FrameworkFactoryImpl
instanceKlass org/osgi/framework/launch/FrameworkFactory
instanceKlass sun/net/www/protocol/jar/JarFileFactory
instanceKlass sun/net/www/protocol/jar/URLJarFile$URLJarFileCloseController
instanceKlass  @bci jdk/internal/loader/BuiltinClassLoader findResourceOnClassPath (Ljava/lang/String;)Ljava/net/URL; 25 <appendix> member <vmtarget> ; # jdk/internal/loader/BuiltinClassLoader$$Lambda+0x00000008000b6108
instanceKlass  @bci sun/net/www/protocol/jrt/JavaRuntimeURLConnection <clinit> ()V 0 <appendix> argL0 ; # sun/net/www/protocol/jrt/JavaRuntimeURLConnection$$Lambda+0x00000008000b5ed8
instanceKlass jdk/internal/loader/BuiltinClassLoader$2
instanceKlass java/util/ResourceBundle
instanceKlass java/lang/System$Logger
instanceKlass java/io/Console
instanceKlass org/knopflerfish/framework/Util
instanceKlass org/osgi/service/url/URLStreamHandlerSetter
instanceKlass org/knopflerfish/framework/ServiceURLStreamHandlerFactory
instanceKlass org/osgi/framework/launch/Framework
instanceKlass org/knopflerfish/framework/BundleImpl
instanceKlass org/osgi/framework/Bundle
instanceKlass java/net/ContentHandlerFactory
instanceKlass org/knopflerfish/framework/FrameworkContext
instanceKlass java/util/Hashtable$Enumerator
instanceKlass java/util/Collections$SynchronizedCollection
instanceKlass java/util/Properties$EntrySet
instanceKlass org/knopflerfish/framework/Main
instanceKlass java/security/AccessController$AccHolder
instanceKlass java/lang/ClassLoader$1
instanceKlass java/lang/ClassValue$Version
instanceKlass java/lang/ClassValue$Identity
instanceKlass java/lang/ClassValue
instanceKlass java/lang/reflect/InvocationHandler
instanceKlass java/lang/reflect/Proxy
instanceKlass sun/reflect/misc/ReflectUtil
instanceKlass jdk/internal/loader/BuiltinClassLoader$4
instanceKlass java/util/StringJoiner
instanceKlass java/security/PermissionsEnumerator
instanceKlass sun/net/www/MessageHeader
instanceKlass java/net/URLConnection
instanceKlass  @bci java/net/SocketPermissionCollection add (Ljava/security/Permission;)V 69 <appendix> member <vmtarget> ; # java/net/SocketPermissionCollection$$Lambda+0x00000008000afe20
instanceKlass  @bci java/security/UnresolvedPermissionCollection add (Ljava/security/Permission;)V 51 <appendix> member <vmtarget> ; # java/security/UnresolvedPermissionCollection$$Lambda+0x00000008000af988
instanceKlass  @bci java/util/PropertyPermissionCollection add (Ljava/security/Permission;)V 71 <appendix> member <vmtarget> ; # java/util/PropertyPermissionCollection$$Lambda+0x00000008000af4f0
instanceKlass  @bci java/io/FilePermissionCollection add (Ljava/security/Permission;)V 68 <appendix> argL0 ; # java/io/FilePermissionCollection$$Lambda+0x00000008000af060
instanceKlass sun/security/provider/PolicyFile$8
instanceKlass sun/security/provider/PolicyFile$6
# instanceKlass java/lang/invoke/LambdaForm$MH+0x00000008000c3400
instanceKlass java/nio/charset/StandardCharsets
instanceKlass sun/security/util/PolicyUtil
instanceKlass sun/security/provider/PolicyFile$4
instanceKlass sun/security/util/SecurityProperties
instanceKlass sun/security/util/FilePermCompat
instanceKlass java/io/FilePermission$1
instanceKlass jdk/internal/access/JavaIOFilePermissionAccess
instanceKlass java/util/Collections$UnmodifiableCollection$1
instanceKlass java/util/Collections$UnmodifiableCollection
instanceKlass java/util/ComparableTimSort
instanceKlass java/util/Arrays$LegacyMergeSort
instanceKlass java/net/HostPortrange
instanceKlass java/net/URLPermission$Authority
instanceKlass java/util/TreeMap$PrivateEntryIterator
instanceKlass java/lang/invoke/LambdaFormEditor$1
instanceKlass  @bci javax/swing/colorchooser/ColorModel <init> (Ljava/lang/String;[Ljava/lang/String;)V 6 <appendix> form vmentry <vmtarget> ; # java/lang/invoke/LambdaForm$MH+0x00000008000c2c00
instanceKlass sun/security/provider/PolicyFile$PolicyEntry
instanceKlass java/util/Vector$1
instanceKlass sun/security/util/PropertyExpander
instanceKlass sun/security/provider/PolicyParser$PermissionEntry
instanceKlass sun/security/provider/PolicyParser$GrantEntry
instanceKlass sun/nio/ch/IOStatus
instanceKlass sun/nio/ch/Util$BufferCache
instanceKlass sun/nio/ch/Util
instanceKlass sun/nio/ch/NativeThread
instanceKlass java/io/StreamTokenizer
instanceKlass sun/security/provider/PolicyParser
instanceKlass java/nio/channels/NetworkChannel
instanceKlass sun/nio/ch/SelChImpl
instanceKlass sun/nio/ch/Streams
instanceKlass java/nio/channels/Channels
instanceKlass sun/nio/ch/FileChannelImpl$Closer
instanceKlass sun/nio/ch/NativeThreadSet
instanceKlass sun/nio/ch/IOUtil
instanceKlass sun/nio/ch/NativeDispatcher
instanceKlass java/nio/channels/spi/AbstractInterruptibleChannel
instanceKlass java/nio/channels/InterruptibleChannel
instanceKlass java/nio/channels/ScatteringByteChannel
instanceKlass java/nio/channels/GatheringByteChannel
instanceKlass java/nio/channels/SeekableByteChannel
instanceKlass java/nio/channels/ByteChannel
instanceKlass java/nio/channels/WritableByteChannel
instanceKlass java/nio/channels/ReadableByteChannel
instanceKlass java/nio/channels/Channel
instanceKlass java/util/Collections$EmptyIterator
instanceKlass sun/nio/fs/WindowsChannelFactory$Flags
instanceKlass sun/nio/fs/WindowsChannelFactory$1
instanceKlass sun/nio/fs/WindowsChannelFactory
instanceKlass sun/nio/fs/WindowsSecurityDescriptor
instanceKlass java/nio/file/attribute/FileAttribute
instanceKlass java/io/Reader
instanceKlass sun/security/provider/PolicyFile$2
instanceKlass java/security/ProtectionDomain$JavaSecurityAccessImpl$1
instanceKlass jdk/internal/access/JavaSecurityAccess$ProtectionDomainCache
instanceKlass sun/security/provider/PolicyFile$PolicyInfo
instanceKlass sun/security/provider/PolicyFile$1
instanceKlass java/security/Policy$1
instanceKlass java/security/Policy$PolicyInfo
instanceKlass java/security/Policy
instanceKlass sun/security/util/SecurityConstants
instanceKlass java/lang/System$1
instanceKlass java/security/Security$1
instanceKlass jdk/internal/access/JavaSecurityPropertiesAccess
instanceKlass java/util/concurrent/ConcurrentHashMap$MapEntry
instanceKlass java/io/FileInputStream$1
instanceKlass java/util/Properties$LineReader
instanceKlass  @bci java/security/Security <clinit> ()V 9 <appendix> argL0 ; # java/security/Security$$Lambda+0x000000080009af88
instanceKlass java/security/Security
instanceKlass java/lang/SecurityManager$1
instanceKlass jdk/internal/jimage/ImageLocation
instanceKlass jdk/internal/jimage/decompressor/Decompressor
instanceKlass jdk/internal/jimage/ImageStringsReader
instanceKlass jdk/internal/jimage/ImageStrings
instanceKlass jdk/internal/jimage/ImageHeader
instanceKlass jdk/internal/jimage/NativeImageBuffer$1
instanceKlass jdk/internal/jimage/NativeImageBuffer
instanceKlass jdk/internal/jimage/BasicImageReader$1
instanceKlass jdk/internal/jimage/BasicImageReader
instanceKlass jdk/internal/jimage/ImageReader
instanceKlass jdk/internal/jimage/ImageReaderFactory$1
instanceKlass java/nio/file/FileSystems$DefaultFileSystemHolder$1
instanceKlass java/nio/file/FileSystems$DefaultFileSystemHolder
instanceKlass java/nio/file/FileSystems
instanceKlass java/nio/file/Paths
instanceKlass jdk/internal/jimage/ImageReaderFactory
instanceKlass jdk/internal/module/SystemModuleFinders$SystemImage
instanceKlass jdk/internal/module/SystemModuleFinders$SystemModuleReader
instanceKlass java/lang/module/ModuleReader
instanceKlass jdk/internal/loader/BuiltinClassLoader$5
instanceKlass jdk/internal/module/Checks
instanceKlass jdk/internal/module/Resources
instanceKlass java/util/Formatter$Flags
instanceKlass java/util/Formattable
instanceKlass java/util/Formatter$FormatSpecifier
instanceKlass java/util/Formatter$Conversion
instanceKlass java/util/Formatter$FixedString
instanceKlass java/util/Formatter$FormatString
instanceKlass java/util/regex/Pattern$TreeInfo
instanceKlass  @bci java/util/regex/Pattern union (Ljava/util/regex/Pattern$CharPredicate;Ljava/util/regex/Pattern$CharPredicate;Z)Ljava/util/regex/Pattern$CharPredicate; 6 <appendix> member <vmtarget> ; # java/util/regex/Pattern$$Lambda+0x00000008000942f0
instanceKlass  @bci java/util/regex/Pattern Range (II)Ljava/util/regex/Pattern$CharPredicate; 23 <appendix> member <vmtarget> ; # java/util/regex/Pattern$$Lambda+0x0000000800094050
instanceKlass java/util/regex/Pattern$BitClass
instanceKlass  @bci java/util/regex/CharPredicates ASCII_DIGIT ()Ljava/util/regex/Pattern$BmpCharPredicate; 0 <appendix> argL0 ; # java/util/regex/CharPredicates$$Lambda+0x0000000800092b80
instanceKlass java/util/regex/CharPredicates
instanceKlass  @bci java/util/regex/Pattern Single (I)Ljava/util/regex/Pattern$BmpCharPredicate; 1 <appendix> member <vmtarget> ; # java/util/regex/Pattern$$Lambda+0x0000000800092010
instanceKlass java/util/regex/Pattern$BmpCharPredicate
instanceKlass java/util/regex/Pattern$CharPredicate
instanceKlass java/util/regex/Pattern$Node
instanceKlass java/util/regex/Pattern
instanceKlass java/util/Formatter
instanceKlass  @bci java/lang/System codeSource (Ljava/lang/Class;)Ljava/net/URL; 6 <appendix> member <vmtarget> ; # java/lang/System$$Lambda+0x0000000800090a80
instanceKlass java/util/Collections$SynchronizedMap
instanceKlass java/lang/System$CallersHolder
instanceKlass java/util/HashMap$HashMapSpliterator
instanceKlass  @bci java/lang/SecurityManager nonExportedPkgs (Ljava/lang/module/ModuleDescriptor;)Ljava/util/Set; 92 <appendix> member <vmtarget> ; # java/lang/SecurityManager$$Lambda+0x000000080008fdc8
instanceKlass  @bci java/lang/SecurityManager nonExportedPkgs (Ljava/lang/module/ModuleDescriptor;)Ljava/util/Set; 76 <appendix> argL0 ; # java/lang/SecurityManager$$Lambda+0x000000080008fb78
instanceKlass  @bci java/lang/SecurityManager nonExportedPkgs (Ljava/lang/module/ModuleDescriptor;)Ljava/util/Set; 66 <appendix> argL0 ; # java/lang/SecurityManager$$Lambda+0x000000080008f918
instanceKlass  @bci java/lang/SecurityManager nonExportedPkgs (Ljava/lang/module/ModuleDescriptor;)Ljava/util/Set; 47 <appendix> member <vmtarget> ; # java/lang/SecurityManager$$Lambda+0x000000080008f6d0
instanceKlass  @bci java/lang/SecurityManager nonExportedPkgs (Ljava/lang/module/ModuleDescriptor;)Ljava/util/Set; 31 <appendix> argL0 ; # java/lang/SecurityManager$$Lambda+0x000000080008f480
instanceKlass  @bci java/lang/SecurityManager nonExportedPkgs (Ljava/lang/module/ModuleDescriptor;)Ljava/util/Set; 21 <appendix> argL0 ; # java/lang/SecurityManager$$Lambda+0x000000080008f220
instanceKlass  @cpi java/lang/SecurityManager 539 form vmentry <vmtarget> ; # java/lang/invoke/LambdaForm$DMH+0x00000008000c2800
instanceKlass java/util/stream/Sink$ChainedReference
instanceKlass java/util/stream/ForEachOps$ForEachOp
instanceKlass java/util/stream/TerminalSink
instanceKlass java/util/stream/Sink
instanceKlass java/util/stream/TerminalOp
instanceKlass java/util/stream/ForEachOps
instanceKlass  @bci java/lang/SecurityManager addNonExportedPackages (Ljava/lang/ModuleLayer;)V 59 <appendix> argL0 ; # java/lang/SecurityManager$$Lambda+0x000000080008d598
instanceKlass  @cpi java/lang/SecurityManager 535 form vmentry <vmtarget> ; # java/lang/invoke/LambdaForm$DMH+0x00000008000c2400
instanceKlass  @cpi org/freeplane/plugin/codeexplorer/archunit/ArchUnitServer 259 form vmentry <vmtarget> ; # java/lang/invoke/LambdaForm$DMH+0x00000008000c2000
instanceKlass java/util/function/Consumer
instanceKlass  @bci java/lang/SecurityManager addNonExportedPackages (Ljava/lang/ModuleLayer;)V 49 <appendix> argL0 ; # java/lang/SecurityManager$$Lambda+0x000000080008cc30
instanceKlass  @cpi javax/script/ScriptEngineManager 396 form vmentry <vmtarget> ; # java/lang/invoke/LambdaForm$DMH+0x00000008000c1c00
instanceKlass  @bci java/lang/SecurityManager addNonExportedPackages (Ljava/lang/ModuleLayer;)V 39 <appendix> argL0 ; # java/lang/SecurityManager$$Lambda+0x000000080008c630
instanceKlass  @bci java/lang/SecurityManager addNonExportedPackages (Ljava/lang/ModuleLayer;)V 29 <appendix> member <vmtarget> ; # java/lang/SecurityManager$$Lambda+0x000000080008bec0
instanceKlass  @cpi java/lang/SecurityManager 518 form vmentry <vmtarget> ; # java/lang/invoke/LambdaForm$DMH+0x00000008000c1800
instanceKlass  @cpi org/freeplane/features/clipboard/mindmapmode/MClipboardControllers 156 form vmentry <vmtarget> ; # java/lang/invoke/LambdaForm$DMH+0x00000008000c1400
instanceKlass java/util/function/Predicate
instanceKlass  @bci java/lang/SecurityManager addNonExportedPackages (Ljava/lang/ModuleLayer;)V 17 <appendix> argL0 ; # java/lang/SecurityManager$$Lambda+0x000000080008a718
instanceKlass jdk/internal/reflect/MethodHandleAccessorFactory$LazyStaticHolder
instanceKlass jdk/internal/reflect/MethodHandleAccessorFactory
instanceKlass sun/reflect/annotation/AnnotationParser
instanceKlass java/lang/Class$3
instanceKlass java/util/EnumMap$1
instanceKlass java/util/stream/StreamOpFlag$MaskBuilder
instanceKlass java/util/stream/PipelineHelper
instanceKlass java/util/stream/Stream
instanceKlass java/util/stream/BaseStream
instanceKlass java/util/stream/StreamSupport
instanceKlass java/util/Spliterators$IteratorSpliterator
instanceKlass java/util/Spliterator$OfDouble
instanceKlass java/util/Spliterator$OfLong
instanceKlass java/util/Spliterator$OfInt
instanceKlass java/util/Spliterator$OfPrimitive
instanceKlass java/util/Spliterators$EmptySpliterator
instanceKlass java/util/Spliterator
instanceKlass java/util/Spliterators
instanceKlass java/util/TreeMap$Entry
instanceKlass java/lang/ProcessEnvironment$CheckedEntry
instanceKlass java/lang/ProcessEnvironment$CheckedEntrySet$1
instanceKlass java/util/NavigableMap
instanceKlass java/util/SortedMap
instanceKlass java/lang/ProcessEnvironment$EntryComparator
instanceKlass java/lang/ProcessEnvironment$NameComparator
instanceKlass java/lang/invoke/VarHandle$AccessDescriptor
instanceKlass java/net/URI$Parser
instanceKlass org/freeplane/launcher/Utils
instanceKlass java/lang/invoke/VarForm
instanceKlass java/lang/invoke/VarHandleGuards
instanceKlass java/lang/invoke/VarHandles
instanceKlass java/util/concurrent/atomic/AtomicBoolean
instanceKlass java/lang/PublicMethods$Key
instanceKlass java/lang/PublicMethods$MethodList
instanceKlass org/freeplane/api/Controller
instanceKlass org/freeplane/api/ControllerRO
instanceKlass org/freeplane/api/HeadlessMapCreator
instanceKlass java/lang/Class$Atomic
instanceKlass java/lang/Class$ReflectionData
instanceKlass jdk/internal/misc/PreviewFeatures
instanceKlass jdk/internal/misc/MainMethodFinder
instanceKlass org/freeplane/launcher/Launcher
instanceKlass java/security/SecureClassLoader$DebugHolder
instanceKlass java/security/Permission
instanceKlass java/security/Guard
instanceKlass java/security/PermissionCollection
instanceKlass java/security/SecureClassLoader$1
instanceKlass java/util/zip/Checksum$1
instanceKlass java/util/zip/CRC32
instanceKlass java/util/zip/Checksum
instanceKlass sun/nio/ByteBuffered
instanceKlass java/lang/Package$VersionInfo
instanceKlass java/lang/NamedPackage
instanceKlass sun/security/util/ManifestEntryVerifier
instanceKlass jdk/internal/misc/ThreadTracker
instanceKlass java/util/jar/JarFile$ThreadTrackHolder
instanceKlass jdk/internal/loader/Resource
instanceKlass java/util/StringTokenizer
instanceKlass java/util/jar/Attributes$Name
instanceKlass java/util/SequencedMap
instanceKlass java/util/jar/Attributes
instanceKlass java/util/jar/JarVerifier
instanceKlass sun/security/action/GetIntegerAction
instanceKlass sun/security/util/Debug
instanceKlass sun/security/util/SignatureFileVerifier
instanceKlass java/util/zip/ZipFile$InflaterCleanupAction
instanceKlass java/util/zip/Inflater$InflaterZStreamRef
instanceKlass java/util/zip/Inflater
instanceKlass java/util/zip/ZipEntry
instanceKlass java/util/zip/ZipFile$2
instanceKlass java/nio/Bits$1
instanceKlass jdk/internal/misc/VM$BufferPool
instanceKlass java/nio/Bits
instanceKlass sun/nio/ch/DirectBuffer
instanceKlass jdk/internal/perf/PerfCounter$CoreCounters
instanceKlass jdk/internal/perf/Perf
instanceKlass jdk/internal/perf/Perf$GetPerfAction
instanceKlass jdk/internal/perf/PerfCounter
instanceKlass sun/util/locale/LocaleUtils
instanceKlass sun/util/locale/BaseLocale
instanceKlass java/util/Locale
instanceKlass java/nio/file/attribute/FileTime
instanceKlass java/util/zip/ZipUtils
instanceKlass java/util/zip/ZipFile$Source$End
instanceKlass java/util/zip/ZipFile$Source$RandomAccessFileAccessor
instanceKlass java/util/zip/ZipFile$Source$FileAccessor
instanceKlass java/io/RandomAccessFile$2
instanceKlass jdk/internal/access/JavaIORandomAccessFileAccess
instanceKlass java/io/RandomAccessFile
instanceKlass java/io/DataInput
instanceKlass java/io/DataOutput
instanceKlass sun/nio/fs/WindowsNativeDispatcher$CompletionStatus
instanceKlass sun/nio/fs/WindowsNativeDispatcher$AclInformation
instanceKlass sun/nio/fs/WindowsNativeDispatcher$Account
instanceKlass sun/nio/fs/WindowsNativeDispatcher$DiskFreeSpace
instanceKlass sun/nio/fs/WindowsNativeDispatcher$VolumeInformation
instanceKlass sun/nio/fs/WindowsNativeDispatcher$FirstStream
instanceKlass sun/nio/fs/WindowsNativeDispatcher$FirstFile
instanceKlass java/util/concurrent/ConcurrentHashMap$Traverser
instanceKlass java/util/Enumeration
instanceKlass jdk/internal/loader/NativeLibraries$3
instanceKlass jdk/internal/loader/NativeLibrary
instanceKlass java/util/ArrayDeque$DeqIterator
instanceKlass jdk/internal/loader/NativeLibraries$NativeLibraryContext$1
instanceKlass jdk/internal/loader/NativeLibraries$NativeLibraryContext
instanceKlass jdk/internal/loader/NativeLibraries$2
instanceKlass jdk/internal/loader/NativeLibraries$1
instanceKlass jdk/internal/loader/NativeLibraries$LibraryPaths
instanceKlass sun/nio/fs/WindowsNativeDispatcher
instanceKlass sun/nio/fs/NativeBuffer$Deallocator
instanceKlass sun/nio/fs/NativeBuffer
instanceKlass java/lang/ThreadLocal$ThreadLocalMap
instanceKlass java/lang/ThreadLocal
instanceKlass sun/nio/fs/NativeBuffers
instanceKlass sun/nio/fs/WindowsFileAttributes
instanceKlass java/nio/file/attribute/DosFileAttributes
instanceKlass sun/nio/fs/AbstractBasicFileAttributeView
instanceKlass sun/nio/fs/DynamicFileAttributeView
instanceKlass sun/nio/fs/WindowsFileAttributeViews
instanceKlass sun/nio/fs/Util
instanceKlass java/nio/file/attribute/BasicFileAttributeView
instanceKlass java/nio/file/attribute/FileAttributeView
instanceKlass java/nio/file/attribute/AttributeView
instanceKlass java/nio/file/Files
instanceKlass java/nio/file/CopyOption
instanceKlass java/nio/file/attribute/BasicFileAttributes
instanceKlass sun/nio/fs/WindowsPath
instanceKlass java/nio/file/Path
instanceKlass java/nio/file/Watchable
instanceKlass java/util/zip/ZipFile$Source$Key
instanceKlass sun/nio/fs/WindowsPathParser$Result
instanceKlass sun/nio/fs/WindowsPathParser
instanceKlass java/nio/file/FileSystem
instanceKlass java/nio/file/OpenOption
instanceKlass java/nio/file/spi/FileSystemProvider
instanceKlass sun/nio/fs/DefaultFileSystemProvider
instanceKlass java/util/zip/ZipFile$Source
instanceKlass java/util/zip/ZipCoder
instanceKlass java/util/zip/ZipFile$CleanableResource
instanceKlass java/lang/Runtime$Version
instanceKlass java/util/jar/JavaUtilJarAccessImpl
instanceKlass jdk/internal/access/JavaUtilJarAccess
instanceKlass java/nio/charset/CoderResult
instanceKlass java/nio/charset/CharsetDecoder
instanceKlass java/lang/Readable
instanceKlass jdk/internal/loader/FileURLMapper
instanceKlass jdk/internal/loader/URLClassPath$JarLoader$1
instanceKlass java/util/zip/ZipFile$1
instanceKlass jdk/internal/access/JavaUtilZipFileAccess
instanceKlass java/util/zip/ZipFile
instanceKlass java/util/zip/ZipConstants
instanceKlass jdk/internal/loader/URLClassPath$Loader
instanceKlass jdk/internal/loader/URLClassPath$3
instanceKlass java/security/PrivilegedExceptionAction
instanceKlass sun/net/util/URLUtil
instanceKlass java/lang/StringCoding
instanceKlass sun/launcher/LauncherHelper
instanceKlass java/lang/invoke/StringConcatFactory
instanceKlass  @bci java/lang/WeakPairMap computeIfAbsent (Ljava/lang/Object;Ljava/lang/Object;Ljava/util/function/BiFunction;)Ljava/lang/Object; 18 <appendix> member <vmtarget> ; # java/lang/WeakPairMap$$Lambda+0x0000000800012528
instanceKlass  @bci java/lang/Module implAddExportsOrOpens (Ljava/lang/String;Ljava/lang/Module;ZZ)V 145 <appendix> argL0 ; # java/lang/Module$$Lambda+0x0000000800011b90
instanceKlass java/lang/WeakPairMap$Pair$Lookup
instanceKlass java/lang/WeakPairMap$Pair
instanceKlass java/util/concurrent/ForkJoinPool$ManagedBlocker
instanceKlass java/lang/WeakPairMap
instanceKlass java/util/concurrent/locks/AbstractQueuedSynchronizer$Node
instanceKlass java/lang/Module$ReflectionData
instanceKlass java/lang/ref/Cleaner$Cleanable
instanceKlass jdk/internal/ref/CleanerImpl
instanceKlass java/lang/ref/Cleaner$1
instanceKlass java/lang/ref/Cleaner
instanceKlass jdk/internal/ref/CleanerFactory$1
instanceKlass java/util/concurrent/ThreadFactory
instanceKlass jdk/internal/ref/CleanerFactory
instanceKlass  @bci jdk/internal/misc/ExtendedMapMode <clinit> ()V 0 <appendix> form vmentry <vmtarget> ; # java/lang/invoke/LambdaForm$MH+0x0000000800000400
instanceKlass jdk/internal/org/objectweb/asm/FieldVisitor
instanceKlass java/util/ArrayList$Itr
instanceKlass java/lang/invoke/InvokerBytecodeGenerator$ClassData
instanceKlass jdk/internal/org/objectweb/asm/Frame
instanceKlass java/lang/invoke/LambdaFormBuffer
instanceKlass java/lang/invoke/LambdaFormEditor$TransformKey
instanceKlass java/lang/invoke/LambdaFormEditor
instanceKlass java/lang/invoke/DelegatingMethodHandle$Holder
instanceKlass java/lang/invoke/DirectMethodHandle$2
instanceKlass java/lang/invoke/ClassSpecializer$Factory
instanceKlass java/lang/invoke/ClassSpecializer$SpeciesData
instanceKlass java/lang/invoke/ClassSpecializer$1
instanceKlass java/lang/invoke/ClassSpecializer
instanceKlass sun/invoke/empty/Empty
instanceKlass sun/invoke/util/VerifyType
instanceKlass  @bci jdk/internal/module/ModuleBootstrap decode (Ljava/lang/String;Ljava/lang/String;Z)Ljava/util/Map; 193 <appendix> argL0 ; # jdk/internal/module/ModuleBootstrap$$Lambda+0x0000000800039540
instanceKlass java/lang/invoke/MethodHandles$Lookup$ClassDefiner
instanceKlass java/lang/invoke/MethodHandles$Lookup$ClassFile
instanceKlass jdk/internal/org/objectweb/asm/AnnotationVisitor
instanceKlass jdk/internal/org/objectweb/asm/Attribute
instanceKlass jdk/internal/org/objectweb/asm/Handler
instanceKlass jdk/internal/org/objectweb/asm/Label
instanceKlass jdk/internal/org/objectweb/asm/MethodVisitor
instanceKlass java/lang/invoke/LambdaProxyClassArchive
instanceKlass jdk/internal/org/objectweb/asm/ByteVector
instanceKlass jdk/internal/org/objectweb/asm/Symbol
instanceKlass jdk/internal/org/objectweb/asm/SymbolTable
instanceKlass jdk/internal/org/objectweb/asm/ClassVisitor
instanceKlass java/lang/invoke/InfoFromMemberName
instanceKlass java/lang/invoke/MethodHandleInfo
instanceKlass jdk/internal/org/objectweb/asm/ConstantDynamic
instanceKlass sun/invoke/util/BytecodeDescriptor
instanceKlass jdk/internal/org/objectweb/asm/Handle
instanceKlass sun/security/action/GetBooleanAction
instanceKlass jdk/internal/org/objectweb/asm/Type
instanceKlass java/lang/invoke/AbstractValidatingLambdaMetafactory
instanceKlass java/lang/invoke/MethodHandleImpl$1
instanceKlass jdk/internal/access/JavaLangInvokeAccess
instanceKlass java/lang/invoke/Invokers$Holder
instanceKlass java/lang/invoke/BootstrapMethodInvoker
instanceKlass java/lang/invoke/InvokerBytecodeGenerator$1
instanceKlass java/lang/invoke/InvokerBytecodeGenerator
instanceKlass java/lang/invoke/LambdaForm$Holder
instanceKlass java/lang/invoke/LambdaForm$Name
instanceKlass java/lang/reflect/Array
instanceKlass java/lang/invoke/Invokers
instanceKlass java/lang/invoke/MethodHandleImpl
instanceKlass sun/invoke/util/ValueConversions
instanceKlass java/lang/invoke/DirectMethodHandle$Holder
instanceKlass java/lang/invoke/LambdaForm$NamedFunction
instanceKlass sun/invoke/util/Wrapper$Format
instanceKlass java/lang/invoke/MethodTypeForm
instanceKlass java/lang/Void
instanceKlass jdk/internal/util/StrongReferenceKey
instanceKlass jdk/internal/util/ReferenceKey
instanceKlass jdk/internal/util/ReferencedKeyMap
instanceKlass java/lang/invoke/MethodType$1
instanceKlass java/lang/invoke/LambdaMetafactory
instanceKlass java/lang/ModuleLayer$Controller
instanceKlass java/util/concurrent/CopyOnWriteArrayList
instanceKlass jdk/internal/module/ServicesCatalog$ServiceProvider
instanceKlass jdk/internal/loader/AbstractClassLoaderValue$Memoizer
instanceKlass java/util/ImmutableCollections$ListItr
instanceKlass java/util/ListIterator
instanceKlass java/lang/ModuleLayer
instanceKlass jdk/internal/module/ModuleLoaderMap$Modules
instanceKlass jdk/internal/module/ModuleLoaderMap$Mapper
instanceKlass jdk/internal/module/ModuleLoaderMap
instanceKlass java/util/AbstractMap$1$1
instanceKlass java/lang/module/ResolvedModule
instanceKlass java/lang/module/Configuration
instanceKlass jdk/internal/loader/BuiltinClassLoader$LoadedModule
instanceKlass jdk/internal/loader/AbstractClassLoaderValue
instanceKlass jdk/internal/module/ServicesCatalog
instanceKlass java/util/Deque
instanceKlass java/util/Queue
instanceKlass sun/net/util/IPAddressUtil$MASKS
instanceKlass sun/net/util/IPAddressUtil
instanceKlass java/net/URLStreamHandler
instanceKlass java/lang/StringUTF16
instanceKlass sun/net/www/ParseUtil
instanceKlass java/net/URL$3
instanceKlass jdk/internal/access/JavaNetURLAccess
instanceKlass java/net/URL$DefaultFactory
instanceKlass java/net/URLStreamHandlerFactory
instanceKlass jdk/internal/loader/URLClassPath
instanceKlass java/security/Principal
instanceKlass java/security/ProtectionDomain$Key
instanceKlass java/security/ProtectionDomain$JavaSecurityAccessImpl
instanceKlass jdk/internal/access/JavaSecurityAccess
instanceKlass java/lang/ClassLoader$ParallelLoaders
instanceKlass java/security/cert/Certificate
instanceKlass jdk/internal/loader/ArchivedClassLoaders
instanceKlass java/util/concurrent/ConcurrentHashMap$CollectionView
instanceKlass jdk/internal/loader/ClassLoaderHelper
instanceKlass jdk/internal/loader/NativeLibraries
instanceKlass java/lang/Module$EnableNativeAccess
instanceKlass jdk/internal/loader/BootLoader
instanceKlass java/util/Optional
instanceKlass jdk/internal/module/SystemModuleFinders$SystemModuleFinder
instanceKlass java/lang/module/ModuleFinder
instanceKlass jdk/internal/module/SystemModuleFinders$3
instanceKlass jdk/internal/module/ModuleHashes$HashSupplier
instanceKlass jdk/internal/module/SystemModuleFinders$2
instanceKlass java/util/function/Supplier
instanceKlass java/lang/module/ModuleReference
instanceKlass jdk/internal/module/ModuleResolution
instanceKlass java/util/Collections$UnmodifiableMap
instanceKlass jdk/internal/module/ModuleHashes$Builder
instanceKlass jdk/internal/module/ModuleHashes
instanceKlass jdk/internal/module/ModuleTarget
instanceKlass java/util/ImmutableCollections$Set12$1
instanceKlass java/lang/reflect/AccessFlag$18
instanceKlass java/lang/reflect/AccessFlag$17
instanceKlass java/lang/reflect/AccessFlag$16
instanceKlass java/lang/reflect/AccessFlag$15
instanceKlass java/lang/reflect/AccessFlag$14
instanceKlass java/lang/reflect/AccessFlag$13
instanceKlass java/lang/reflect/AccessFlag$12
instanceKlass java/lang/reflect/AccessFlag$11
instanceKlass java/lang/reflect/AccessFlag$10
instanceKlass java/lang/reflect/AccessFlag$9
instanceKlass java/lang/reflect/AccessFlag$8
instanceKlass java/lang/reflect/AccessFlag$7
instanceKlass java/lang/reflect/AccessFlag$6
instanceKlass java/lang/reflect/AccessFlag$5
instanceKlass java/lang/reflect/AccessFlag$4
instanceKlass java/lang/reflect/AccessFlag$3
instanceKlass java/lang/reflect/AccessFlag$2
instanceKlass java/lang/reflect/AccessFlag$1
instanceKlass java/lang/module/ModuleDescriptor$Version
instanceKlass java/lang/module/ModuleDescriptor$Provides
instanceKlass java/lang/module/ModuleDescriptor$Opens
instanceKlass java/util/ImmutableCollections$SetN$SetNIterator
instanceKlass java/lang/module/ModuleDescriptor$Exports
instanceKlass java/lang/module/ModuleDescriptor$Requires
instanceKlass jdk/internal/module/Builder
instanceKlass jdk/internal/module/SystemModules$default
instanceKlass jdk/internal/module/SystemModules
instanceKlass jdk/internal/module/SystemModulesMap
instanceKlass java/net/URI$1
instanceKlass jdk/internal/access/JavaNetUriAccess
instanceKlass java/net/URI
instanceKlass jdk/internal/module/SystemModuleFinders
instanceKlass jdk/internal/module/ArchivedModuleGraph
instanceKlass jdk/internal/module/ArchivedBootLayer
instanceKlass jdk/internal/module/ModuleBootstrap$Counters
instanceKlass jdk/internal/module/ModulePatcher
instanceKlass java/io/FileSystem
instanceKlass java/io/DefaultFileSystem
instanceKlass java/io/File
instanceKlass java/lang/module/ModuleDescriptor$1
instanceKlass jdk/internal/access/JavaLangModuleAccess
instanceKlass java/lang/reflect/Modifier
instanceKlass sun/invoke/util/VerifyAccess
instanceKlass java/util/KeyValueHolder
instanceKlass java/util/ImmutableCollections$MapN$MapNIterator
instanceKlass java/lang/StrictMath
instanceKlass java/lang/invoke/MethodHandles$Lookup
instanceKlass java/lang/invoke/MemberName$Factory
instanceKlass java/lang/invoke/MethodHandles
instanceKlass java/lang/module/ModuleDescriptor
instanceKlass jdk/internal/module/ModuleBootstrap
instanceKlass java/lang/Character$CharacterCache
instanceKlass java/util/HexFormat
instanceKlass jdk/internal/util/ClassFileDumper
instanceKlass sun/security/action/GetPropertyAction
instanceKlass java/lang/invoke/MethodHandleStatics
instanceKlass java/util/Collections
instanceKlass java/util/concurrent/locks/AbstractQueuedSynchronizer$ConditionObject
instanceKlass java/util/concurrent/locks/Condition
instanceKlass jdk/internal/misc/Blocker
instanceKlass java/lang/Thread$ThreadIdentifiers
instanceKlass sun/io/Win32ErrorMode
instanceKlass jdk/internal/misc/OSEnvironment
instanceKlass java/lang/Integer$IntegerCache
instanceKlass jdk/internal/misc/Signal$NativeHandler
instanceKlass java/util/Hashtable$Entry
instanceKlass jdk/internal/misc/Signal
instanceKlass java/lang/Terminator$1
instanceKlass jdk/internal/misc/Signal$Handler
instanceKlass java/lang/Terminator
instanceKlass java/nio/ByteOrder
instanceKlass java/nio/Buffer$2
instanceKlass jdk/internal/access/JavaNioAccess
instanceKlass java/nio/Buffer$1
instanceKlass jdk/internal/misc/ScopedMemoryAccess
instanceKlass java/nio/charset/CodingErrorAction
instanceKlass java/nio/charset/CharsetEncoder
instanceKlass java/io/Writer
instanceKlass java/io/PrintStream$1
instanceKlass jdk/internal/access/JavaIOPrintStreamAccess
instanceKlass jdk/internal/misc/InternalLock
instanceKlass java/io/OutputStream
instanceKlass java/io/Flushable
instanceKlass java/io/FileDescriptor$1
instanceKlass jdk/internal/access/JavaIOFileDescriptorAccess
instanceKlass java/io/FileDescriptor
instanceKlass jdk/internal/util/StaticProperty
instanceKlass java/util/HashMap$HashIterator
instanceKlass java/util/concurrent/locks/LockSupport
instanceKlass java/util/concurrent/ConcurrentHashMap$Node
instanceKlass java/util/concurrent/ConcurrentHashMap$CounterCell
instanceKlass java/util/concurrent/locks/ReentrantLock
instanceKlass java/util/concurrent/locks/Lock
instanceKlass java/lang/CharacterData
instanceKlass java/util/Arrays
instanceKlass jdk/internal/util/Preconditions$3
instanceKlass jdk/internal/util/Preconditions$2
instanceKlass jdk/internal/util/Preconditions$4
instanceKlass java/util/function/BiFunction
instanceKlass jdk/internal/util/Preconditions$1
instanceKlass java/util/function/Function
instanceKlass jdk/internal/util/Preconditions
instanceKlass java/lang/Runtime
instanceKlass java/lang/VersionProps
instanceKlass java/lang/StringConcatHelper
instanceKlass java/util/HashMap$Node
instanceKlass java/util/Map$Entry
instanceKlass jdk/internal/util/ArraysSupport
instanceKlass sun/nio/cs/HistoricallyNamedCharset
instanceKlass java/nio/charset/spi/CharsetProvider
instanceKlass java/nio/charset/Charset
instanceKlass jdk/internal/util/SystemProps$Raw
instanceKlass jdk/internal/util/SystemProps
instanceKlass java/lang/System$2
instanceKlass jdk/internal/access/JavaLangAccess
instanceKlass java/lang/ref/NativeReferenceQueue$Lock
instanceKlass java/lang/ref/ReferenceQueue
instanceKlass java/lang/ref/Reference$1
instanceKlass jdk/internal/access/JavaLangRefAccess
instanceKlass jdk/internal/reflect/ReflectionFactory
instanceKlass java/lang/Math
instanceKlass java/lang/StringLatin1
instanceKlass jdk/internal/reflect/Reflection
instanceKlass jdk/internal/reflect/ReflectionFactory$GetReflectionFactoryAction
instanceKlass java/security/PrivilegedAction
instanceKlass jdk/internal/access/SharedSecrets
instanceKlass java/lang/reflect/ReflectAccess
instanceKlass jdk/internal/access/JavaLangReflectAccess
instanceKlass java/util/ImmutableCollections
instanceKlass java/util/Objects
instanceKlass java/util/Set
instanceKlass jdk/internal/misc/CDS
instanceKlass java/lang/Module$ArchivedData
instanceKlass jdk/internal/misc/VM
instanceKlass java/lang/String$CaseInsensitiveComparator
instanceKlass java/util/Comparator
instanceKlass java/io/ObjectStreamField
instanceKlass jdk/internal/vm/FillerObject
instanceKlass jdk/internal/vm/vector/VectorSupport$VectorPayload
instanceKlass jdk/internal/vm/vector/VectorSupport
instanceKlass java/lang/reflect/RecordComponent
instanceKlass java/util/Iterator
instanceKlass java/lang/Number
instanceKlass java/lang/Character
instanceKlass java/lang/Boolean
instanceKlass java/util/concurrent/locks/AbstractOwnableSynchronizer
instanceKlass java/lang/LiveStackFrame
instanceKlass java/lang/StackFrameInfo
instanceKlass java/lang/StackWalker$StackFrame
instanceKlass java/lang/StackStreamFactory$AbstractStackWalker
instanceKlass java/lang/StackWalker
instanceKlass java/nio/Buffer
instanceKlass java/lang/StackTraceElement
instanceKlass java/util/AbstractCollection
instanceKlass java/util/RandomAccess
instanceKlass java/util/List
instanceKlass java/util/SequencedCollection
instanceKlass java/util/Collection
instanceKlass java/lang/Iterable
instanceKlass java/util/AbstractMap
instanceKlass java/util/concurrent/ConcurrentMap
instanceKlass java/security/CodeSource
instanceKlass jdk/internal/loader/ClassLoaders
instanceKlass java/util/jar/Manifest
instanceKlass java/lang/Enum
instanceKlass java/net/URL
instanceKlass java/io/InputStream
instanceKlass java/io/Closeable
instanceKlass java/lang/AutoCloseable
instanceKlass jdk/internal/module/Modules
instanceKlass jdk/internal/misc/Unsafe
instanceKlass jdk/internal/misc/UnsafeConstants
instanceKlass java/lang/AbstractStringBuilder
instanceKlass java/lang/Appendable
instanceKlass java/lang/AssertionStatusDirectives
instanceKlass java/lang/invoke/MethodHandleNatives$CallSiteContext
instanceKlass jdk/internal/foreign/abi/ABIDescriptor
instanceKlass jdk/internal/foreign/abi/NativeEntryPoint
instanceKlass java/lang/invoke/CallSite
instanceKlass java/lang/invoke/MethodType
instanceKlass java/lang/invoke/TypeDescriptor$OfMethod
instanceKlass java/lang/invoke/LambdaForm
instanceKlass java/lang/invoke/MethodHandleNatives
instanceKlass java/lang/invoke/ResolvedMethodName
instanceKlass java/lang/invoke/MemberName
instanceKlass java/lang/invoke/VarHandle
instanceKlass java/lang/invoke/MethodHandle
instanceKlass jdk/internal/reflect/CallerSensitive
instanceKlass java/lang/annotation/Annotation
instanceKlass jdk/internal/reflect/FieldAccessor
instanceKlass jdk/internal/reflect/ConstantPool
instanceKlass jdk/internal/reflect/ConstructorAccessor
instanceKlass jdk/internal/reflect/MethodAccessor
instanceKlass jdk/internal/reflect/MagicAccessorImpl
instanceKlass jdk/internal/vm/StackChunk
instanceKlass jdk/internal/vm/Continuation
instanceKlass jdk/internal/vm/ContinuationScope
instanceKlass java/lang/reflect/Parameter
instanceKlass java/lang/reflect/Member
instanceKlass java/lang/reflect/AccessibleObject
instanceKlass java/lang/Module
instanceKlass java/util/Dictionary
instanceKlass java/util/Map
instanceKlass java/lang/ThreadGroup
instanceKlass java/lang/Thread$UncaughtExceptionHandler
instanceKlass java/lang/Thread$Constants
instanceKlass java/lang/Thread$FieldHolder
instanceKlass java/lang/Thread
instanceKlass java/lang/Runnable
instanceKlass java/lang/ref/Reference
instanceKlass java/lang/Record
instanceKlass java/security/AccessController
instanceKlass java/security/AccessControlContext
instanceKlass java/security/ProtectionDomain
instanceKlass java/lang/SecurityManager
instanceKlass java/lang/Throwable
instanceKlass java/lang/System
instanceKlass java/lang/ClassLoader
instanceKlass java/lang/Cloneable
instanceKlass java/lang/Class
instanceKlass java/lang/invoke/TypeDescriptor$OfField
instanceKlass java/lang/invoke/TypeDescriptor
instanceKlass java/lang/reflect/Type
instanceKlass java/lang/reflect/GenericDeclaration
instanceKlass java/lang/reflect/AnnotatedElement
instanceKlass java/lang/String
instanceKlass java/lang/constant/ConstantDesc
instanceKlass java/lang/constant/Constable
instanceKlass java/lang/CharSequence
instanceKlass java/lang/Comparable
instanceKlass java/io/Serializable
ciInstanceKlass java/lang/Object 1 1 124 7 1 10 12 1 1 10 7 12 1 1 1 10 7 12 1 1 1 10 12 1 1 8 1 10 12 1 1 10 7 12 1 1 1 10 12 1 10 12 1 1 10 7 12 1 1 1 10 12 1 10 12 1 7 1 10 100 12 1 1 1 10 12 1 1 10 12 1 100 1 8 1 10 12 1 3 8 1 100 1 5 0 1 1 1 1 1 1 1 1 1 1 1 1 1 1 1 1 7 1 1 1 1 1 1 1 1 1 1 7 1 1 1 1 1 1 1 1 1 1 3 1 1
ciInstanceKlass java/io/Serializable 1 0 7 100 1 100 1 1 1
ciInstanceKlass java/lang/Comparable 1 0 12 100 1 100 1 1 1 1 1 1 1 1
ciInstanceKlass java/lang/CharSequence 1 1 131 11 100 12 1 1 1 18 12 1 1 100 1 10 100 12 1 1 1 18 10 100 12 1 1 1 11 12 1 1 11 100 1 11 12 1 1 10 100 12 1 1 1 11 12 1 1 100 1 10 12 1 1 10 100 12 1 1 1 100 1 10 10 12 1 1 100 1 1 1 1 1 1 1 1 1 1 1 1 1 1 1 1 1 1 1 1 1 1 1 1 1 1 1 1 1 1 1 1 1 16 1 15 11 12 16 15 11 12 15 10 100 12 1 1 1 1 1 100 1 100 1 1 100 1 1 100 1 100 1 1
ciInstanceKlass java/lang/constant/Constable 1 0 11 100 1 100 1 1 1 1 1 1 1
ciInstanceKlass java/lang/constant/ConstantDesc 1 0 37 100 1 100 1 1 1 1 100 1 1 1 1 100 1 100 1 100 1 100 1 100 1 100 1 100 1 100 1 100 1 1 100 1 100 1 1
ciInstanceKlass java/lang/String 1 1 1443 10 7 12 1 1 1 8 1 9 7 12 1 1 1 9 12 1 1 9 12 1 1 9 12 1 1 10 12 1 10 12 1 1 10 12 1 1 9 12 1 10 7 12 1 1 1 10 7 1 10 7 12 1 1 1 10 12 1 1 10 12 1 1 10 12 1 10 12 1 1 10 12 1 10 7 12 1 1 1 7 1 9 7 12 1 1 1 10 7 12 1 1 1 10 7 12 1 1 1 10 12 1 1 10 12 1 1 10 12 1 1 10 12 1 1 9 7 12 1 1 10 12 9 7 12 1 1 10 12 1 1 3 10 12 1 1 7 1 11 12 1 1 11 12 1 11 12 1 1 10 7 12 1 1 1 10 12 1 1 9 7 12 1 1 1 10 12 1 1 10 12 1 11 12 1 1 10 12 1 1 10 12 10 12 1 1 10 7 12 1 1 1 10 12 1 1 10 12 1 1 100 1 100 1 10 12 1 10 12 1 10 12 1 1 100 1 10 12 1 1 100 1 10 12 1 1 10 12 1 1 10 12 1 10 10 12 1 100 1 100 1 100 1 10 12 1 10 12 1 1 10 12 1 1 10 12 1 10 12 1 1 10 12 1 1 10 100 12 1 1 100 1 11 10 7 12 1 1 11 12 1 11 12 1 10 12 1 1 10 12 1 10 12 10 12 1 1 10 10 7 12 1 1 1 10 7 12 1 1 10 12 1 1 10 7 12 1 1 10 12 1 10 12 1 1 10 12 1 1 10 12 1 10 12 1 10 12 1 1 100 1 10 12 1 1 10 12 10 12 1 10 12 1 1 10 12 1 1 10 7 12 1 1 1 10 12 1 10 12 1 1 10 12 1 10 12 1 3 3 10 12 1 1 10 12 1 10 12 1 1 10 12 1 1 10 12 1 1 10 12 1 10 12 1 1 10 12 1 1 10 12 1 10 12 1 10 12 1 10 12 1 1 10 12 1 10 12 1 10 12 1 10 12 1 10 12 1 10 12 1 10 100 1 10 8 1 10 12 1 1 10 12 1 8 1 10 12 1 1 10 12 10 12 1 8 1 10 10 12 1 1 10 12 1 1 10 12 1 1 10 100 1 10 10 12 1 10 12 1 10 12 1 10 10 12 1 10 12 1 10 12 1 10 12 1 10 12 1 10 12 1 10 12 1 1 10 12 1 1 10 12 1 1 10 10 12 1 1 10 10 12 1 100 1 10 10 12 1 1 10 12 1 1 10 7 1 10 12 1 10 12 1 10 7 12 1 1 1 10 12 1 10 12 1 1 10 12 1 11 7 1 11 12 10 12 1 10 12 1 1 10 12 1 1 10 10 12 1 10 12 1 9 12 1 1 11 7 12 1 1 1 10 12 10 10 12 1 10 12 1 1 10 10 12 1 10 12 1 10 12 1 1 10 12 1 1 10 10 12 1 1 10 12 1 10 10 12 1 10 12 10 10 12 10 10 12 1 10 12 1 10 10 12 10 7 12 1 1 1 10 12 10 10 12 10 12 1 10 12 10 12 10 10 12 1 10 12 1 1 10 12 1 1 10 10 12 1 10 7 12 1 1 1 10 12 1 1 10 10 7 12 1 1 1 11 10 12 1 10 12 1 1 10 12 1 1 10 7 12 1 1 1 10 12 1 10 12 1 10 12 1 10 12 1 10 12 1 10 12 1 100 1 100 1 8 1 10 10 10 12 1 10 12 1 1 8 1 10 12 1 3 3 10 12 1 10 12 1 1 10 12 7 1 10 10 12 1 1 10 12 1 10 12 1 10 12 1 1 10 12 1 1 11 7 12 1 1 1 7 1 10 12 1 10 12 1 1 8 1 10 12 1 1 10 12 1 11 7 12 1 1 1 11 7 12 1 1 11 12 1 10 12 1 10 12 1 1 10 10 7 12 1 1 1 10 12 1 10 12 1 10 10 12 10 12 1 1 10 10 12 1 10 10 12 1 10 10 12 1 10 10 12 1 10 12 1 1 10 10 12 1 8 1 10 12 1 1 18 12 1 1 11 100 12 1 1 1 7 1 3 18 12 1 18 12 1 8 1 10 100 12 1 1 1 11 12 1 1 10 12 10 10 12 1 10 11 12 1 1 10 12 1 1 11 12 1 18 3 11 10 12 1 11 11 10 12 1 10 12 1 1 8 1 10 12 1 10 12 1 10 12 1 1 10 10 12 1 11 100 12 1 100 1 100 1 10 12 100 1 10 10 100 12 1 1 1 100 1 10 7 1 10 10 12 1 10 10 12 1 8 1 10 10 12 1 8 1 8 1 10 12 1 10 12 1 10 10 12 10 7 12 1 1 10 7 12 1 1 10 100 12 1 1 8 1 10 12 1 10 12 1 10 9 12 1 10 12 9 7 12 1 1 1 10 12 1 10 12 1 10 12 1 10 12 1 10 12 1 8 1 10 100 12 1 1 1 10 12 10 12 1 1 10 12 10 10 12 10 12 7 1 9 12 1 1 7 1 10 100 1 100 1 100 1 100 1 1 1 1 1 1 5 0 1 1 1 1 1 3 1 3 1 1 1 1 1 1 1 1 1 1 1 1 1 1 1 100 1 1 1 1 1 1 1 1 1 1 1 1 1 1 1 1 1 1 1 1 1 1 1 1 1 1 1 1 1 1 1 100 1 1 1 1 1 1 1 1 1 1 100 1 1 1 1 1 1 1 1 1 1 1 1 1 1 1 1 1 1 1 1 1 1 1 1 1 1 1 1 1 1 1 1 1 1 1 1 1 1 1 1 1 1 1 1 1 1 1 1 1 1 1 1 1 1 1 1 1 1 1 1 1 1 1 1 1 1 1 1 1 1 1 1 1 1 1 1 1 1 1 1 1 1 1 1 1 1 1 1 1 1 1 1 1 1 1 1 1 1 1 1 1 1 1 1 1 1 1 1 1 1 1 1 1 1 1 1 1 1 1 1 1 1 1 1 1 1 1 1 1 1 1 1 1 1 1 1 1 1 1 1 1 1 1 1 1 1 1 1 1 1 1 1 1 1 1 1 1 1 1 1 1 1 1 1 1 1 1 1 1 1 1 1 1 1 1 100 1 1 1 1 1 1 1 1 1 1 1 1 1 1 1 1 1 1 1 1 1 1 1 100 1 1 1 1 1 1 1 1 1 1 1 1 1 1 1 100 1 1 1 1 1 1 1 1 1 1 1 1 1 1 1 16 15 10 12 16 15 10 12 15 10 12 15 10 12 15 10 100 12 1 1 1 1 1 1 1 100 1 100 1 1 1
staticfield java/lang/String COMPACT_STRINGS Z 1
staticfield java/lang/String serialPersistentFields [Ljava/io/ObjectStreamField; 0 [Ljava/io/ObjectStreamField;
staticfield java/lang/String CASE_INSENSITIVE_ORDER Ljava/util/Comparator; java/lang/String$CaseInsensitiveComparator
ciInstanceKlass java/lang/reflect/AnnotatedElement 1 1 164 11 7 12 1 1 1 11 12 1 1 100 1 10 100 12 1 1 1 10 12 1 1 10 12 1 1 10 12 1 10 100 12 1 1 1 11 12 1 1 11 100 12 1 1 10 100 12 1 1 1 10 12 1 10 100 12 1 1 1 18 12 1 1 11 100 12 1 1 18 12 1 18 12 1 1 10 100 12 1 1 1 11 100 12 1 1 1 100 1 10 100 12 1 1 1 1 1 1 1 1 1 1 1 1 1 1 1 1 1 1 1 1 1 1 1 1 1 100 1 1 1 1 1 1 1 1 1 1 1 16 15 16 1 16 1 15 11 12 16 16 1 15 10 100 12 1 1 1 16 1 15 10 100 12 1 1 1 1 100 1 100 1 1
ciInstanceKlass java/lang/reflect/GenericDeclaration 1 0 30 100 1 100 1 100 1 1 1 1 1 1 1 1 100 1 8 1 1 12 10 1 1 1 8 1 1 1 8 1
ciInstanceKlass java/lang/reflect/Type 1 1 17 11 100 12 1 1 1 100 1 1 1 1 1 1 1 1 1
ciInstanceKlass java/lang/invoke/TypeDescriptor 1 0 17 100 1 100 1 1 1 1 1 1 100 1 100 1 1 1 1
ciInstanceKlass java/lang/invoke/TypeDescriptor$OfField 1 0 21 100 1 100 1 100 1 1 1 1 1 1 1 1 1 1 1 1 1 1 1
ciInstanceKlass java/lang/Class 1 1 1698 10 7 12 1 1 1 9 7 12 1 1 1 9 12 1 1 10 12 1 1 8 1 10 12 1 8 1 8 1 10 12 1 1 10 7 12 1 1 1 10 12 1 7 1 10 10 12 1 10 12 1 1 10 12 1 1 10 12 1 1 10 7 12 1 1 10 12 1 10 12 1 10 12 1 8 1 10 12 1 8 1 10 12 1 8 1 8 1 10 12 1 1 10 7 12 1 1 1 18 12 1 1 11 7 12 1 1 1 8 1 8 1 8 1 10 7 12 1 1 1 11 12 1 1 8 1 10 12 1 10 11 7 12 1 1 1 11 100 12 1 1 1 11 8 1 18 8 1 10 12 1 10 7 12 1 1 10 12 1 1 10 7 12 1 1 1 10 12 1 1 10 12 1 1 10 7 12 1 1 1 10 12 9 7 12 1 1 1 10 7 12 1 1 1 10 12 1 10 7 12 1 1 1 10 12 1 1 18 12 1 1 10 7 12 1 1 1 10 7 12 1 10 12 1 1 10 7 1 100 1 10 12 1 1 9 12 1 1 7 1 8 1 10 12 1 10 12 1 1 10 12 1 1 10 7 12 1 1 1 7 1 10 12 1 7 1 7 1 10 10 12 1 1 10 12 1 1 100 1 10 100 12 1 1 1 10 12 1 1 10 12 1 1 9 12 1 1 10 12 1 10 12 1 1 9 12 1 1 9 12 1 1 10 12 1 1 10 7 1 10 12 1 10 12 1 10 12 1 1 10 9 12 1 10 12 1 8 1 10 12 1 1 10 12 1 1 10 12 1 10 12 1 1 10 12 1 1 10 12 1 1 9 7 12 1 1 1 10 7 12 1 1 10 12 10 12 1 10 12 1 10 12 1 10 12 1 9 100 12 1 1 1 9 12 1 10 12 1 10 100 12 1 1 1 10 12 1 1 10 7 12 1 1 10 12 1 10 12 1 1 10 100 12 1 1 1 10 12 1 10 12 1 1 10 12 1 10 12 1 10 12 1 1 10 7 1 10 10 10 12 1 1 10 12 1 1 10 12 10 10 12 1 1 100 1 8 1 10 10 12 1 1 10 12 1 100 1 11 12 1 10 100 12 1 1 10 12 1 10 12 1 10 100 12 1 1 10 10 12 1 1 8 1 10 12 1 10 12 1 1 8 1 10 12 1 9 12 1 10 12 1 10 12 1 10 12 1 10 12 100 1 9 12 1 10 12 1 9 12 1 10 12 1 10 12 1 10 12 1 10 10 12 1 10 12 1 10 7 12 1 1 10 12 1 10 12 1 10 12 1 1 10 12 1 10 12 1 10 12 1 100 1 10 12 1 10 12 1 1 10 12 1 1 10 12 1 1 10 12 1 1 10 12 1 1 10 12 1 1 7 1 10 10 12 1 1 10 12 1 1 10 12 1 1 10 10 12 1 10 12 1 1 10 12 1 1 10 12 1 1 10 12 1 1 7 1 10 10 12 11 100 12 1 1 10 12 1 10 12 1 10 7 12 1 1 1 10 12 1 1 10 10 12 1 1 100 1 10 10 12 1 1 10 100 12 1 1 1 100 1 7 1 10 12 1 1 10 12 1 10 10 12 1 1 10 12 1 10 12 1 10 12 1 10 100 12 1 1 1 11 7 12 1 1 10 12 1 10 12 1 9 12 1 10 12 1 1 10 12 1 9 12 1 1 7 1 10 9 12 1 1 10 12 7 1 10 12 1 9 12 1 10 7 12 1 1 1 10 12 1 10 12 1 10 7 12 1 1 1 10 12 1 10 12 10 12 1 1 100 1 10 8 1 10 12 1 11 11 12 1 1 11 7 12 1 1 11 12 1 8 1 10 12 1 10 12 1 1 9 12 1 9 12 1 1 10 7 12 1 1 9 12 1 10 12 1 1 10 10 12 1 10 7 12 1 1 1 10 7 12 1 1 10 7 12 1 1 9 12 1 1 10 12 1 9 12 1 10 12 1 10 12 1 1 9 12 1 1 9 12 1 10 12 1 10 12 1 1 9 12 1 100 1 10 10 12 1 1 7 1 10 12 1 1 100 11 100 1 9 12 1 1 9 12 1 100 1 10 12 1 9 12 1 1 9 12 1 10 12 1 10 12 1 1 9 12 1 7 1 10 10 12 1 1 10 10 12 1 10 12 10 10 12 1 9 12 1 10 12 1 1 10 7 12 1 1 1 10 12 1 1 10 12 1 8 10 7 8 1 18 8 1 8 1 10 12 1 9 12 1 9 12 1 1 10 12 1 7 1 7 1 10 12 1 9 12 1 1 7 1 10 10 12 1 10 7 1 9 12 1 8 1 10 12 1 7 1 10 12 1 10 12 1 1 100 1 100 1 9 12 1 100 1 8 1 10 10 7 12 1 1 1 10 12 11 7 12 1 1 1 10 12 1 10 12 1 1 10 8 1 8 1 10 12 1 1 9 7 12 1 1 11 12 7 1 11 100 12 1 1 9 12 1 10 100 12 1 1 1 10 7 12 1 1 10 12 1 1 9 12 1 9 10 12 1 1 10 12 1 1 10 12 1 1 10 12 1 1 10 12 1 1 11 12 1 7 1 11 12 1 10 7 12 1 1 1 10 12 1 11 12 1 10 100 12 1 1 1 10 12 1 10 100 12 1 1 1 11 12 1 11 12 1 1 10 12 1 10 12 1 1 9 12 1 1 9 100 12 1 1 10 12 1 10 100 12 1 1 1 10 12 1 1 10 12 1 10 12 1 10 12 1 10 7 12 1 1 1 10 12 1 8 1 10 12 1 10 12 1 10 12 1 100 1 10 12 10 100 12 1 1 1 11 100 12 1 1 1 10 12 1 1 10 12 1 18 12 1 1 11 12 1 1 18 11 12 1 18 12 1 11 12 1 10 12 1 1 10 12 1 10 12 1 10 12 1 10 12 1 10 12 10 12 1 8 1 10 12 1 7 1 9 12 1 1 100 1 100 1 100 1 100 1 1 1 3 1 3 1 3 1 1 1 1 1 1 1 5 0 1 1 1 1 1 1 1 1 1 1 1 1 1 1 1 1 1 1 1 1 1 1 1 1 100 1 1 1 1 1 1 1 100 1 1 1 1 1 7 1 1 1 1 1 1 1 1 1 1 1 1 1 1 1 1 1 1 1 1 1 1 1 1 1 1 1 1 1 1 1 1 1 1 1 1 1 1 1 1 1 1 100 1 1 1 1 1 1 1 1 1 1 1 1 1 1 1 1 1 1 1 1 1 1 1 1 1 1 1 1 1 1 1 100 1 1 1 1 1 1 1 1 1 1 1 1 1 1 1 1 1 1 1 1 3 1 1 1 1 1 1 1 1 1 1 1 1 1 1 1 1 1 1 1 1 1 1 1 1 1 1 1 1 1 1 1 1 1 1 1 100 1 100 1 1 1 1 1 1 1 1 1 1 1 1 1 1 1 1 1 1 1 1 1 1 1 1 1 1 1 1 1 1 1 1 1 1 1 1 1 1 1 1 1 1 1 1 1 1 1 1 1 1 1 1 1 1 1 1 1 1 1 1 1 1 1 1 1 1 1 1 1 1 1 1 1 1 1 1 1 1 1 1 1 1 1 1 1 1 1 1 1 1 1 1 1 1 1 1 1 1 1 1 1 1 1 1 1 1 1 1 1 1 1 1 1 1 1 1 1 1 1 1 1 1 1 1 1 1 1 1 1 1 1 1 16 15 10 12 16 15 11 12 16 1 16 15 16 15 10 12 16 16 15 10 12 16 15 16 1 15 10 12 16 15 10 7 12 1 1 1 1 1 1 1 1 1 1 1 1 100 1 1 100 1 100 1 1 100 1 100 1 1 100 1 100 1 1
staticfield java/lang/Class EMPTY_CLASS_ARRAY [Ljava/lang/Class; 0 [Ljava/lang/Class;
staticfield java/lang/Class serialPersistentFields [Ljava/io/ObjectStreamField; 0 [Ljava/io/ObjectStreamField;
ciInstanceKlass java/lang/Cloneable 1 0 7 100 1 100 1 1 1
instanceKlass org/knopflerfish/framework/BundleClassLoader
instanceKlass org/knopflerfish/framework/FrameworkContext$BCLoader
instanceKlass jdk/internal/reflect/DelegatingClassLoader
instanceKlass java/security/SecureClassLoader
ciInstanceKlass java/lang/ClassLoader 1 1 1108 9 7 12 1 1 1 10 7 12 1 1 1 9 12 1 1 10 7 12 1 1 1 7 1 10 12 1 1 10 12 1 1 9 12 1 1 10 12 1 1 100 1 10 12 1 10 12 1 1 10 7 12 1 1 1 100 1 8 1 10 12 1 10 7 12 1 1 1 10 7 12 1 10 7 1 10 7 1 7 1 7 1 10 12 1 10 12 1 9 12 1 1 10 10 7 12 1 1 1 9 12 1 1 9 12 1 9 12 1 1 9 12 1 9 12 1 1 9 12 1 1 7 1 10 12 1 9 12 1 1 10 12 1 1 10 7 12 1 1 1 9 12 1 9 12 1 1 9 12 1 10 12 1 1 9 12 10 12 1 1 7 1 10 8 1 10 12 1 1 10 12 1 10 7 1 7 1 10 12 1 1 10 7 12 1 1 1 8 1 10 12 1 10 12 1 10 12 1 1 10 12 1 1 10 12 1 1 10 12 1 1 10 12 1 1 10 12 1 100 1 10 12 1 10 100 12 1 1 1 10 12 1 1 10 12 1 10 12 1 10 12 1 10 12 1 10 12 1 1 10 10 12 1 10 12 1 10 7 12 1 1 10 12 1 1 10 12 1 1 10 12 1 7 1 10 12 1 7 1 10 12 1 10 7 12 1 1 1 10 10 12 1 1 10 12 1 1 100 1 8 1 10 8 1 10 12 1 10 12 1 100 1 8 1 10 12 1 1 10 12 1 1 10 10 12 1 1 10 12 1 1 10 12 1 1 10 7 1 10 12 1 1 10 12 1 1 10 12 1 1 10 12 1 1 10 12 1 1 10 12 1 1 10 12 1 10 7 12 1 1 1 10 12 1 10 12 1 10 12 1 1 10 12 1 10 12 1 10 12 1 10 12 1 1 10 12 1 10 12 1 1 8 1 9 12 1 10 12 1 1 8 1 8 1 10 7 12 1 1 100 1 10 10 12 10 12 1 10 12 1 10 12 1 10 12 1 1 10 7 12 1 1 10 12 1 10 7 1 7 1 10 12 1 1 10 12 1 10 7 1 10 12 1 100 1 18 12 1 10 100 12 1 1 1 10 100 12 1 1 1 10 7 12 1 1 10 12 1 10 12 1 100 1 10 12 1 8 1 10 10 12 1 1 10 12 1 10 12 1 1 100 1 10 12 1 10 12 1 1 10 7 12 1 1 10 12 1 8 1 100 1 10 10 12 1 9 12 1 10 7 12 1 1 10 12 1 100 1 8 1 10 12 1 10 8 1 8 1 10 12 1 1 10 12 1 1 10 12 1 1 10 100 12 1 1 100 1 100 1 10 12 1 1 100 1 100 1 10 100 12 1 1 10 12 1 10 12 1 1 10 12 1 10 12 1 1 10 12 1 1 9 100 12 1 1 1 10 12 1 1 10 12 1 10 12 1 10 12 1 1 10 12 1 8 1 7 1 18 12 1 1 10 12 1 1 10 12 1 10 12 1 10 12 1 8 1 10 12 1 10 12 1 18 12 1 11 100 12 1 1 1 100 1 10 12 1 1 10 12 1 10 11 12 1 1 10 18 10 12 1 1 11 100 12 1 18 12 1 11 12 1 1 10 12 10 12 1 1 10 12 1 1 100 1 8 1 10 10 12 1 8 1 8 1 10 100 12 1 1 10 12 1 100 1 10 10 12 1 8 1 8 1 8 1 10 12 1 10 12 1 1 10 12 1 10 100 12 1 1 1 11 100 12 1 1 100 1 10 11 10 12 1 10 12 1 10 12 1 1 9 100 12 1 1 9 12 1 1 9 12 9 12 1 9 12 1 9 12 1 8 10 12 1 1 10 7 12 1 1 1 10 12 1 1 10 12 1 1 10 12 1 10 10 12 1 11 12 1 1 10 100 12 1 1 1 100 1 10 12 1 10 12 1 10 12 1 1 1 1 1 1 1 1 1 1 1 1 1 1 1 1 1 1 1 1 1 1 1 1 1 1 1 1 100 1 1 1 1 1 1 1 1 1 1 1 1 1 1 1 1 1 1 1 1 1 100 1 1 1 1 1 1 1 1 1 1 100 1 1 1 1 1 1 1 1 1 1 1 1 1 1 1 1 1 1 1 1 1 1 1 1 1 1 1 1 1 1 1 1 1 1 1 1 1 1 1 1 1 100 1 1 1 1 1 1 1 1 1 1 1 1 1 1 1 1 1 1 1 100 1 1 1 1 1 1 1 1 1 1 1 1 1 1 1 1 1 1 1 1 1 1 1 1 1 1 1 1 1 1 1 1 1 1 1 1 1 1 1 1 1 1 1 1 1 1 1 1 1 1 100 1 1 1 1 1 1 1 1 1 1 1 1 1 1 1 1 1 1 1 1 1 1 1 1 1 1 1 1 1 1 1 1 1 1 1 1 1 1 1 1 1 1 1 1 1 1 16 1 15 10 12 16 1 16 15 10 12 16 1 16 1 15 10 12 16 15 10 12 16 15 10 12 16 15 10 100 12 1 1 1 1 1 100 1 100 1 1
staticfield java/lang/ClassLoader nocerts [Ljava/security/cert/Certificate; 0 [Ljava/security/cert/Certificate;
staticfield java/lang/ClassLoader $assertionsDisabled Z 1
ciInstanceKlass java/lang/System 1 1 854 10 7 12 1 1 1 9 7 12 1 1 1 10 12 1 10 12 1 1 10 12 1 1 10 12 1 9 12 1 1 10 7 12 1 1 1 11 100 12 1 1 1 10 100 12 1 1 1 10 12 1 1 10 12 1 1 7 1 8 1 10 12 1 10 7 12 1 1 1 10 7 12 1 1 1 18 12 1 1 10 7 12 1 1 1 7 1 10 12 1 1 10 7 12 1 1 1 10 12 1 10 7 12 1 1 1 9 7 12 1 1 1 10 7 12 1 1 1 11 7 12 1 1 1 10 12 1 1 10 7 12 1 1 1 7 1 10 10 12 1 1 8 1 10 12 1 8 1 10 12 1 9 12 1 1 8 1 10 7 12 1 1 1 10 12 1 1 100 1 8 1 10 9 12 1 1 8 1 10 12 1 1 10 7 12 1 1 1 8 1 10 12 1 100 1 10 12 1 8 1 10 12 1 10 12 1 1 7 1 10 12 10 12 1 9 12 1 1 9 12 1 1 10 7 12 1 1 1 10 7 12 1 1 1 10 12 1 1 10 12 1 10 12 1 10 7 12 1 1 1 10 12 1 7 1 100 1 8 1 10 12 1 10 12 1 1 7 1 10 12 1 100 1 8 1 10 10 12 1 100 1 8 1 10 8 1 10 7 12 1 1 8 1 10 12 100 1 8 1 10 10 12 1 1 10 7 12 1 1 1 100 1 18 12 1 100 1 9 100 12 1 1 1 10 12 1 100 1 10 12 1 1 10 12 1 1 10 7 12 1 1 1 10 12 1 1 10 12 1 10 12 1 10 12 1 1 10 12 1 7 1 10 12 1 9 7 12 1 1 1 10 7 12 1 1 1 10 12 1 10 12 1 10 7 12 1 1 1 100 1 8 1 10 9 12 1 9 12 1 10 12 1 10 100 12 1 1 10 12 1 10 12 1 1 8 1 10 12 1 1 8 1 11 12 1 10 12 11 12 1 1 11 7 12 1 1 1 11 7 12 1 1 11 12 1 1 7 1 11 12 1 10 12 1 8 1 10 12 1 1 8 1 8 1 8 1 8 1 11 12 1 10 12 1 10 12 1 10 12 1 8 1 10 12 1 1 8 1 9 12 1 8 1 10 7 12 1 1 8 1 7 1 9 7 12 1 1 1 10 12 1 7 1 9 12 10 9 12 7 1 10 12 9 12 1 1 8 1 10 12 1 1 8 1 10 7 12 1 1 10 12 1 10 12 1 1 11 7 12 1 1 10 12 10 7 12 1 1 1 9 12 1 1 100 1 8 1 10 12 1 1 10 7 12 1 1 1 7 1 10 12 1 1 10 12 1 8 1 8 1 10 8 1 8 1 8 1 8 1 10 10 7 12 1 1 10 12 1 10 12 1 1 10 12 1 1 10 12 1 10 100 12 1 1 1 10 100 1 8 1 10 10 10 12 1 1 10 12 1 1 8 1 10 12 1 8 1 8 1 10 12 1 10 7 12 1 1 1 10 12 1 1 8 1 10 12 1 8 1 10 100 12 1 1 7 1 10 10 12 1 10 12 1 9 12 1 1 3 1 3 1 1 1 1 1 1 1 1 1 1 1 1 100 1 1 7 1 1 1 1 1 1 1 1 1 1 1 100 1 100 1 1 1 1 1 1 1 1 1 1 1 1 1 1 1 1 1 1 1 1 1 1 1 1 1 1 1 1 1 1 1 1 1 1 1 1 1 1 1 1 1 1 1 1 1 1 1 1 1 1 1 1 1 1 1 1 1 1 100 1 1 1 1 1 1 1 1 1 1 1 1 1 1 1 1 1 1 1 1 1 1 1 1 1 1 1 1 1 1 1 1 1 1 1 1 100 1 1 16 15 10 12 1 1 16 15 10 12 16 1 15 10 7 12 1 1 1 1 1 1 1 1 100 1 100 1 1 1 100 1 100 1 1
staticfield java/lang/System in Ljava/io/InputStream; java/io/BufferedInputStream
staticfield java/lang/System out Ljava/io/PrintStream; java/io/PrintStream
staticfield java/lang/System err Ljava/io/PrintStream; java/io/PrintStream
instanceKlass java/lang/Exception
instanceKlass java/lang/Error
ciInstanceKlass java/lang/Throwable 1 1 428 10 7 12 1 1 1 9 7 12 1 1 1 9 12 1 1 9 12 1 9 12 1 1 9 12 1 10 12 1 1 9 12 1 1 10 12 1 1 10 12 1 100 1 7 1 10 8 1 10 12 1 1 8 1 10 100 12 1 1 10 10 12 1 100 1 8 1 10 10 12 1 1 10 7 12 1 1 10 12 1 8 1 9 100 12 1 1 1 10 12 1 1 100 1 10 12 10 12 1 10 100 12 1 1 1 100 1 10 12 10 12 1 10 12 1 100 1 10 10 7 12 1 1 1 11 100 12 1 1 1 10 12 1 1 10 12 1 1 8 1 10 12 1 10 12 1 1 8 1 8 1 10 12 1 1 10 12 1 8 1 8 1 9 12 1 1 10 12 1 1 100 1 10 11 12 1 8 1 8 1 10 7 12 1 1 8 1 10 12 1 8 1 100 1 10 12 1 9 12 1 1 10 12 1 10 7 12 1 9 12 1 1 10 12 1 1 100 1 8 1 10 12 1 10 100 12 1 1 10 12 1 1 100 1 10 100 12 1 1 1 10 12 1 11 100 12 1 1 1 11 100 12 1 1 11 12 1 8 1 10 12 1 1 8 1 10 10 9 100 12 1 1 1 8 1 10 12 1 1 11 10 100 1 8 1 10 11 12 1 1 8 1 9 12 1 10 100 12 1 1 11 9 12 1 1 11 12 1 1 100 9 12 1 1 11 100 12 1 1 100 1 10 12 1 10 12 1 1 100 1 1 1 1 5 0 1 1 1 1 1 1 1 1 1 1 1 1 1 1 1 1 1 1 1 1 1 1 1 1 1 1 1 1 1 1 1 1 1 1 1 1 1 1 1 1 1 1 1 1 1 1 1 1 1 1 1 1 1 1 1 1 1 100 1 100 1 1 1 1 1 1 1 1 1 1 1 1 1 1 1 1 1 1 1 1 1 1 1 1 1 1 1 100 1 100 1 1
staticfield java/lang/Throwable UNASSIGNED_STACK [Ljava/lang/StackTraceElement; 0 [Ljava/lang/StackTraceElement;
staticfield java/lang/Throwable SUPPRESSED_SENTINEL Ljava/util/List; java/util/Collections$EmptyList
staticfield java/lang/Throwable EMPTY_THROWABLE_ARRAY [Ljava/lang/Throwable; 0 [Ljava/lang/Throwable;
staticfield java/lang/Throwable $assertionsDisabled Z 1
instanceKlass java/lang/ThreadDeath
instanceKlass java/util/ServiceConfigurationError
instanceKlass java/lang/AssertionError
instanceKlass java/lang/VirtualMachineError
instanceKlass java/lang/LinkageError
ciInstanceKlass java/lang/Error 1 1 40 10 7 12 1 1 1 10 12 1 10 12 1 10 12 1 10 12 1 100 1 1 1 1 5 0 1 1 1 1 1 1 1 1 1 1 1 1 1 1
instanceKlass com/lightdev/app/shtm/SHTMLEditorPane$ListManager$SwitchListException
instanceKlass sun/security/ec/ECOperations$IntermediateValueException
instanceKlass sun/security/pkcs11/wrapper/PKCS11Exception
instanceKlass javax/xml/parsers/ParserConfigurationException
instanceKlass org/apache/commons/codec/EncoderException
instanceKlass org/apache/commons/codec/DecoderException
instanceKlass java/beans/PropertyVetoException
instanceKlass net/infonode/docking/OperationAbortedException
instanceKlass org/apache/fop/configuration/ConfigurationException
instanceKlass org/apache/batik/transcoder/TranscoderException
instanceKlass javax/script/ScriptException
instanceKlass javax/xml/stream/XMLStreamException
instanceKlass com/tngtech/archunit/thirdparty/com/google/common/collect/RegularImmutableMap$BucketOverflowException
instanceKlass java/lang/CloneNotSupportedException
instanceKlass java/awt/geom/NoninvertibleTransformException
instanceKlass com/kitfox/svg/animation/parser/ParseException
instanceKlass com/kitfox/svg/SVGException
instanceKlass org/xml/sax/SAXException
instanceKlass java/awt/datatransfer/UnsupportedFlavorException
instanceKlass org/freeplane/features/text/TransformationException
instanceKlass java/awt/print/PrinterException
instanceKlass javax/swing/text/BadLocationException
instanceKlass org/freeplane/n3/nanoxml/XMLException
instanceKlass java/awt/FontFormatException
instanceKlass javax/swing/UnsupportedLookAndFeelException
instanceKlass java/text/ParseException
instanceKlass sun/nio/fs/WindowsException
instanceKlass java/security/PrivilegedActionException
instanceKlass org/osgi/framework/InvalidSyntaxException
instanceKlass java/lang/InterruptedException
instanceKlass java/security/GeneralSecurityException
instanceKlass java/net/URISyntaxException
instanceKlass java/io/IOException
instanceKlass org/osgi/framework/BundleException
instanceKlass java/lang/ReflectiveOperationException
instanceKlass java/lang/RuntimeException
ciInstanceKlass java/lang/Exception 1 1 51 10 7 12 1 1 1 10 12 1 10 12 1 10 12 1 10 12 1 100 1 1 1 1 5 0 1 1 1 1 1 1 1 1 1 1 1 1 1 1 1 100 1 100 1 100 1 1 1 1 1
instanceKlass javax/swing/undo/CannotRedoException
instanceKlass javax/swing/undo/CannotUndoException
instanceKlass java/security/ProviderException
instanceKlass org/w3c/css/sac/CSSException
instanceKlass org/apache/batik/css/parser/ParseException
instanceKlass org/apache/batik/parser/ParseException
instanceKlass org/apache/batik/bridge/InterruptedBridgeException
instanceKlass org/apache/batik/dom/svg/LiveAttributeException
instanceKlass java/awt/image/ImagingOpException
instanceKlass org/w3c/dom/svg/SVGException
instanceKlass org/w3c/dom/DOMException
instanceKlass org/apache/batik/bridge/BridgeException
instanceKlass org/freeplane/plugin/script/CyclicScriptReferenceException
instanceKlass net/infonode/properties/base/exception/PropertyException
instanceKlass org/apache/commons/lang/exception/NestableRuntimeException
instanceKlass org/freeplane/plugin/script/ScriptEngineNotLoadedException
instanceKlass java/io/UncheckedIOException
instanceKlass java/lang/IllegalCallerException
instanceKlass java/lang/reflect/MalformedParameterizedTypeException
instanceKlass java/lang/TypeNotPresentException
instanceKlass org/freeplane/plugin/script/ExecuteScriptException
instanceKlass org/codehaus/groovy/control/ConfigurationException
instanceKlass groovy/lang/GroovyRuntimeException
instanceKlass dev/langchain4j/exception/LangChain4jException
instanceKlass com/google/gson/JsonParseException
instanceKlass com/jgoodies/forms/layout/FormSpecParser$FormLayoutParseException
instanceKlass com/kitfox/svg/animation/parser/TokenMgrException
instanceKlass org/freeplane/core/ui/KeyAlreadyUsedException
instanceKlass org/freeplane/core/ui/menubuilders/generic/AttributeAlreadySetException
instanceKlass java/lang/reflect/UndeclaredThrowableException
instanceKlass java/util/MissingResourceException
instanceKlass java/lang/UnsupportedOperationException
instanceKlass org/osgi/framework/ServiceException
instanceKlass java/util/ConcurrentModificationException
instanceKlass org/osgi/framework/hooks/weaving/WeavingException
instanceKlass java/lang/IndexOutOfBoundsException
instanceKlass java/util/NoSuchElementException
instanceKlass java/lang/SecurityException
instanceKlass java/lang/IllegalStateException
instanceKlass java/lang/IllegalArgumentException
instanceKlass java/lang/ArithmeticException
instanceKlass java/lang/NullPointerException
instanceKlass java/lang/IllegalMonitorStateException
instanceKlass java/lang/ArrayStoreException
instanceKlass java/lang/ClassCastException
ciInstanceKlass java/lang/RuntimeException 1 1 40 10 7 12 1 1 1 10 12 1 10 12 1 10 12 1 10 12 1 100 1 1 1 1 5 0 1 1 1 1 1 1 1 1 1 1 1 1 1 1
instanceKlass org/freeplane/plugin/script/InternationalizedSecurityManager
instanceKlass org/knopflerfish/framework/BundleClassLoader$SecurityManagerExposer
instanceKlass org/freeplane/launcher/Launcher$2
ciInstanceKlass java/lang/SecurityManager 1 1 576 10 7 12 1 1 1 9 7 12 1 1 1 10 7 12 1 1 1 7 1 8 1 10 12 1 10 12 1 1 10 7 12 1 1 1 10 7 1 10 100 1 10 9 7 12 1 1 1 10 7 12 1 1 1 10 12 1 1 10 7 12 1 1 100 1 8 1 10 9 12 1 1 9 12 1 8 1 9 12 1 7 1 10 8 1 10 12 1 1 10 12 1 10 12 1 1 100 1 10 10 12 1 1 7 1 8 1 10 12 1 8 1 8 1 8 1 8 1 8 1 8 1 10 12 1 8 1 8 1 8 1 8 1 8 1 10 7 12 1 1 1 10 12 1 1 8 1 7 1 8 1 10 8 1 8 1 8 1 8 1 8 1 10 100 12 1 1 8 1 7 1 8 1 8 1 10 8 1 10 12 1 7 1 8 1 10 10 12 1 1 10 12 1 10 12 1 10 12 1 10 7 12 1 1 1 10 12 1 10 7 12 1 1 11 7 12 1 1 1 18 12 1 1 11 7 12 1 1 1 18 12 1 1 11 12 1 1 18 18 11 12 1 18 12 1 11 12 1 1 9 12 1 1 9 12 1 9 12 1 9 12 1 7 1 10 7 12 1 1 10 12 1 10 12 1 18 12 1 18 10 7 12 1 1 1 18 12 1 10 12 1 18 18 8 1 10 12 1 9 12 1 1 11 7 12 1 1 1 8 1 7 1 10 12 1 10 12 1 1 10 12 1 1 9 12 1 1 10 12 1 10 12 1 1 8 1 100 1 10 9 12 1 8 1 10 12 1 8 1 7 1 10 10 7 12 1 1 10 7 1 9 7 12 1 1 1 11 12 1 1 10 12 1 11 12 1 10 12 1 7 1 10 10 12 1 1 10 12 1 1 1 1 1 1 1 1 1 1 1 100 1 1 1 1 1 1 1 1 1 1 1 1 1 1 1 1 1 1 1 1 1 1 1 1 1 1 1 1 1 1 1 1 1 1 1 1 1 1 1 1 1 1 1 1 1 1 1 1 1 1 1 1 1 1 1 1 3 1 1 1 1 1 1 1 1 1 1 100 1 1 1 1 1 1 1 1 1 1 1 1 1 1 1 1 1 1 1 1 1 1 1 1 1 1 1 1 1 1 1 1 1 1 1 1 1 1 16 15 10 7 12 1 1 1 16 1 16 15 10 12 16 1 15 10 12 16 15 11 7 1 16 1 16 1 15 10 12 16 15 10 12 16 15 10 12 1 16 1 15 11 12 1 15 10 12 16 15 10 16 1 15 10 7 12 1 1 1 1 1 1 100 1 100 1 1
staticfield java/lang/SecurityManager packageAccessLock Ljava/lang/Object; java/lang/Object
staticfield java/lang/SecurityManager packageDefinitionLock Ljava/lang/Object; java/lang/Object
staticfield java/lang/SecurityManager nonExportedPkgs Ljava/util/Map; java/util/concurrent/ConcurrentHashMap
ciInstanceKlass java/security/ProtectionDomain 1 1 348 10 7 12 1 1 1 9 7 12 1 1 1 7 1 10 9 12 1 1 9 12 1 1 9 12 1 1 10 7 12 1 1 7 1 9 12 1 9 12 1 1 7 1 9 12 1 1 9 12 1 10 7 12 1 1 10 7 12 1 1 1 10 12 1 1 10 12 1 9 12 1 9 100 12 1 1 10 12 1 1 10 100 1 10 12 1 1 8 1 100 1 8 1 10 12 1 10 11 10 100 12 1 1 1 10 12 1 1 8 1 11 8 1 10 12 1 8 1 8 1 10 12 1 1 10 12 1 10 12 1 1 10 12 1 8 1 10 12 1 8 1 8 1 10 100 12 1 1 1 9 100 12 1 1 1 10 12 1 1 9 100 12 1 1 1 10 100 12 1 1 1 100 1 18 12 1 1 10 100 12 1 1 1 10 100 1 10 12 1 10 12 1 1 11 100 12 1 1 11 12 1 100 1 11 100 12 1 1 1 10 12 1 10 11 12 1 1 11 12 1 1 10 12 1 10 7 12 1 1 10 100 12 1 1 11 12 1 10 12 10 12 1 8 1 8 1 10 7 12 1 1 1 7 1 10 10 7 12 1 1 1 1 1 1 1 1 1 1 100 1 1 100 1 1 1 1 1 1 1 1 1 1 1 1 1 1 1 1 1 1 1 1 1 1 1 1 1 1 1 1 1 1 1 1 1 1 1 1 1 1 1 1 1 1 1 1 100 1 1 1 1 1 1 100 1 1 16 15 10 12 16 15 10 100 12 1 1 1 1 1 1 1 100 1 100 1 1
staticfield java/security/ProtectionDomain filePermCompatInPD Z 0
ciInstanceKlass java/security/AccessControlContext 1 1 374 9 7 12 1 1 1 9 12 1 1 10 7 12 1 1 1 8 1 10 7 12 1 1 1 10 7 12 1 1 1 9 12 1 9 12 1 1 9 12 1 1 10 7 12 1 1 100 1 10 12 1 11 100 12 1 1 1 11 12 1 11 12 1 11 12 1 1 7 1 11 12 1 1 10 12 1 10 100 12 1 1 1 9 100 12 1 1 1 10 100 12 1 1 1 11 100 12 1 1 1 10 7 1 100 1 8 1 10 12 1 10 12 1 1 7 1 10 7 12 1 1 1 9 12 1 9 12 1 9 12 1 9 12 1 1 9 12 1 1 9 12 1 9 12 1 10 7 12 1 1 1 9 12 1 10 12 1 1 10 12 1 1 8 1 10 12 1 1 10 12 1 1 10 100 12 1 1 1 100 1 10 10 12 1 1 10 100 12 1 1 1 10 8 1 10 100 12 1 1 8 1 10 100 12 1 1 8 1 8 1 10 12 1 8 1 10 12 1 8 1 10 12 1 10 12 1 10 12 1 1 8 1 8 1 100 1 10 12 1 10 12 1 1 100 1 10 12 1 8 1 10 12 1 10 12 1 10 8 1 10 12 1 1 10 12 1 1 10 12 1 1 10 12 1 1 10 12 1 10 12 1 11 10 12 1 10 12 1 1 10 10 10 12 1 1 1 1 1 1 1 1 1 1 1 1 1 1 1 1 1 1 1 1 1 1 1 1 100 1 1 1 1 1 1 1 1 1 1 1 1 1 1 1 1 1 1 1 1 1 1 1 1 1 1 1 1 1 1 1 1 1 1 1 1 1 1 1 1 1 1 1 1 1 1 1 1 1 1 1 1 3 1 1
ciInstanceKlass java/security/AccessController 1 1 295 10 100 12 1 1 1 10 7 12 1 1 1 10 7 12 1 1 1 10 12 1 1 10 12 1 1 10 7 12 1 1 1 10 12 1 1 10 12 1 10 12 1 1 10 12 1 100 1 8 1 10 12 1 10 12 1 10 12 1 1 10 12 1 7 1 7 1 10 12 1 1 10 12 1 10 12 1 10 12 1 1 10 7 12 1 1 1 10 12 1 1 9 100 12 1 1 1 10 100 12 1 1 1 10 12 1 10 12 1 9 7 12 1 1 1 10 12 1 10 12 1 1 9 12 1 1 10 100 1 10 11 7 12 1 1 1 10 7 12 1 1 11 7 1 7 1 10 12 1 10 12 1 10 12 1 8 1 10 12 1 1 8 1 10 100 12 1 1 1 8 1 100 1 10 10 12 1 1 10 12 1 10 7 12 1 1 1 10 12 1 8 1 10 100 12 1 1 8 1 8 1 10 12 1 8 1 10 12 1 10 12 1 1 10 12 1 1 1 1 1 1 1 1 1 1 1 1 1 1 1 1 1 1 1 1 1 1 1 1 1 1 1 1 100 1 1 1 1 1 1 1 1 1 1 1 1 1 1 1 1 1 1 1 1 1 1 1 1 1 1 1 1 1 1 1 1 1 1 100 1 100 1 1 1 1 1 1 1 1 1 3 1 1 1
staticfield java/security/AccessController $assertionsDisabled Z 1
instanceKlass sun/reflect/misc/MethodUtil
instanceKlass jdk/internal/loader/BuiltinClassLoader
instanceKlass java/net/URLClassLoader
ciInstanceKlass java/security/SecureClassLoader 1 1 102 10 7 12 1 1 1 7 1 10 12 1 9 7 12 1 1 1 10 12 1 10 12 1 10 12 1 1 10 12 1 1 10 12 1 7 1 10 7 1 10 12 1 7 1 10 12 1 11 7 12 1 1 1 7 1 11 12 1 10 12 1 1 1 1 1 1 1 1 1 1 1 1 1 1 1 1 1 1 1 1 1 1 1 1 1 1 1 1 1 1 1 1 1 1 1 1 100 1 1 1 1
instanceKlass java/lang/InstantiationException
instanceKlass java/lang/IllegalAccessException
instanceKlass java/lang/reflect/InvocationTargetException
instanceKlass java/lang/NoSuchFieldException
instanceKlass java/lang/NoSuchMethodException
instanceKlass java/lang/ClassNotFoundException
ciInstanceKlass java/lang/ReflectiveOperationException 1 1 34 10 7 12 1 1 1 10 12 1 10 12 1 10 12 1 100 1 1 1 1 5 0 1 1 1 1 1 1 1 1 1 1 1
ciInstanceKlass java/lang/ClassNotFoundException 1 1 96 7 1 10 7 12 1 1 1 10 12 1 10 12 1 1 10 100 12 1 1 1 8 1 10 100 12 1 1 1 10 7 12 1 1 10 100 12 1 1 1 10 100 12 1 1 1 10 12 1 1 7 1 10 12 1 9 12 1 1 1 1 1 5 0 1 1 1 1 1 1 1 1 1 1 1 1 1 1 1 1 1 1 100 1 1 1 1 1 1 1 1 1 1 1 1
staticfield java/lang/ClassNotFoundException serialPersistentFields [Ljava/io/ObjectStreamField; 1 [Ljava/io/ObjectStreamField;
instanceKlass java/lang/reflect/Executable$ParameterData
instanceKlass java/awt/Window$PerfCounter
instanceKlass sun/java2d/loops/RenderCache$Key
instanceKlass jdk/net/UnixDomainPrincipal
instanceKlass java/lang/reflect/Proxy$ProxyBuilder$ProxyClassContext
instanceKlass java/util/stream/Collectors$CollectorImpl
instanceKlass java/nio/DirectByteBuffer$Deallocator
instanceKlass java/security/SecureClassLoader$CodeSourceKey
instanceKlass jdk/internal/misc/ThreadTracker$ThreadRef
instanceKlass jdk/internal/reflect/ReflectionFactory$Config
instanceKlass jdk/internal/foreign/abi/UpcallLinker$CallRegs
instanceKlass jdk/internal/foreign/abi/VMStorage
ciInstanceKlass java/lang/Record 1 1 22 10 7 12 1 1 1 100 1 1 1 1 1 1 1 1 1 1 1 1 1 1
instanceKlass java/lang/ClassFormatError
instanceKlass java/lang/UnsatisfiedLinkError
instanceKlass java/lang/IncompatibleClassChangeError
instanceKlass java/lang/BootstrapMethodError
instanceKlass java/lang/NoClassDefFoundError
ciInstanceKlass java/lang/LinkageError 1 1 31 10 7 12 1 1 1 10 12 1 10 12 1 100 1 1 1 1 5 0 1 1 1 1 1 1 1 1 1 1 1
ciInstanceKlass java/lang/NoClassDefFoundError 0 0 26 10 100 12 1 1 1 10 12 1 100 1 1 1 1 5 0 1 1 1 1 1 1 1 1 1
instanceKlass org/codehaus/groovy/runtime/typehandling/GroovyCastException
ciInstanceKlass java/lang/ClassCastException 1 1 26 10 100 12 1 1 1 10 12 1 100 1 1 1 1 5 0 1 1 1 1 1 1 1 1 1
ciInstanceKlass java/lang/ArrayStoreException 1 1 26 10 100 12 1 1 1 10 12 1 100 1 1 1 1 5 0 1 1 1 1 1 1 1 1 1
instanceKlass java/lang/StackOverflowError
instanceKlass java/lang/OutOfMemoryError
instanceKlass java/lang/InternalError
ciInstanceKlass java/lang/VirtualMachineError 1 1 34 10 100 12 1 1 1 10 12 1 10 12 1 10 12 1 100 1 1 1 1 5 0 1 1 1 1 1 1 1 1 1 1 1
ciInstanceKlass java/lang/InternalError 0 0 34 10 100 12 1 1 1 10 12 1 10 12 1 10 12 1 100 1 1 1 1 5 0 1 1 1 1 1 1 1 1 1 1 1
ciInstanceKlass java/lang/OutOfMemoryError 1 1 26 10 100 12 1 1 1 10 12 1 100 1 1 1 1 5 0 1 1 1 1 1 1 1 1 1
ciInstanceKlass java/lang/StackOverflowError 1 1 26 10 100 12 1 1 1 10 12 1 100 1 1 1 1 5 0 1 1 1 1 1 1 1 1 1
ciInstanceKlass java/lang/IllegalMonitorStateException 1 1 26 10 100 12 1 1 1 10 12 1 100 1 1 1 1 5 0 1 1 1 1 1 1 1 1 1
instanceKlass java/lang/ref/PhantomReference
instanceKlass java/lang/ref/FinalReference
instanceKlass java/lang/ref/WeakReference
instanceKlass java/lang/ref/SoftReference
ciInstanceKlass java/lang/ref/Reference 1 1 190 9 7 12 1 1 1 9 7 12 1 1 10 12 1 1 10 12 1 1 9 12 1 1 10 12 1 1 9 12 1 1 9 12 1 1 7 1 10 12 1 10 7 12 1 1 10 12 1 10 12 1 1 10 12 1 7 1 8 1 10 12 1 1 7 1 10 12 1 1 10 12 1 1 10 12 1 9 12 1 10 12 1 1 10 12 1 10 12 1 9 12 1 100 1 100 1 10 12 9 12 1 9 12 1 100 1 10 10 12 1 10 10 7 12 1 1 7 1 10 10 7 12 1 1 1 1 1 1 1 1 1 1 1 1 1 1 1 1 1 1 1 100 1 1 1 100 1 1 1 1 1 1 1 1 1 1 1 1 1 1 1 1 1 1 1 1 1 1 1 1 1 1 1 1 1 1 1 1 1 1 1 100 1 100 1 100 1 1 1
staticfield java/lang/ref/Reference processPendingLock Ljava/lang/Object; java/lang/Object
staticfield java/lang/ref/Reference $assertionsDisabled Z 1
instanceKlass org/apache/batik/gvt/font/AWTGlyphGeometryCache$Entry
instanceKlass org/apache/batik/util/SoftDoublyIndexedTable$Entry
instanceKlass sun/security/util/MemoryCache$SoftCacheEntry
instanceKlass org/apache/batik/util/CleanerThread$SoftReferenceCleared
instanceKlass java/io/ClassCache$CacheRef
instanceKlass sun/font/FontDesignMetrics$KeyReference
instanceKlass sun/font/StrikeCache$SoftDisposerRef
instanceKlass sun/awt/SoftCache$ValueCell
instanceKlass com/formdev/flatlaf/util/SoftCache$CacheReference
instanceKlass java/util/ResourceBundle$BundleReference
instanceKlass sun/util/locale/provider/LocaleResources$ResourceReference
instanceKlass sun/util/resources/Bundles$BundleReference
instanceKlass sun/util/locale/LocaleObjectCache$CacheEntry
instanceKlass java/lang/invoke/LambdaFormEditor$Transform
ciInstanceKlass java/lang/ref/SoftReference 1 1 47 10 7 12 1 1 1 9 7 12 1 1 1 9 12 1 10 12 1 10 12 1 1 1 1 1 1 1 1 1 1 1 1 1 1 1 1 1 1 1 1 100 1 1 1 1 1
instanceKlass javax/crypto/JceSecurity$WeakIdentityWrapper
instanceKlass org/apache/batik/util/CleanerThread$WeakReferenceCleared
instanceKlass sun/awt/WeakIdentityHashMap$WeakKey
instanceKlass sun/java2d/ReentrantContextProvider$HardReference
instanceKlass net/infonode/util/signal/Signal$WeakListener
instanceKlass net/infonode/properties/propertymap/PropertyMapWeakListenerManager$ListenerRef
instanceKlass org/apache/groovy/util/concurrent/ConcurrentReferenceHashMap$WeakKeyReference
instanceKlass javax/swing/text/DefaultStyledDocument$AbstractChangeHandler$DocReference
instanceKlass javax/swing/ActionPropertyChangeListener$OwnedWeakReference
instanceKlass javax/swing/text/GapContent$MarkData
instanceKlass sun/awt/image/ImageWatched$AccWeakReference
instanceKlass sun/swing/plaf/DesktopProperty$WeakPCL
instanceKlass javax/swing/plaf/metal/MetalLookAndFeel$AATextListener
instanceKlass sun/nio/ch/FileLockTable$FileLockReference
instanceKlass java/util/ResourceBundle$KeyElementReference
instanceKlass java/util/logging/LogManager$LoggerWeakRef
instanceKlass java/util/logging/Level$KnownLevel
instanceKlass java/lang/ClassValue$Entry
instanceKlass java/lang/ThreadLocal$ThreadLocalMap$Entry
instanceKlass java/lang/WeakPairMap$WeakRefPeer
instanceKlass jdk/internal/util/WeakReferenceKey
instanceKlass java/util/WeakHashMap$Entry
ciInstanceKlass java/lang/ref/WeakReference 1 1 31 10 7 12 1 1 1 10 12 1 100 1 1 1 1 1 1 1 1 1 1 1 1 1 1 1 1 1 1 1 1
instanceKlass java/lang/ref/Finalizer
ciInstanceKlass java/lang/ref/FinalReference 1 1 50 10 7 12 1 1 1 10 7 12 1 1 1 10 12 1 1 100 1 8 1 10 12 1 1 1 1 1 1 1 1 1 1 1 1 1 1 1 1 1 1 1 1 1 1 1 1 1 100 1
instanceKlass jdk/internal/ref/PhantomCleanable
instanceKlass jdk/internal/ref/Cleaner
ciInstanceKlass java/lang/ref/PhantomReference 1 1 39 10 100 12 1 1 1 10 7 12 1 1 1 1 1 1 1 1 1 1 1 1 1 1 1 1 1 1 1 1 1 1 1 1 1 1 1 1 1
ciInstanceKlass java/lang/ref/Finalizer 1 1 155 9 7 12 1 1 1 10 7 12 1 1 1 9 12 1 1 9 12 1 1 9 12 1 9 12 1 9 12 1 1 10 12 1 100 1 8 1 10 12 1 10 12 1 1 9 12 1 100 1 10 12 1 7 1 11 7 12 1 1 10 12 1 100 1 10 12 1 100 1 10 12 1 10 100 12 1 1 1 10 100 12 1 1 1 100 1 10 10 12 1 7 1 10 12 1 7 1 10 12 1 1 10 12 1 1 10 12 1 10 7 12 1 1 1 7 1 10 7 1 10 10 12 1 1 1 1 1 1 1 1 1 1 1 1 1 1 1 1 1 1 1 1 1 1 1 1 1 1 1 1 1 1 1 1
staticfield java/lang/ref/Finalizer lock Ljava/lang/Object; java/lang/Object
staticfield java/lang/ref/Finalizer ENABLED Z 1
staticfield java/lang/ref/Finalizer $assertionsDisabled Z 1
ciInstanceKlass java/lang/Runnable 1 0 11 100 1 100 1 1 1 1 1 1 1
instanceKlass java/util/TimerThread
instanceKlass org/apache/batik/ext/awt/image/codec/imageio/AbstractImageIORegistryEntry$1
instanceKlass org/apache/batik/ext/awt/image/codec/png/PNGRegistryEntry$1
instanceKlass org/apache/batik/ext/awt/image/spi/JDKRegistryEntry$1
instanceKlass org/apache/batik/util/CleanerThread
instanceKlass org/freeplane/view/swing/features/filepreview/BitmapViewerComponent$AsyncScalrService$1
instanceKlass org/apache/batik/util/HaltingThread
instanceKlass sun/awt/image/ImageFetcher
instanceKlass java/awt/EventDispatchThread
instanceKlass org/freeplane/main/application/SingleInstanceManager$2
instanceKlass java/util/logging/LogManager$Cleaner
instanceKlass org/freeplane/main/osgi/ActivatorImpl$1
instanceKlass org/knopflerfish/framework/bundlestorage/file/Archive$InputGlobber
instanceKlass org/knopflerfish/framework/PackageAdminImpl$1
instanceKlass org/knopflerfish/framework/BundleThread
instanceKlass org/knopflerfish/framework/SystemBundle$1
instanceKlass java/util/concurrent/ForkJoinWorkerThread
instanceKlass jdk/internal/misc/InnocuousThread
instanceKlass java/lang/ref/Finalizer$FinalizerThread
instanceKlass java/lang/ref/Reference$ReferenceHandler
instanceKlass java/lang/BaseVirtualThread
ciInstanceKlass java/lang/Thread 1 1 870 10 7 12 1 1 1 9 12 1 1 10 7 12 1 1 10 12 1 10 100 12 1 1 100 1 8 1 10 12 1 1 9 12 1 9 12 1 1 9 12 1 1 7 1 10 12 1 1 10 12 1 10 7 12 1 1 1 10 12 9 12 1 1 10 12 1 100 1 10 12 1 100 1 8 1 10 9 7 12 1 1 1 10 12 1 1 10 12 1 1 10 12 1 1 10 12 1 10 12 1 1 3 8 1 100 1 5 0 10 7 12 1 1 1 9 12 1 10 12 1 1 10 7 12 1 1 1 10 7 12 1 1 1 10 12 1 1 10 12 1 1 9 12 1 1 10 100 1 8 1 10 7 1 10 12 1 9 12 1 1 10 7 12 1 1 1 10 10 12 1 1 9 100 12 1 1 1 10 12 1 1 10 12 1 1 10 7 12 1 1 10 12 1 10 12 1 10 7 12 1 1 9 12 1 10 7 12 1 1 1 10 12 1 1 9 12 1 1 9 12 1 1 10 7 12 1 1 1 9 12 1 1 10 100 12 1 1 10 100 12 1 1 1 10 12 1 10 12 1 10 7 12 1 1 9 12 1 8 1 9 100 12 1 1 9 12 1 1 5 0 100 1 10 100 1 10 100 1 10 7 1 10 8 1 10 12 1 1 10 7 12 1 10 12 1 10 12 1 100 1 8 1 10 10 12 1 10 12 1 1 10 100 12 1 1 1 10 100 12 1 1 1 10 12 1 7 1 9 12 1 1 100 1 10 10 12 1 9 12 1 1 10 12 1 1 10 12 1 1 10 12 1 10 12 1 9 12 1 1 10 10 12 1 1 10 12 1 1 11 7 12 1 1 10 7 12 1 1 9 12 1 9 12 1 1 9 12 1 1 10 100 12 1 1 10 12 1 1 9 7 12 1 1 1 10 7 12 1 1 10 12 1 10 12 1 100 1 10 10 12 9 12 1 1 10 12 1 11 100 12 1 1 10 12 1 10 12 1 10 12 1 9 12 1 10 10 12 1 10 12 1 1 9 12 1 9 12 10 12 1 8 1 10 12 1 10 12 1 10 12 1 10 12 1 10 12 1 1 10 12 1 10 12 1 1 10 12 1 10 12 1 10 12 1 10 12 1 10 12 1 1 9 7 12 1 1 1 8 1 10 9 12 1 10 12 1 7 1 8 1 10 10 12 1 8 1 10 12 1 1 9 12 10 12 8 1 10 10 12 1 10 12 1 8 1 10 12 1 10 8 1 10 7 12 1 1 10 12 1 1 7 1 8 1 10 9 12 1 9 12 1 1 10 12 1 1 10 10 12 1 10 12 1 100 10 7 12 1 1 1 9 12 1 10 12 1 1 10 12 1 1 10 100 12 1 1 1 11 100 12 1 1 1 9 7 12 1 1 1 10 7 12 1 1 1 7 1 10 12 1 7 1 10 12 1 10 12 1 1 10 12 1 1 8 1 9 12 1 10 12 1 10 12 1 1 11 100 12 1 1 1 10 12 1 1 1 1 3 1 3 1 3 1 3 1 1 1 1 1 1 1 1 1 1 1 1 1 1 1 1 1 1 1 1 1 100 1 1 1 1 1 1 1 1 1 1 1 1 1 1 1 1 1 1 1 1 1 1 7 1 1 1 1 1 1 1 1 1 1 1 1 1 1 1 1 100 1 100 1 1 1 1 1 1 1 1 1 1 1 1 1 1 1 1 1 1 1 1 1 1 1 1 1 1 1 1 1 1 1 1 1 1 1 1 1 1 1 1 1 1 1 1 1 1 1 1 1 1 1 1 1 1 1 1 1 1 1 1 1 1 1 1 1 1 1 1 1 1 1 1 1 1 1 1 100 100 1 1 1 1 1 1 1 1 1 1 1 1 1 1 1 1 1 1 1 1 1 1 1 1 1 1 100 1 100 1 100 1 100 1 100 1 1 100 1 1 1 1 1 1 1 1 1 1 1 1 1 1 1
staticfield java/lang/Thread NEW_THREAD_BINDINGS Ljava/lang/Object; java/lang/Class
staticfield java/lang/Thread EMPTY_STACK_TRACE [Ljava/lang/StackTraceElement; 0 [Ljava/lang/StackTraceElement;
ciInstanceKlass java/lang/Thread$FieldHolder 1 1 48 10 7 12 1 1 1 9 7 12 1 1 1 9 12 1 1 9 12 1 1 9 12 1 1 9 12 1 1 1 1 1 1 1 1 1 1 100 1 100 1 1 1 1 100 1 1 1
ciInstanceKlass java/lang/Thread$Constants 0 0 59 100 1 10 100 12 1 1 1 100 1 10 10 100 12 1 1 1 100 1 8 1 10 12 1 9 100 12 1 1 1 100 1 100 1 10 12 1 10 12 1 9 12 1 1 1 1 1 1 1 1 1 1 1 1 1 1 1 1
ciInstanceKlass java/lang/Thread$UncaughtExceptionHandler 1 0 16 100 1 100 1 1 1 1 1 1 1 1 100 1 1 1
ciInstanceKlass java/lang/ThreadGroup 1 1 411 10 7 12 1 1 1 9 7 12 1 1 1 8 1 9 12 1 1 7 1 9 12 1 1 9 12 1 1 10 7 12 1 1 1 10 12 1 1 10 12 1 10 12 1 10 12 1 10 12 1 1 10 12 1 1 10 12 1 10 12 1 1 10 12 1 10 12 1 10 100 12 1 1 1 10 12 1 1 18 12 1 1 11 100 12 1 1 1 10 7 12 1 1 1 10 7 12 1 10 12 1 1 10 12 1 1 10 12 1 1 10 100 12 1 1 1 10 12 1 11 12 1 1 11 100 12 1 1 11 12 1 1 10 12 1 1 10 12 1 10 12 1 11 12 1 11 12 1 1 100 1 10 10 12 1 100 1 10 18 12 1 1 11 100 12 1 1 1 11 12 1 1 9 12 1 1 10 12 1 1 8 1 10 100 12 1 1 1 10 100 12 1 1 1 10 12 1 1 11 12 10 12 1 1 10 12 1 1 11 100 1 9 12 1 100 1 10 8 1 10 12 1 1 10 12 1 1 8 1 10 12 1 10 100 12 1 1 1 10 12 1 1 10 7 1 8 1 10 8 1 10 12 1 10 12 1 8 1 9 12 1 1 9 12 1 10 100 12 1 1 1 100 9 12 1 1 7 1 9 12 1 10 12 10 12 1 1 100 10 12 9 12 1 10 12 1 100 1 10 11 12 1 1 100 1 10 10 12 1 10 12 1 1 1 1 1 1 1 1 1 1 1 1 1 1 1 1 1 1 3 1 1 1 1 1 1 1 1 1 1 1 1 100 1 1 1 1 1 1 1 1 1 1 1 1 1 1 1 1 1 1 1 1 1 1 1 1 1 1 1 1 1 1 1 1 1 1 1 1 1 1 1 1 1 1 1 16 15 10 12 16 16 15 10 12 16 15 10 100 12 1 1 1 1 1 100 1 100 1 1
staticfield java/lang/ThreadGroup $assertionsDisabled Z 1
instanceKlass java/lang/ThreadBuilders$BoundVirtualThread
instanceKlass java/lang/VirtualThread
ciInstanceKlass java/lang/BaseVirtualThread 0 0 36 10 100 12 1 1 1 100 1 1 1 1 1 1 1 1 1 1 1 1 1 1 1 1 1 1 1 1 100 1 100 1 1 100 1 1
ciInstanceKlass java/lang/VirtualThread 0 0 907 9 100 12 1 1 1 10 100 12 1 1 1 10 100 12 1 1 1 10 100 12 1 1 1 9 12 1 1 9 12 1 1 100 1 10 12 1 9 12 1 1 18 12 1 1 9 12 1 1 10 12 1 1 100 1 10 12 1 10 12 1 1 10 12 1 1 10 12 1 1 10 12 1 10 100 12 1 10 12 1 10 12 1 10 12 1 10 12 1 11 100 12 1 1 1 100 1 10 12 1 1 10 100 12 1 1 1 10 100 12 1 1 1 10 12 1 100 1 10 10 12 1 10 12 1 1 9 12 1 1 10 12 1 1 9 12 1 1 10 12 1 9 12 1 1 9 12 1 100 1 10 10 12 1 10 100 12 1 1 10 9 10 10 12 1 1 10 12 1 1 10 100 12 1 1 10 100 1 10 9 10 10 12 1 100 1 10 12 1 1 10 12 1 10 12 1 10 12 1 1 9 12 1 10 12 1 10 12 1 9 12 1 1 10 12 1 10 12 1 9 12 1 1 10 12 1 10 12 1 10 12 1 11 100 12 1 1 10 12 1 1 10 12 1 1 10 12 1 1 9 12 1 10 100 1 10 12 1 1 10 12 1 1 10 12 1 10 12 1 10 12 1 10 12 9 12 1 1 10 100 12 1 1 10 12 1 10 12 1 1 10 100 12 1 1 10 12 1 100 1 8 1 10 12 1 10 12 1 1 10 12 1 10 12 1 10 100 12 1 1 10 12 1 10 12 1 1 10 12 1 10 12 1 1 10 100 12 1 1 10 12 1 1 10 12 1 1 100 1 10 10 12 1 100 1 9 12 1 1 10 100 12 1 1 10 9 12 1 1 18 9 100 12 1 1 1 11 100 12 1 1 1 11 100 1 11 12 10 12 1 10 12 1 1 10 12 1 100 1 10 10 12 1 10 12 1 1 10 12 1 1 10 12 1 10 12 1 10 12 1 9 12 1 1 11 100 12 1 1 10 12 9 100 12 1 1 1 9 12 1 10 12 1 1 9 12 1 9 12 1 9 12 1 100 1 10 10 12 1 1 10 12 1 10 12 100 1 100 1 10 8 1 10 12 1 1 10 12 1 10 12 1 10 10 12 1 8 1 10 10 12 1 10 12 1 10 100 12 1 1 8 1 8 1 10 9 100 12 1 1 1 10 12 1 1 10 12 1 10 10 10 12 9 12 1 10 12 1 1 9 12 1 10 12 1 1 9 12 1 10 12 1 1 18 12 1 1 18 12 1 10 100 12 1 1 1 8 1 10 100 12 1 1 1 10 100 12 1 1 1 18 12 1 10 100 12 1 1 1 100 1 10 12 1 8 1 10 12 1 8 1 10 12 1 1 8 1 8 1 10 100 12 1 1 8 1 10 12 1 8 1 8 1 10 100 12 1 1 1 10 12 1 10 12 1 1 10 12 1 18 12 1 1 18 12 1 1 5 0 9 12 1 10 12 1 18 12 1 100 1 10 12 10 100 12 1 1 10 12 1 1 100 1 8 1 10 10 12 1 10 12 1 1 10 12 1 9 12 1 8 10 12 1 1 8 8 9 12 1 8 10 12 1 1 3 1 3 1 3 1 3 1 3 1 3 1 3 1 3 1 3 1 3 1 3 1 3 3 1 3 1 1 1 1 1 1 1 1 1 1 1 1 1 1 100 1 1 1 1 1 1 1 1 1 1 1 1 1 1 100 1 1 1 1 1 1 1 1 1 1 1 100 1 1 1 1 1 1 1 1 1 1 1 1 1 1 1 1 1 1 1 1 1 1 1 1 1 1 1 1 1 1 1 1 1 1 1 1 1 1 1 100 1 1 1 1 1 1 1 1 1 1 1 1 1 1 1 1 1 1 1 1 1 1 1 1 1 1 1 1 1 1 1 1 1 1 1 100 1 1 1 1 1 1 1 1 1 1 1 1 1 1 100 1 1 16 15 10 12 15 16 15 10 12 16 15 10 12 16 16 15 10 12 16 15 10 12 16 15 10 12 16 15 10 12 16 1 15 10 100 12 1 1 1 1 1 1 1 100 1 1 100 1 100 1 1
ciInstanceKlass java/lang/ThreadBuilders$BoundVirtualThread 0 0 132 10 100 12 1 1 1 9 100 12 1 1 1 10 100 12 1 1 1 9 12 1 1 10 12 1 1 10 12 1 1 9 12 1 1 10 100 12 1 1 1 10 12 1 1 100 1 8 1 10 12 1 10 12 1 1 10 12 1 1 10 12 1 1 10 100 12 1 1 1 8 1 10 12 1 8 1 10 12 1 1 10 100 12 1 1 9 100 12 1 1 1 10 12 1 1 10 10 12 1 1 1 1 1 1 1 1 1 1 1 1 1 1 1 1 1 1 1 1 1 1 1 1 1 1 1 1 100 1 1 1 1
ciInstanceKlass java/util/Map 1 1 263 11 7 12 1 1 1 11 12 1 1 10 7 12 1 1 11 12 1 1 11 7 12 1 1 1 11 100 12 1 1 1 11 12 1 1 7 1 11 12 1 11 12 1 100 1 100 1 10 12 1 1 11 100 12 1 1 1 11 100 12 1 1 1 11 12 1 11 12 1 10 12 1 1 11 12 1 11 7 12 1 9 7 12 1 1 1 7 1 10 12 7 1 7 1 10 12 1 7 1 10 7 1 11 12 1 11 12 1 1 11 12 1 1 7 1 11 12 1 1 1 1 1 1 1 1 1 1 1 1 1 1 1 1 1 1 1 1 1 1 1 1 1 1 1 1 1 1 1 1 1 1 1 1 1 1 1 1 1 1 1 1 1 1 1 1 1 1 1 1 1 1 1 1 1 1 1 1 1 1 1 1 1 1 1 1 1 1 1 1 1 1 1 1 1 1 1 1 1 1 1 1 1 1 1 1 1 1 1 1 1 1 1 1 1 1 1 1 1 1 1 1 1 1 1 1 1 1 1 1 1 1 1 1 1 1 1 1 1 1 1 1 1 1 100 1 1 1 1 1 1 1 1 1 1 1 1 1 1 1 1 1 1
instanceKlass org/knopflerfish/framework/PropertiesDictionary
instanceKlass org/knopflerfish/framework/HeaderDictionary
instanceKlass java/util/Hashtable
ciInstanceKlass java/util/Dictionary 1 1 36 10 7 12 1 1 1 100 1 1 1 1 1 1 1 1 1 1 1 1 1 1 1 1 1 1 1 1 1 1 1 1 1 1 1 1
instanceKlass javax/swing/UIDefaults
instanceKlass java/util/Properties
ciInstanceKlass java/util/Hashtable 1 1 516 100 1 10 7 12 1 1 1 9 7 12 1 1 1 100 1 100 1 10 8 1 10 12 1 1 10 12 1 10 12 1 1 10 12 1 10 7 12 1 1 1 8 1 10 12 1 9 12 1 1 7 1 9 12 1 1 4 10 7 12 1 1 1 9 12 1 4 10 12 1 11 7 12 1 1 1 10 12 1 1 10 12 1 1 9 12 1 10 12 1 1 100 1 10 9 12 1 1 10 7 12 1 1 1 9 12 1 1 10 12 1 10 12 1 3 9 12 1 9 12 1 3 10 12 1 10 12 1 10 12 1 1 11 12 1 1 11 7 12 1 1 1 11 7 12 1 1 1 11 12 1 7 1 11 12 1 11 12 1 10 12 1 1 10 12 1 1 10 12 1 9 12 1 1 9 12 9 12 1 1 10 100 1 100 1 10 12 1 10 8 1 10 10 12 1 8 1 10 8 1 10 7 12 1 1 1 7 1 10 12 1 10 12 1 7 1 10 12 1 10 12 1 1 7 1 10 7 1 10 10 12 1 1 11 12 1 1 11 12 1 100 1 10 10 10 100 12 1 1 11 100 12 1 1 1 100 1 10 11 100 12 1 1 11 100 12 1 10 12 1 10 12 1 1 10 100 12 1 1 10 12 1 1 10 12 1 1 10 12 1 1 10 100 12 1 1 1 8 10 100 12 1 1 100 1 8 1 10 4 4 10 12 1 1 10 12 1 8 1 4 10 12 10 100 12 1 1 1 100 1 11 100 12 1 1 1 10 100 12 1 1 1 10 12 1 10 12 1 1 10 100 1 100 1 1 1 1 1 1 5 0 1 1 1 1 1 3 1 3 1 3 1 1 1 1 1 1 1 1 1 1 1 1 1 1 1 1 1 1 1 1 1 1 1 1 1 100 1 1 1 1 1 1 1 1 1 1 1 1 1 1 1 1 1 1 1 1 1 1 1 1 1 1 1 1 1 100 1 1 1 1 1 1 1 1 1 1 1 1 1 1 100 1 1 1 1 1 1 1 1 1 1 1 1 1 1 1 1 1 1 1 1 1 1 1 1 1 1 1 1 1 1 1 1 1 1 1 1 1 1 1 1 1 1 1 1 100 1 1 1 100 1 1 1 1 1 100 1 1 1 1 1 1 1 1 1 1 1 1 1 1 1 1 1 1
instanceKlass java/security/Provider
instanceKlass sun/awt/FontConfiguration$PropertiesHandler$FontProperties
instanceKlass com/formdev/flatlaf/UIDefaultsLoader$1
instanceKlass org/freeplane/main/application/ApplicationPropertyStore$JoinedPropertiesView
instanceKlass org/freeplane/main/application/SortedProperties
ciInstanceKlass java/util/Properties 1 1 690 10 7 12 1 1 1 100 1 10 7 12 1 1 7 1 10 12 1 9 12 1 1 9 12 1 1 9 12 1 1 10 7 12 1 1 1 10 12 1 1 8 1 10 7 12 1 1 1 7 1 10 12 1 10 12 1 1 8 1 10 12 1 7 1 10 12 10 12 1 1 9 12 1 1 10 12 1 1 7 1 10 12 1 10 12 1 10 12 1 1 100 1 8 1 10 12 1 10 12 1 10 12 1 1 10 12 1 100 1 3 10 10 100 12 1 1 1 10 12 1 10 12 1 1 8 1 10 12 1 10 12 1 1 8 1 10 100 12 1 1 10 12 1 1 10 12 1 10 12 1 1 100 1 10 12 1 10 12 1 1 100 1 9 100 12 1 1 1 10 12 1 10 12 1 1 10 12 1 1 10 12 1 1 100 1 9 12 1 1 7 1 100 1 10 12 1 100 1 11 7 12 1 1 1 11 12 1 1 11 100 12 1 1 1 11 7 12 1 1 1 11 12 1 1 11 12 1 11 12 1 10 12 1 1 8 1 10 12 1 10 100 12 1 1 10 12 1 100 1 10 10 12 1 10 12 1 100 1 10 10 12 1 1 10 100 12 1 1 9 100 12 1 1 10 12 1 1 10 100 12 1 1 1 100 1 100 1 100 1 10 8 1 8 1 10 12 1 10 12 1 10 12 1 1 10 10 12 1 1 10 12 1 1 7 1 10 10 12 1 11 7 12 1 1 10 7 12 1 1 1 8 1 10 100 12 1 1 11 11 7 1 8 1 10 100 1 11 10 12 1 10 10 12 1 10 12 1 1 10 12 1 1 10 12 1 1 10 12 1 10 12 1 10 10 12 1 10 12 1 10 12 1 10 10 12 1 1 10 12 1 1 10 10 12 1 10 12 1 10 12 1 10 12 1 10 12 1 1 10 12 1 1 10 12 1 10 12 1 10 12 1 1 10 12 10 12 1 1 10 12 1 1 10 12 1 10 12 1 1 10 12 1 1 10 12 10 11 12 1 4 11 10 12 1 1 10 100 12 1 1 11 12 1 10 12 1 1 10 100 12 1 1 10 12 1 100 1 8 1 10 12 1 10 10 100 12 1 1 1 100 1 6 0 10 12 1 1 11 100 12 1 1 1 10 12 1 10 12 1 1 1 1 1 5 0 1 1 1 1 1 1 1 1 1 1 1 1 1 1 1 1 1 1 1 1 1 1 1 1 1 1 1 1 1 1 1 1 1 1 1 1 1 1 1 100 1 1 1 1 1 1 1 1 1 1 1 1 1 1 1 1 1 1 1 1 100 1 1 1 1 1 1 1 1 1 1 1 1 100 1 100 1 1 1 1 1 100 1 1 1 1 1 1 1 1 1 1 1 1 1 1 1 1 1 1 1 1 1 1 1 1 1 1 1 1 1 1 1 1 1 1 1 1 1 1 1 1 1 1 1 1 1 1 1 1 1 1 1 1 1 1 1 1 1 1 1 1 1 1 1 1 1 1 1 1 1 1 1 1 1 1 1 1 1 100 1 1 1 1 1 1 1 1 1 1 1 100 1 1
staticfield java/util/Properties UNSAFE Ljdk/internal/misc/Unsafe; jdk/internal/misc/Unsafe
ciInstanceKlass java/lang/Module 1 1 1070 10 7 12 1 1 1 9 7 12 1 1 1 10 7 12 1 1 1 9 12 1 9 12 1 1 9 12 1 1 10 12 1 1 10 12 1 10 12 1 1 10 7 12 1 1 1 7 1 10 7 12 1 1 1 10 12 1 1 11 7 12 1 1 1 10 12 1 1 10 7 12 1 1 1 10 12 1 1 10 7 12 1 1 1 9 7 12 1 1 1 10 7 12 1 1 1 10 12 1 8 1 10 7 12 1 1 1 10 7 12 1 1 1 10 7 12 1 1 1 10 12 1 10 12 1 9 12 1 1 10 100 12 1 1 100 1 7 1 10 8 1 10 12 1 1 10 12 1 10 12 10 12 1 10 7 12 1 1 8 1 8 1 10 8 1 8 1 9 12 1 1 8 1 10 100 12 1 1 1 10 12 1 9 12 1 1 11 12 1 9 7 12 1 1 10 7 12 1 1 1 10 7 12 1 1 1 10 12 1 1 8 1 10 12 1 1 10 12 1 10 12 1 1 9 7 12 1 1 1 10 12 1 1 10 12 1 1 9 12 1 10 12 1 10 12 1 9 12 1 1 11 7 12 1 1 10 12 1 1 9 12 1 9 12 1 10 12 1 10 12 1 100 1 8 1 10 10 12 1 1 10 12 1 8 1 10 12 1 1 8 1 8 1 10 12 1 1 10 12 1 10 12 1 1 18 12 1 1 10 12 1 1 11 12 1 9 12 1 11 12 10 100 12 1 1 100 1 8 1 10 11 12 1 1 10 7 12 1 1 1 10 12 1 10 12 1 1 11 12 1 1 11 7 12 1 1 11 12 1 1 9 12 1 11 12 1 10 12 1 1 10 12 1 1 9 12 1 10 12 10 7 12 1 1 10 7 1 18 12 1 1 11 100 12 1 1 1 18 12 1 11 12 1 1 10 100 12 1 1 1 11 12 1 1 10 7 12 1 1 7 1 11 12 1 7 1 7 1 10 12 1 10 7 12 1 1 1 10 11 7 12 1 8 1 10 10 12 1 1 10 7 12 1 1 10 12 1 10 12 1 7 1 10 12 1 10 11 12 1 1 10 12 10 12 1 1 9 12 1 1 100 1 10 10 12 1 1 11 7 1 10 12 1 1 11 12 1 10 10 12 1 11 10 12 1 1 10 12 1 1 10 12 1 1 10 7 12 1 1 10 12 1 10 12 1 1 10 10 12 1 1 10 12 1 18 12 1 11 12 1 18 12 1 10 12 1 10 12 1 10 12 7 1 10 12 1 10 12 1 10 12 1 9 12 1 7 1 10 10 10 10 12 1 10 12 1 10 12 1 10 12 1 1 10 12 1 1 10 12 1 9 12 1 18 12 1 1 10 100 12 1 1 1 100 1 8 1 10 12 1 1 10 12 1 1 10 100 12 1 1 100 1 10 12 1 1 100 1 8 1 10 12 1 1 100 1 11 12 1 1 10 100 12 1 1 1 18 12 1 1 11 100 12 1 1 1 100 1 10 12 1 10 12 1 1 100 1 100 1 10 12 8 1 10 12 1 1 10 12 1 1 10 7 12 1 1 10 12 1 1 10 12 1 10 12 10 12 1 1 100 1 10 10 12 1 1 10 100 12 1 1 1 100 1 10 12 1 1 10 100 12 1 1 8 1 18 12 1 1 100 1 100 1 9 12 1 1 9 12 1 9 12 1 11 100 12 1 1 1 100 1 11 12 1 1 100 1 10 12 1 8 1 10 12 1 10 12 10 12 1 8 1 10 10 100 12 1 1 7 1 10 10 12 1 10 7 12 1 1 9 12 1 9 12 1 9 12 1 9 12 1 10 12 11 12 1 10 12 1 100 1 1 1 1 1 1 1 1 1 1 1 1 1 1 1 1 1 1 1 100 1 1 1 1 1 1 1 1 1 1 1 1 1 1 1 1 1 1 1 1 1 1 1 1 1 1 1 1 1 1 1 1 1 1 1 1 1 1 1 1 1 1 1 1 1 1 1 1 1 1 1 1 1 1 1 1 1 1 1 1 1 1 1 1 1 1 1 1 1 1 1 1 1 1 1 1 1 1 1 1 1 1 1 1 1 1 1 1 1 1 1 1 1 1 1 100 100 1 1 1 1 1 1 1 1 1 1 1 1 1 1 1 1 1 1 1 1 1 1 1 1 1 1 1 100 1 100 1 1 1 1 1 1 1 1 1 1 1 1 1 1 1 1 1 1 1 1 100 1 1 1 1 1 1 1 1 1 1 1 1 1 1 1 1 1 1 1 1 1 1 1 16 15 10 12 16 16 15 10 12 16 16 15 10 16 1 15 10 12 16 1 15 10 12 16 1 16 15 10 12 16 16 1 15 10 12 16 15 10 7 12 1 1 1 15 10 100 12 1 1 1 1 1 1 1 1 1 1 1 100 1 100 1 1 100 1 100 1 1
staticfield java/lang/Module ALL_UNNAMED_MODULE Ljava/lang/Module; java/lang/Module
staticfield java/lang/Module ALL_UNNAMED_MODULE_SET Ljava/util/Set; java/util/ImmutableCollections$Set12
staticfield java/lang/Module EVERYONE_MODULE Ljava/lang/Module; java/lang/Module
staticfield java/lang/Module EVERYONE_SET Ljava/util/Set; java/util/ImmutableCollections$Set12
staticfield java/lang/Module $assertionsDisabled Z 1
instanceKlass java/lang/reflect/Executable
instanceKlass java/lang/reflect/Field
ciInstanceKlass java/lang/reflect/AccessibleObject 1 1 400 10 7 12 1 1 1 9 7 12 1 1 1 10 7 12 1 1 1 10 7 12 1 1 10 7 12 1 1 1 10 100 12 1 1 1 10 12 1 1 10 12 1 1 9 12 1 1 7 1 10 7 12 1 1 1 11 12 1 100 1 10 12 1 7 1 100 1 10 12 1 10 12 1 1 10 12 1 1 10 12 1 1 10 12 1 1 7 1 10 7 12 1 1 1 10 12 1 1 11 10 7 12 1 1 1 10 12 1 1 10 12 1 10 12 1 10 12 1 1 10 12 1 8 1 100 1 100 1 10 10 12 1 1 8 1 10 12 1 10 12 1 8 1 8 1 8 1 8 1 8 1 8 1 8 1 8 1 8 1 100 1 10 12 1 10 12 1 9 12 1 1 10 12 1 1 10 12 1 10 100 1 100 1 8 1 10 8 1 10 12 1 8 1 10 12 1 10 12 1 1 10 100 1 8 1 10 11 7 12 1 1 1 10 12 1 1 10 12 1 1 10 12 1 1 9 12 1 1 100 1 10 12 1 7 1 10 12 1 10 12 1 1 10 100 1 10 12 1 10 12 10 12 1 10 12 1 10 12 1 1 10 12 1 9 12 1 10 100 12 1 1 8 1 10 100 12 1 1 1 8 1 10 100 12 1 1 1 9 12 1 100 1 10 7 1 10 10 7 12 1 1 1 7 1 10 10 7 12 1 1 1 7 1 9 12 1 1 1 1 1 1 1 1 1 1 1 1 1 1 1 1 1 1 1 1 1 1 1 1 1 1 1 1 1 1 1 1 1 1 1 1 1 1 1 1 1 1 1 1 1 1 1 1 1 1 1 1 1 1 1 1 1 1 1 1 1 1 1 1 1 1 1 1 1 1 1 1 1 1 1 1 1 1 1 1 1 1 1 1
staticfield java/lang/reflect/AccessibleObject reflectionFactory Ljdk/internal/reflect/ReflectionFactory; jdk/internal/reflect/ReflectionFactory
ciInstanceKlass java/lang/reflect/Member 1 1 37 100 1 10 12 1 1 100 1 100 1 1 1 1 3 1 3 1 1 1 1 1 1 1 1 1 1 1 1 1 1 1 1 1 1 1 1
ciInstanceKlass java/lang/reflect/Field 1 1 457 9 7 12 1 1 1 10 12 1 1 10 7 12 1 1 1 10 7 12 1 1 9 12 1 1 10 12 1 1 10 12 1 1 10 7 12 1 1 10 7 12 1 1 1 9 12 1 1 9 12 1 9 12 1 9 12 1 1 9 12 1 1 9 12 1 9 12 1 1 9 12 1 1 100 1 8 1 10 12 1 10 12 1 9 12 1 1 9 12 1 10 12 1 10 7 12 1 1 10 12 1 1 10 12 1 1 10 12 1 10 12 1 1 9 100 12 1 1 1 10 100 12 1 1 1 7 1 10 12 1 1 10 12 1 1 10 12 1 1 10 12 1 10 12 1 10 7 1 10 100 12 1 1 100 1 10 8 1 10 12 1 1 10 12 1 1 8 1 10 12 10 12 1 8 1 8 1 10 11 100 1 9 12 1 10 12 1 1 10 12 1 1 11 7 12 1 1 1 10 12 1 11 12 1 1 11 12 1 1 11 12 1 1 11 12 1 1 11 12 1 1 11 12 1 1 11 12 1 1 11 12 1 1 11 12 1 1 11 12 1 1 11 12 1 1 11 12 1 1 11 12 1 1 11 12 1 1 11 12 1 1 11 12 1 1 11 12 1 1 10 12 1 10 100 12 1 1 10 12 1 10 12 1 10 12 1 9 12 1 1 10 7 12 1 1 1 10 12 1 1 10 12 1 10 7 12 1 1 10 12 1 1 11 7 1 10 12 1 7 1 10 100 12 1 1 1 10 7 12 1 1 1 9 12 1 10 7 12 1 1 1 11 7 12 1 1 1 10 12 1 1 10 12 1 1 9 100 12 1 1 10 100 12 1 1 1 10 12 1 1 100 1 1 1 1 1 1 1 1 1 1 1 1 1 1 1 1 1 1 1 1 1 1 1 1 1 1 1 1 1 1 1 1 1 1 1 1 1 1 1 100 1 1 1 1 1 1 1 1 1 1 1 1 1 1 1 1 1 1 1 1 1 1 1 1 1 1 1 1 1 1 1 1 100 1 1 1 1 1 1 1 1 1 100 1 1
ciInstanceKlass java/lang/reflect/Parameter 1 1 243 10 100 12 1 1 1 9 7 12 1 1 1 9 12 1 1 9 12 1 1 9 12 1 10 12 1 1 10 12 1 1 10 7 12 1 1 1 100 1 10 10 12 1 1 11 100 12 1 1 1 10 12 1 10 7 12 1 1 1 10 12 1 1 10 12 1 10 12 1 8 1 8 1 10 7 12 1 1 1 10 12 1 10 12 9 100 12 1 1 1 10 100 12 1 1 1 10 12 1 8 1 10 12 1 9 12 1 1 10 12 1 1 9 12 1 1 10 12 1 1 10 12 1 1 10 12 1 1 10 12 1 10 10 12 1 10 7 12 1 1 1 10 12 1 1 11 7 12 1 1 10 7 12 1 1 100 1 10 100 12 1 1 1 10 12 1 1 10 12 1 1 10 12 1 1 10 12 1 1 9 12 1 7 1 10 11 12 1 1 11 12 1 1 100 1 1 1 1 1 1 1 1 1 1 1 1 1 1 1 1 1 1 1 1 1 1 1 1 1 1 1 1 1 1 1 1 1 1 1 1 1 1 1 1 1 100 1 1 1 1 1 1
instanceKlass java/lang/reflect/Constructor
instanceKlass java/lang/reflect/Method
ciInstanceKlass java/lang/reflect/Executable 1 1 581 10 7 12 1 1 1 10 7 12 1 1 1 10 7 12 1 1 1 11 7 12 1 1 1 10 7 12 1 1 1 10 12 1 1 10 7 12 1 1 1 10 100 12 1 1 1 10 12 1 8 1 10 10 12 1 1 10 12 1 1 10 100 12 1 1 1 18 12 1 1 11 100 12 1 1 1 8 1 8 1 8 1 10 100 12 1 1 1 11 12 1 1 7 1 8 1 8 1 10 12 1 100 1 8 1 10 12 1 8 1 11 100 12 1 1 1 100 1 11 7 12 1 1 1 11 12 1 8 1 18 8 1 10 12 1 10 12 1 1 18 8 1 10 12 1 100 1 10 12 1 10 12 1 11 12 1 10 12 1 1 8 1 8 1 10 12 1 1 10 12 1 1 10 10 12 1 9 100 12 1 1 1 10 100 12 1 1 1 10 12 1 10 12 1 1 10 7 12 1 1 10 12 1 10 12 1 10 12 1 10 7 12 1 1 100 1 10 100 12 1 1 1 10 12 1 1 10 7 12 1 1 10 12 1 10 12 1 1 9 7 12 1 1 1 10 7 10 12 1 8 1 10 12 1 10 12 1 3 100 1 8 1 10 12 1 10 12 1 10 10 12 1 10 12 1 1 8 1 8 1 8 1 9 12 1 1 9 12 1 10 12 1 100 1 8 1 10 12 1 10 12 1 10 12 1 1 10 12 1 1 10 12 1 10 12 10 12 1 7 1 10 12 1 10 12 1 1 100 1 10 100 12 1 1 1 7 1 10 7 12 1 1 1 10 12 1 1 11 7 12 1 1 10 12 1 10 100 12 1 1 1 10 12 1 1 9 12 1 10 12 1 1 10 12 1 10 12 1 1 9 100 12 1 1 1 10 100 12 1 1 1 10 12 1 10 12 1 1 9 12 1 10 10 10 10 100 12 1 1 1 10 12 1 9 12 1 10 12 1 1 9 12 1 100 1 100 1 1 1 1 1 1 1 1 1 1 1 1 1 1 1 1 1 1 1 1 1 1 1 1 1 1 1 1 1 1 1 1 1 1 1 1 100 1 1 1 1 1 1 1 1 1 1 1 1 1 1 1 1 1 1 1 100 1 1 1 1 1 1 1 1 1 1 1 1 1 1 1 1 1 1 1 1 1 1 1 1 1 1 1 1 1 1 1 1 1 1 1 1 1 1 1 1 1 1 1 100 1 1 1 1 1 1 1 1 1 1 1 1 1 1 1 1 1 1 1 1 1 1 100 1 1 16 15 16 1 16 1 15 10 12 16 15 10 100 12 1 1 1 1 1 1 100 1 1 100 1 100 1 1
ciInstanceKlass java/lang/reflect/Method 1 1 472 9 7 12 1 1 1 10 7 12 1 1 1 10 7 12 1 1 9 12 1 1 10 12 1 1 10 12 1 1 10 7 12 1 1 10 7 12 1 1 1 9 12 1 1 9 12 1 9 12 1 1 9 12 1 9 12 1 9 12 1 1 9 12 1 9 12 1 1 9 12 1 9 12 1 9 12 1 1 100 1 8 1 10 12 1 10 12 1 9 12 1 1 8 1 10 7 12 1 1 10 7 12 1 1 1 10 12 1 1 10 12 1 1 10 12 1 10 12 1 1 10 12 1 1 9 7 12 1 1 1 10 12 1 1 10 12 10 7 12 1 1 10 12 1 1 10 12 1 10 12 1 10 12 1 10 7 12 1 1 1 10 12 1 1 10 7 1 10 100 12 1 1 1 10 7 12 1 1 10 12 1 1 10 12 1 1 10 12 1 10 7 12 1 1 1 10 12 1 10 8 1 10 12 1 10 12 1 7 1 8 1 8 1 8 1 10 12 1 10 12 1 1 10 12 1 1 10 10 12 1 1 10 12 1 11 100 1 10 12 1 9 12 1 1 10 12 1 1 10 12 1 10 12 1 1 10 12 1 1 11 7 12 1 1 1 11 12 1 9 12 1 1 10 12 1 10 12 1 10 12 1 10 12 1 10 12 1 10 12 1 9 12 1 1 10 7 12 1 1 1 10 7 12 1 1 10 12 1 1 10 7 12 1 1 1 10 7 12 1 1 1 10 7 12 1 1 1 11 7 12 1 1 1 10 7 12 1 1 1 7 1 100 1 100 1 10 12 1 10 12 1 1 10 12 1 100 1 8 1 10 12 1 10 10 12 1 1 10 12 1 1 10 12 1 1 10 12 1 1 8 1 10 12 1 1 1 1 1 1 1 1 1 1 1 1 1 1 1 1 1 1 1 1 1 1 1 1 1 1 1 1 1 1 1 1 1 1 1 1 1 1 1 1 1 1 1 1 1 1 1 1 1 1 1 1 1 100 1 100 1 100 1 1 1 1 1 1 1 1 1 1 1 1 1 1 1 1 1 1 1 1 1 1 1 1 1 1 1 1 1 1
ciInstanceKlass java/lang/reflect/Constructor 1 1 439 10 100 12 1 1 1 10 100 12 1 1 9 7 12 1 1 1 10 12 1 1 10 12 1 1 10 100 12 1 1 9 12 1 1 10 7 12 1 1 1 9 12 1 1 9 12 1 1 9 12 1 9 12 1 1 9 12 1 9 12 1 1 9 12 1 1 9 12 1 100 1 8 1 10 12 1 10 12 1 9 12 1 1 10 7 12 1 1 10 7 12 1 1 1 10 12 1 1 10 12 1 1 10 12 1 7 1 100 1 8 1 10 10 12 1 10 12 1 10 12 1 1 10 12 1 1 9 100 12 1 1 1 10 7 12 1 1 10 12 1 1 10 12 1 10 12 1 1 10 100 12 1 1 1 10 100 12 1 1 10 12 1 1 10 12 1 10 100 12 1 1 1 8 1 10 10 12 1 100 1 8 1 10 12 1 10 12 1 1 10 12 1 1 10 12 1 10 12 1 10 12 1 1 10 12 1 1 9 12 1 1 10 12 1 1 10 12 1 1 10 12 1 1 11 7 12 1 1 1 10 12 1 1 10 12 1 10 12 1 10 12 1 8 1 9 12 1 1 10 7 12 1 1 1 10 7 12 1 1 10 12 1 1 10 12 1 1 10 12 1 1 10 12 1 1 10 12 1 9 100 12 1 1 10 12 1 10 12 1 10 12 1 100 1 8 1 10 10 12 1 1 10 12 1 10 10 12 1 1 10 12 1 1 10 100 12 1 1 1 11 100 12 1 1 1 10 12 1 1 9 100 12 1 1 1 10 100 12 1 1 1 10 12 1 1 1 1 1 1 1 1 1 1 1 1 1 1 1 1 1 1 1 1 1 1 1 1 1 1 1 1 1 1 1 1 1 1 1 1 1 1 1 1 1 1 1 1 1 1 1 1 1 1 1 1 100 1 100 1 100 1 100 1 1 1 1 1 1 1 1 1 1 1 1 1 1 1 1 1 1 1 1 1 1 1 1 1 1 1 1 1 1 1 1 1 100 1 1
ciInstanceKlass jdk/internal/vm/ContinuationScope 0 0 50 10 100 12 1 1 1 10 100 12 1 1 1 100 1 9 100 12 1 1 1 10 12 1 1 10 100 12 1 1 1 10 12 1 1 10 12 1 1 1 1 1 1 1 1 1 1 1 1 1
ciInstanceKlass jdk/internal/vm/Continuation 0 0 549 9 100 12 1 1 1 9 12 1 9 12 1 100 1 100 1 10 12 1 1 8 1 10 12 1 1 10 12 1 10 12 1 1 10 12 1 9 100 12 1 1 1 11 100 12 1 1 1 10 100 1 9 12 1 1 9 12 1 1 10 8 1 10 12 1 9 12 1 1 10 11 12 1 1 100 1 10 100 12 1 1 1 10 12 1 1 10 12 1 10 12 1 1 11 12 1 1 9 12 1 1 10 12 1 1 18 12 1 1 10 100 12 1 1 1 100 1 10 12 1 11 100 12 1 1 1 10 12 1 9 12 1 10 12 1 1 100 1 8 1 10 12 1 10 12 1 1 9 12 1 1 11 12 1 1 9 12 1 1 8 1 10 11 12 1 1 11 12 1 1 10 12 1 1 10 12 1 1 9 12 1 10 12 1 10 10 12 1 8 1 10 12 1 8 1 8 1 10 100 12 1 1 1 10 100 12 1 1 1 10 12 1 9 12 1 11 12 1 100 1 10 12 1 10 12 1 1 9 12 1 1 100 1 10 12 1 1 9 12 1 1 10 12 1 10 12 1 11 100 12 1 1 10 100 1 10 12 1 8 1 9 12 1 10 12 1 1 9 12 1 1 10 100 12 1 1 8 1 8 1 8 1 8 1 10 12 1 1 10 12 1 10 12 1 10 12 1 10 12 1 1 10 12 1 1 8 1 10 12 1 1 9 12 1 1 10 12 1 1 9 12 1 8 1 10 100 12 1 1 1 10 12 1 8 1 100 1 8 1 10 9 12 1 1 8 1 10 100 12 1 1 10 100 12 1 1 8 1 8 1 10 12 10 100 12 1 1 1 10 100 1 10 100 12 1 1 1 18 11 100 12 1 1 1 18 12 1 11 12 1 1 100 1 10 100 12 1 1 10 12 1 1 8 10 12 1 1 10 100 12 1 1 1 10 100 12 1 1 10 12 1 8 1 10 12 1 100 1 100 1 10 12 1 1 1 1 1 1 1 1 1 1 1 1 1 1 1 1 1 1 1 1 1 1 1 1 1 1 1 1 1 1 1 1 1 1 1 1 1 1 1 1 1 1 1 1 1 1 1 1 1 1 1 1 1 1 1 1 1 1 1 1 1 1 1 1 1 1 1 1 1 1 1 1 1 1 1 100 1 1 16 1 15 10 12 16 15 11 100 12 1 1 1 16 1 16 1 15 10 12 16 15 10 100 12 1 1 1 1 1 1 1 1 100 1 100 1 1
ciInstanceKlass jdk/internal/vm/StackChunk 0 0 32 10 100 12 1 1 1 9 100 12 1 1 1 9 12 1 1 9 12 1 1 1 1 1 1 1 1 1 1 1 1 1
instanceKlass jdk/internal/reflect/FieldAccessorImpl
instanceKlass jdk/internal/reflect/ConstructorAccessorImpl
instanceKlass jdk/internal/reflect/MethodAccessorImpl
ciInstanceKlass jdk/internal/reflect/MagicAccessorImpl 1 1 16 10 7 12 1 1 1 100 1 1 1 1 1 1 1 1
ciInstanceKlass jdk/internal/reflect/MethodAccessor 1 0 17 100 1 100 1 1 1 1 100 1 100 1 1 1 1 1 1
instanceKlass jdk/internal/reflect/DirectMethodHandleAccessor$NativeAccessor
instanceKlass jdk/internal/reflect/DirectMethodHandleAccessor
ciInstanceKlass jdk/internal/reflect/MethodAccessorImpl 1 1 38 10 7 12 1 1 1 10 100 12 1 1 1 100 1 1 1 1 1 1 1 100 1 100 1 1 1 1 1 1 1 1 1 1 1 1 1 1
ciInstanceKlass jdk/internal/reflect/ConstructorAccessor 1 0 16 100 1 100 1 1 1 1 100 1 100 1 100 1 1 1
instanceKlass jdk/internal/reflect/SerializationConstructorAccessorImpl
instanceKlass jdk/internal/reflect/DirectConstructorHandleAccessor
instanceKlass jdk/internal/reflect/NativeConstructorAccessorImpl
ciInstanceKlass jdk/internal/reflect/ConstructorAccessorImpl 1 1 27 10 7 12 1 1 1 100 1 100 1 1 1 1 1 1 1 1 1 100 1 100 1 100 1 1 1
ciInstanceKlass jdk/internal/reflect/DelegatingClassLoader 1 1 18 10 7 12 1 1 1 100 1 1 1 1 1 1 1 1 1 1
ciInstanceKlass jdk/internal/reflect/ConstantPool 1 1 142 10 100 12 1 1 1 9 7 12 1 1 1 10 12 1 1 10 12 1 1 10 12 1 10 12 1 1 10 12 1 1 10 12 1 10 12 1 1 10 12 1 10 12 1 1 10 12 1 10 12 1 10 12 1 10 12 1 1 10 12 1 1 10 12 1 1 10 12 1 1 10 12 1 10 12 1 1 10 100 12 1 1 1 8 11 7 12 1 1 1 10 7 12 1 1 1 1 1 1 1 1 1 1 1 1 1 1 1 1 1 1 1 1 1 1 1 1 1 1 1 1 1 1 1 1 1 1 1 1 1 1 1 1 1 1 1 1 1 1 1 1
ciInstanceKlass jdk/internal/reflect/FieldAccessor 1 0 48 100 1 100 1 1 1 1 100 1 1 1 1 1 1 1 1 1 1 1 1 1 1 1 1 1 1 1 100 1 1 1 1 1 1 1 1 1 1 1 1 1 1 1 1 1 1 1
instanceKlass jdk/internal/reflect/MethodHandleFieldAccessorImpl
instanceKlass jdk/internal/reflect/UnsafeFieldAccessorImpl
ciInstanceKlass jdk/internal/reflect/FieldAccessorImpl 1 1 269 10 7 12 1 1 1 9 7 12 1 1 1 10 100 12 1 1 1 10 100 12 1 1 10 100 12 1 1 1 10 12 1 1 100 1 10 10 12 1 1 10 12 1 1 8 1 10 10 12 1 100 1 8 1 10 12 1 8 1 10 12 1 8 1 10 12 1 100 1 10 12 1 1 10 8 1 10 12 1 1 8 1 10 100 12 1 1 8 1 10 100 12 1 1 8 1 10 100 12 1 1 8 1 10 100 12 1 1 8 1 10 100 12 1 1 8 1 10 100 12 1 1 8 1 10 100 12 1 1 8 1 10 100 12 1 1 10 12 1 1 8 1 10 12 1 1 10 100 12 1 1 1 8 1 10 12 1 8 1 8 1 8 1 8 1 10 100 12 1 1 1 8 1 8 1 8 1 10 12 100 1 1 1 1 1 1 1 1 1 1 1 1 1 1 1 1 1 1 1 1 1 1 1 1 1 1 1 1 1 1 1 1 1 1 1 1 1 1 1 1 1 1 1 1 1 1 1 1 1 1 1 1 1 1 1 1 1 1 1 1 1 1 1 1 1 1 1 1 1 1 1 1 1 1 1 1 1 1 1 1 1 1 1 1 1 1 1 1
instanceKlass jdk/internal/reflect/UnsafeStaticFieldAccessorImpl
ciInstanceKlass jdk/internal/reflect/UnsafeFieldAccessorImpl 0 0 62 10 100 12 1 1 1 10 100 12 1 1 1 10 100 12 1 1 1 9 100 12 1 1 10 12 1 9 12 1 1 10 100 12 1 1 1 9 12 1 1 10 12 1 10 12 1 1 1 1 1 1 1 1 1 1 1 1 1 1 1 1
ciInstanceKlass jdk/internal/reflect/UnsafeStaticFieldAccessorImpl 0 0 47 10 100 12 1 1 1 9 100 12 1 1 1 10 100 12 1 1 1 9 12 1 1 8 11 100 12 1 1 1 10 100 12 1 1 1 1 1 1 1 1 1 1 1 1 1 1
ciInstanceKlass java/lang/annotation/Annotation 1 0 17 100 1 100 1 1 1 1 1 1 1 1 1 1 1 1 1
ciInstanceKlass jdk/internal/reflect/CallerSensitive 0 0 17 100 1 100 1 100 1 1 1 1 1 1 1 1 1 1 1
ciInstanceKlass jdk/internal/reflect/NativeConstructorAccessorImpl 0 0 125 10 100 12 1 1 1 9 100 12 1 1 1 100 1 10 12 1 9 12 1 1 9 12 1 1 10 100 12 1 1 1 10 100 12 1 1 1 10 100 12 1 1 1 9 12 1 9 12 1 1 9 12 1 1 10 100 12 1 1 1 100 1 10 10 12 1 1 10 12 1 10 12 1 1 10 12 1 100 1 10 12 1 1 10 12 1 1 8 10 12 1 1 1 1 1 1 1 1 1 1 1 1 1 1 1 1 1 1 1 1 1 1 100 1 100 1 100 1 1 1 1 1 1 1
instanceKlass java/lang/invoke/DelegatingMethodHandle
instanceKlass java/lang/invoke/BoundMethodHandle
instanceKlass java/lang/invoke/DirectMethodHandle
ciInstanceKlass java/lang/invoke/MethodHandle 1 1 733 100 1 9 7 12 1 1 1 10 7 12 1 1 1 10 7 12 1 1 1 7 1 7 1 10 12 1 1 9 12 1 1 10 12 1 10 12 1 1 10 12 1 1 10 100 12 1 1 1 10 12 1 1 10 12 1 1 11 100 12 1 1 1 10 12 1 1 10 12 1 10 12 1 10 12 1 1 9 12 1 1 9 12 1 1 10 7 12 1 1 1 10 12 1 1 10 12 1 10 12 1 100 1 100 1 10 8 1 10 12 1 1 10 12 1 8 1 10 12 1 1 10 12 1 10 7 12 1 1 1 10 12 1 1 10 12 1 1 10 12 1 1 10 7 12 1 1 1 10 12 1 1 10 12 1 1 10 12 1 10 12 1 1 10 7 12 1 1 10 7 12 1 1 10 12 1 10 12 1 10 12 1 1 10 12 1 1 10 12 1 1 10 12 1 1 10 7 12 1 1 1 10 7 12 1 1 1 10 12 1 1 10 12 1 1 10 12 1 1 8 1 10 7 12 1 1 1 8 1 10 12 1 10 12 1 1 10 12 1 1 10 12 1 8 1 10 12 1 1 8 1 10 12 1 8 1 10 100 12 1 1 1 9 12 1 1 100 1 10 9 100 12 1 1 1 9 100 1 8 1 10 12 1 1 10 12 1 10 12 1 1 10 12 1 10 12 1 1 10 12 1 10 12 1 1 10 12 1 10 12 1 1 10 12 1 1 8 1 10 12 1 1 8 1 10 12 1 10 12 1 1 10 12 1 10 12 1 10 12 1 1 9 100 12 1 1 1 10 12 1 1 11 12 1 10 12 1 10 12 1 1 10 100 12 1 1 100 1 11 12 1 10 100 1 11 12 1 100 1 10 12 1 11 12 1 9 100 12 1 1 1 11 12 1 1 11 100 12 1 1 1 10 12 1 1 9 12 1 11 12 1 9 12 1 9 12 1 9 12 1 11 12 1 1 9 12 1 9 12 1 9 12 1 9 12 1 9 12 1 9 12 1 9 12 1 8 1 10 12 1 10 12 1 8 1 10 12 1 10 12 1 10 12 1 1 10 10 10 7 12 1 1 10 12 1 1 100 1 100 1 8 1 8 1 10 10 12 1 1 10 12 1 10 12 1 100 1 10 100 12 1 1 1 10 9 7 12 1 1 1 10 12 1 1 10 12 1 1 8 1 8 1 10 100 12 1 1 9 12 1 9 12 1 1 9 12 1 1 10 12 1 7 1 10 12 1 10 12 1 1 9 12 1 1 9 12 1 1 10 7 12 1 1 1 11 7 12 1 1 9 12 1 10 12 1 1 9 12 1 10 12 1 8 10 12 1 1 8 1 1 1 1 1 1 1 1 100 1 1 1 1 1 1 1 1 1 1 1 1 1 1 1 1 1 1 1 1 1 1 1 1 1 1 1 1 1 1 100 1 1 1 1 1 1 1 1 1 1 1 1 1 1 1 1 1 1 1 1 1 1 1 1 1 1 1 1 1 1 1 1 1 1 1 1 1 1 1 1 1 1 1 1 1 1 1 1 1 1 1 1 1 1 1 1 1 1 1 1 1 1 1 1 1 1 1 1 1 1 1 1 1 1 1 1 1 1 1 1 1 1 1 1 1 1 100 1 1 100 1 100 1 100 1 1 100 1 1 100 1 1 1 1
staticfield java/lang/invoke/MethodHandle FORM_OFFSET J 20
staticfield java/lang/invoke/MethodHandle UPDATE_OFFSET J 13
staticfield java/lang/invoke/MethodHandle $assertionsDisabled Z 1
instanceKlass java/lang/invoke/DirectMethodHandle$Special
instanceKlass java/lang/invoke/DirectMethodHandle$Interface
instanceKlass java/lang/invoke/DirectMethodHandle$Constructor
instanceKlass java/lang/invoke/DirectMethodHandle$Accessor
instanceKlass java/lang/invoke/DirectMethodHandle$StaticAccessor
ciInstanceKlass java/lang/invoke/DirectMethodHandle 1 1 923 7 1 7 1 100 1 7 1 7 1 10 7 12 1 1 1 10 7 12 1 1 1 100 1 10 12 1 10 12 1 1 10 7 12 1 1 10 12 1 1 10 12 1 10 12 1 7 1 10 12 1 1 10 12 1 1 10 12 1 10 12 1 1 10 7 12 1 1 1 10 12 1 9 12 1 1 100 1 10 9 12 1 1 9 12 1 10 12 1 10 12 1 10 12 1 1 10 12 1 10 12 1 10 12 1 10 7 12 1 1 1 10 12 1 10 12 1 1 8 1 10 12 1 1 7 1 10 12 1 7 1 10 10 12 1 10 12 1 10 12 1 10 7 12 1 1 1 10 12 1 1 7 1 10 12 1 10 12 1 7 1 10 12 1 10 12 1 1 10 12 1 1 10 12 1 8 10 100 12 1 1 1 10 12 1 10 12 1 10 12 1 1 10 12 1 9 7 12 1 1 1 7 1 10 12 1 10 7 12 1 1 1 10 12 1 10 12 1 1 9 12 1 1 100 1 10 8 1 10 12 1 1 10 12 1 1 8 1 10 12 1 10 12 1 10 10 12 1 10 12 1 10 12 1 10 12 1 10 12 1 1 10 12 1 10 12 1 1 10 12 1 10 12 1 1 10 10 7 12 1 1 1 10 12 1 10 12 1 1 10 12 1 10 12 1 1 8 1 9 7 12 1 1 1 8 1 9 12 1 9 12 1 8 1 9 12 1 9 12 1 8 1 9 12 1 9 12 1 8 1 10 12 1 10 12 1 1 9 12 1 1 7 1 10 12 1 1 100 1 10 7 12 1 1 1 10 12 1 1 10 12 1 10 12 1 1 7 1 10 12 1 1 10 12 1 10 12 1 1 7 1 10 12 1 1 10 12 1 10 7 12 1 1 1 10 12 1 10 12 1 1 10 12 1 9 12 1 1 10 7 1 9 12 9 12 1 10 7 12 1 1 1 10 12 1 7 1 7 1 7 1 9 12 1 1 10 7 12 1 1 1 10 12 10 12 1 7 1 10 12 1 10 12 1 1 8 1 9 12 1 9 12 1 10 12 1 1 9 12 1 1 10 7 12 1 1 1 9 12 1 1 9 12 1 1 10 12 1 10 12 1 10 12 1 10 12 1 1 10 12 1 9 12 1 10 12 1 10 12 1 10 12 1 10 12 1 1 10 12 1 1 9 12 1 1 10 12 1 1 9 7 12 1 1 1 9 12 1 9 12 1 9 12 1 9 12 1 9 12 1 9 12 1 9 12 1 9 12 1 9 12 1 9 12 1 9 12 1 9 12 1 9 12 1 9 12 1 9 12 1 9 12 1 9 12 1 9 12 1 9 12 1 9 12 1 9 12 1 9 12 1 9 12 1 9 12 1 9 12 1 9 12 1 9 12 1 9 12 1 9 12 1 9 12 1 9 12 1 9 12 1 9 12 1 9 12 1 9 12 1 9 12 1 8 1 9 12 1 1 9 12 1 1 10 12 1 10 12 1 1 9 7 1 10 12 1 9 12 1 1 10 12 10 12 1 10 12 1 10 12 1 10 12 1 10 8 1 8 1 8 1 8 1 10 12 1 1 9 12 1 1 10 12 1 10 100 12 1 1 1 8 9 12 1 1 10 12 1 1 8 1 8 8 9 12 1 8 1 8 8 8 8 8 1 8 10 12 1 7 1 10 12 1 8 1 8 1 10 12 1 10 12 1 10 12 1 10 12 1 1 7 1 1 1 1 3 1 3 1 3 1 3 1 3 1 3 1 3 1 3 1 3 1 3 1 1 1 1 1 1 1 1 1 1 3 1 3 1 1 1 1 3 1 1 1 1 1 1 1 1 1 1 1 1 1 1 1 1 1 1 1 1 1 1 1 1 1 1 1 1 1 1 1 1 1 1 1 1 1 1 1 1 1 1 1 1 1 1 1 1 1 1 1 1 1 1 1 1 1 100 1 1 1 1 1 1 1 1 1 100 1 1 1 1 1 1 1 1 1 1 1 1 1 1 1 1 1 1 1 1 1 1 1 1 1 1 1 1 1 1 1 1 1 1 1 1 1 1 1 1 1 1 1 1 1 1 1 1 1 1 1 1
staticfield java/lang/invoke/DirectMethodHandle IMPL_NAMES Ljava/lang/invoke/MemberName$Factory; java/lang/invoke/MemberName$Factory
staticfield java/lang/invoke/DirectMethodHandle FT_UNCHECKED_REF I 8
staticfield java/lang/invoke/DirectMethodHandle ACCESSOR_FORMS [Ljava/lang/invoke/LambdaForm; 132 [Ljava/lang/invoke/LambdaForm;
staticfield java/lang/invoke/DirectMethodHandle ALL_WRAPPERS [Lsun/invoke/util/Wrapper; 10 [Lsun/invoke/util/Wrapper;
staticfield java/lang/invoke/DirectMethodHandle NFS [Ljava/lang/invoke/LambdaForm$NamedFunction; 12 [Ljava/lang/invoke/LambdaForm$NamedFunction;
staticfield java/lang/invoke/DirectMethodHandle OBJ_OBJ_TYPE Ljava/lang/invoke/MethodType; java/lang/invoke/MethodType
staticfield java/lang/invoke/DirectMethodHandle LONG_OBJ_TYPE Ljava/lang/invoke/MethodType; java/lang/invoke/MethodType
staticfield java/lang/invoke/DirectMethodHandle $assertionsDisabled Z 1
ciInstanceKlass java/lang/invoke/DirectMethodHandle$StaticAccessor 1 1 96 10 7 12 1 1 1 10 7 12 1 1 1 9 7 12 1 1 1 9 12 1 1 9 12 1 1 10 7 12 1 1 1 9 12 1 1 9 12 1 1 10 12 1 9 12 1 10 12 1 1 100 1 10 12 1 9 12 1 1 10 12 1 1 10 12 1 1 1 1 1 1 1 1 1 1 1 1 1 1 1 1 1 1 1 1 1 1 1 1 1 1 1 1 1 1
staticfield java/lang/invoke/DirectMethodHandle$StaticAccessor $assertionsDisabled Z 1
ciInstanceKlass java/lang/invoke/DirectMethodHandle$Accessor 1 1 93 10 7 12 1 1 1 10 7 12 1 1 1 9 7 12 1 1 1 9 12 1 1 10 7 12 1 1 1 9 12 1 1 9 12 1 1 10 12 1 9 12 1 10 12 1 1 100 1 10 12 1 9 12 1 1 10 12 1 1 10 12 1 1 1 1 1 1 1 1 1 1 1 1 1 1 1 1 1 1 1 1 1 1 1 1 1 1 1 1 1 1 1
staticfield java/lang/invoke/DirectMethodHandle$Accessor $assertionsDisabled Z 1
instanceKlass java/lang/invoke/VarHandleReferences$FieldStaticReadOnly
instanceKlass java/lang/invoke/VarHandleReferences$Array
instanceKlass java/lang/invoke/VarHandleLongs$Array
instanceKlass java/lang/invoke/VarHandleBooleans$FieldInstanceReadOnly
instanceKlass java/lang/invoke/VarHandleReferences$FieldInstanceReadOnly
instanceKlass java/lang/invoke/VarHandleByteArrayAsDoubles$ByteArrayViewVarHandle
instanceKlass java/lang/invoke/VarHandleByteArrayAsLongs$ByteArrayViewVarHandle
instanceKlass java/lang/invoke/VarHandleByteArrayAsFloats$ByteArrayViewVarHandle
instanceKlass java/lang/invoke/VarHandleByteArrayAsInts$ByteArrayViewVarHandle
instanceKlass java/lang/invoke/VarHandleByteArrayAsChars$ByteArrayViewVarHandle
instanceKlass java/lang/invoke/VarHandleByteArrayAsShorts$ByteArrayViewVarHandle
instanceKlass java/lang/invoke/VarHandleInts$FieldInstanceReadOnly
ciInstanceKlass java/lang/invoke/VarHandle 1 1 473 10 7 12 1 1 1 10 7 12 1 1 9 12 1 1 9 12 1 1 100 1 10 8 1 10 12 1 1 10 7 12 1 1 1 10 12 1 1 10 100 12 1 1 1 9 100 12 1 1 1 10 12 1 1 10 100 12 1 1 1 10 12 1 1 9 12 1 10 12 1 9 12 1 1 10 7 12 1 1 10 12 1 9 7 12 1 1 1 9 12 1 1 10 12 1 1 100 1 100 1 10 8 1 10 12 1 1 10 12 1 8 1 10 12 1 10 12 1 9 12 1 1 9 12 1 10 12 1 10 12 1 1 10 12 1 10 10 100 12 1 1 1 10 12 1 1 10 12 1 1 10 100 12 1 1 1 10 100 12 1 1 1 10 100 12 1 1 1 9 12 1 1 9 10 12 1 10 12 1 10 12 1 1 10 12 1 10 100 12 1 1 1 9 12 1 1 10 12 1 1 9 12 1 10 12 1 10 12 1 10 100 12 1 1 100 1 10 9 7 12 1 1 1 9 12 1 1 10 7 12 1 1 1 10 12 1 10 12 1 10 12 1 10 12 1 10 12 1 10 12 1 1 8 10 12 1 1 7 1 10 12 1 1 100 1 1 1 1 1 1 1 1 1 1 1 1 1 1 1 1 1 1 1 1 1 1 1 1 1 1 1 1 1 1 1 1 1 1 1 1 1 1 1 1 1 1 1 1 1 1 1 1 1 1 1 1 1 1 1 1 1 1 1 1 1 1 1 1 1 1 1 1 100 1 1 1 1 1 1 1 1 100 1 1 1 1 1 1 1 1 1 1 1 1 100 1 100 1 1 100 1 100 1 100 1 100 1 100 1 100 1 100 1 100 1 100 1 100 1 100 1 100 1 100 1 100 1 100 1 100 1 100 1 100 1 100 1 100 1 100 1 100 1 100 1 100 1 100 1 100 1 100 1 100 1 100 1 100 1 100 1 100 1 100 1 100 1 100 1 1 1 1 1 1 100 1 1 1 100 1 1 100 1 100 1 100 1 100 1 100 1 100 1 1 1 1 100 1 100 1 100 1 100 1 100 1 100 1 100 1 100 1
staticfield java/lang/invoke/VarHandle VFORM_OFFSET J 16
staticfield java/lang/invoke/VarHandle $assertionsDisabled Z 1
ciInstanceKlass java/lang/invoke/MemberName 1 1 724 7 1 7 1 100 1 9 12 1 1 10 7 12 1 1 1 9 12 1 1 10 12 1 1 10 12 1 1 10 12 1 1 10 12 1 10 12 1 1 10 7 12 1 1 1 10 12 1 9 7 12 1 1 10 12 1 100 1 100 1 10 12 1 8 1 10 12 1 1 10 12 1 10 12 1 1 10 12 1 9 12 1 1 8 1 10 100 12 1 1 1 7 1 10 10 12 1 1 7 1 7 1 10 12 1 9 12 1 1 100 1 8 1 10 12 1 10 12 1 10 12 1 10 12 1 10 12 1 1 10 12 1 10 12 1 10 12 1 1 8 1 8 1 10 12 1 8 1 9 12 1 1 3 10 12 1 10 12 1 10 12 1 10 10 7 12 1 1 1 10 12 1 10 12 1 10 12 1 10 12 1 7 1 8 10 12 1 1 10 12 1 1 8 1 9 100 1 8 9 100 1 10 12 1 1 10 12 1 10 12 1 8 1 10 12 1 1 10 12 1 10 12 1 10 12 1 10 12 1 1 100 1 10 12 1 1 10 12 1 8 1 10 12 1 10 12 1 8 1 10 12 1 1 10 12 1 1 100 1 10 12 1 1 10 12 8 1 8 1 100 1 10 12 1 10 100 12 1 1 1 100 1 10 12 10 12 1 10 12 1 10 12 1 10 12 1 10 10 12 1 10 12 1 10 12 1 3 10 12 1 3 10 12 1 3 3 3 3 3 3 10 12 1 3 9 12 1 10 12 1 1 3 10 12 1 10 10 7 12 1 1 1 10 12 1 1 10 7 12 1 1 10 10 12 1 10 12 1 1 10 12 1 10 10 12 1 1 10 12 1 10 12 1 10 12 1 100 1 10 10 10 12 100 1 10 10 10 12 1 1 10 12 1 1 10 10 12 1 8 10 7 1 10 12 1 10 7 1 10 12 1 10 12 1 10 12 1 10 10 12 1 10 12 1 1 10 12 1 1 10 12 1 10 12 1 10 12 1 100 1 10 12 1 1 100 1 8 1 10 7 1 10 12 1 10 12 10 12 1 1 10 12 1 10 12 1 8 1 8 1 8 1 8 1 10 12 1 10 12 1 10 7 12 1 1 1 8 1 8 1 10 12 1 8 1 10 10 10 12 1 10 12 1 8 1 8 1 10 10 12 1 8 1 10 100 12 1 1 1 8 1 100 1 10 12 1 10 12 1 1 10 12 1 8 1 8 1 8 1 8 1 100 1 10 8 1 8 1 8 1 8 1 10 12 1 100 1 100 1 100 1 10 100 1 10 100 1 10 100 12 1 1 1 9 7 12 1 1 1 100 1 100 1 1 1 1 1 1 1 3 1 3 1 3 1 3 1 3 1 3 1 1 1 1 1 1 1 1 3 1 3 1 1 1 1 1 1 1 1 1 1 1 1 1 1 1 1 1 1 1 1 1 1 1 1 1 1 1 1 1 1 1 1 1 1 1 1 1 1 1 1 1 1 1 1 1 1 1 1 1 1 1 1 1 1 1 1 1 1 1 1 1 1 1 1 1 1 1 1 1 1 1 1 1 1 1 1 1 1 1 1 1 1 1 1 1 1 1 1 1 1 1 1 1 1 1 1 100 1 1 1 1 1 1 1 1 1 1 1 1 1 1 1
staticfield java/lang/invoke/MemberName $assertionsDisabled Z 1
ciInstanceKlass java/lang/invoke/ResolvedMethodName 1 1 16 10 100 12 1 1 1 100 1 1 1 1 1 1 1 1
ciInstanceKlass java/lang/invoke/MethodHandleNatives 1 1 690 100 1 10 7 12 1 1 1 9 7 12 1 1 1 10 12 1 1 100 1 10 10 12 1 1 10 12 1 10 12 1 8 1 8 1 8 1 8 1 8 1 8 1 8 1 8 1 8 1 8 1 10 12 1 1 7 1 10 7 12 1 1 1 10 100 12 1 1 1 7 1 10 10 12 1 1 8 1 10 12 1 8 1 10 12 1 1 8 1 10 12 1 1 9 100 12 1 1 1 8 1 10 100 12 1 1 1 100 1 10 12 100 1 100 1 8 1 7 1 10 10 12 1 7 1 9 7 12 1 1 10 12 1 1 10 12 1 10 7 12 1 1 1 10 12 1 1 9 12 1 8 1 10 12 1 1 10 12 1 8 1 10 12 1 1 7 1 10 12 1 10 7 12 1 1 1 10 12 1 10 12 1 1 10 12 1 1 8 1 10 12 1 1 8 1 10 12 1 8 1 8 1 8 1 100 1 10 12 1 8 1 10 100 12 1 1 1 10 12 1 1 10 100 12 1 1 10 10 12 1 1 10 12 1 10 100 12 1 1 1 100 1 8 1 10 100 12 1 1 1 7 1 8 1 10 12 1 8 1 8 1 8 1 8 1 8 1 10 12 1 1 10 12 1 1 10 12 1 10 12 1 1 10 12 1 1 7 1 10 12 1 100 1 100 1 10 12 1 10 12 1 8 1 8 1 10 10 12 1 1 10 12 1 1 8 1 10 100 12 1 1 8 1 8 1 10 12 1 1 10 7 12 1 1 1 100 1 10 12 1 1 7 1 9 12 1 1 10 7 12 1 1 1 10 10 12 1 9 12 1 10 12 1 9 12 1 9 12 1 10 12 1 1 10 12 1 10 12 1 1 7 1 7 1 10 12 1 1 10 12 1 10 12 1 1 10 7 12 1 1 1 10 12 1 8 1 10 12 1 10 12 1 10 12 1 1 10 12 1 10 7 12 1 1 1 10 12 1 1 100 1 8 1 10 9 7 12 1 1 1 10 12 1 1 10 12 1 1 100 1 10 12 1 1 10 12 1 1 100 1 100 1 10 10 100 1 100 1 10 100 1 10 10 12 1 1 10 100 1 10 12 1 10 12 1 1 10 12 1 1 10 12 1 1 10 12 1 10 12 1 1 10 8 1 10 12 1 10 12 1 10 12 1 10 12 1 10 12 1 1 10 12 1 10 12 1 10 12 1 10 10 7 12 1 1 10 12 1 1 1 1 1 1 1 1 1 1 1 1 1 100 1 1 1 1 1 1 1 1 1 1 1 1 1 1 1 1 1 1 1 1 1 1 1 1 1 1 1 1 1 1 1 1 1 1 1 1 1 1 1 1 1 1 1 1 1 1 1 1 1 1 1 1 1 1 1 1 1 1 1 1 1 1 1 1 1 100 1 1 1 1 1 1 1 1 1 1 1 1 1 1 1 1 1 1 1 1 1 1 1 1 1 1 1 1 1 1 1 1 1 100 1 1 1 1 1 1 1 1 1 1 1 1 1 1 1 1 1 1 1 1 1 1 1 1 1 1 100 1 1 1 1 1 1 1 100 1 1 1
staticfield java/lang/invoke/MethodHandleNatives $assertionsDisabled Z 1
ciInstanceKlass java/lang/invoke/LambdaForm 1 1 1059 7 1 100 1 10 7 12 1 1 1 9 12 1 1 9 12 1 9 12 1 9 12 1 1 9 12 1 1 9 12 1 1 9 12 1 1 9 12 1 1 9 12 1 10 7 12 1 1 9 12 1 10 12 1 1 100 1 10 10 12 1 1 10 12 1 10 12 1 10 12 1 1 10 12 1 9 12 1 9 12 1 10 12 1 1 10 7 12 1 1 1 10 12 1 1 9 100 12 1 1 1 10 12 1 1 9 7 12 1 1 10 12 1 10 12 1 1 10 12 1 1 10 12 1 1 7 1 10 7 12 1 1 1 10 12 1 1 10 12 1 10 12 1 1 9 12 1 1 9 12 1 9 12 1 1 10 12 1 9 12 1 10 100 12 1 1 1 10 12 1 1 100 1 10 12 1 9 12 1 1 10 100 12 1 1 1 10 12 1 10 12 1 7 1 10 12 1 10 12 1 10 12 1 1 10 12 1 1 10 12 1 10 12 1 10 12 1 10 12 1 1 8 1 10 12 1 10 12 1 10 10 12 1 8 1 8 1 9 12 1 9 12 1 1 10 12 1 1 10 12 1 9 12 1 10 12 1 1 10 7 12 1 1 1 10 12 1 1 10 12 1 10 12 1 10 100 12 1 1 1 9 12 1 10 12 1 8 1 8 1 8 1 8 1 8 1 8 1 8 1 8 1 10 12 1 9 12 1 7 1 10 12 1 1 9 12 1 10 12 1 10 12 1 1 10 12 10 12 1 10 12 1 1 10 12 1 1 10 10 12 1 1 10 12 1 1 7 1 8 1 10 12 1 1 10 12 1 10 12 1 1 10 8 1 10 12 1 1 8 1 8 1 8 1 10 12 1 10 12 1 10 12 1 1 100 1 10 12 1 1 10 12 1 1 10 7 12 1 1 1 10 12 1 1 9 12 1 1 8 1 10 100 12 1 1 1 10 7 12 1 1 10 12 10 12 1 1 10 12 1 1 9 12 1 8 10 12 1 1 100 1 10 12 1 1 10 12 1 9 7 12 1 1 9 100 12 1 1 1 8 1 10 100 12 1 1 10 12 1 1 100 1 100 1 10 10 12 1 1 10 12 1 1 8 1 8 1 100 1 8 1 10 12 10 12 1 10 12 1 10 12 1 1 8 1 8 1 10 12 1 10 12 1 1 8 1 8 1 8 1 100 1 8 1 100 1 8 1 100 1 8 1 10 12 1 8 1 9 10 7 12 1 1 1 10 12 1 9 12 1 1 10 12 1 10 10 12 1 10 12 1 10 12 1 10 12 1 1 10 12 1 10 12 1 1 10 12 1 1 10 12 1 1 10 12 1 1 8 1 100 10 12 1 10 12 1 9 12 1 1 10 7 12 1 1 8 1 8 1 100 1 8 1 8 1 8 1 8 1 8 1 8 1 8 1 8 1 10 12 1 1 10 12 1 1 10 12 1 10 12 1 10 12 1 10 12 1 8 1 8 1 8 1 10 12 1 8 1 10 12 1 8 1 8 1 8 1 8 1 8 1 10 12 1 10 12 1 10 12 1 1 10 7 12 1 1 1 10 12 1 10 12 1 10 12 1 10 12 1 10 12 1 10 12 1 10 12 1 9 12 1 1 8 1 10 12 1 1 9 12 1 1 10 12 1 1 9 12 1 9 12 1 1 9 12 1 9 12 1 1 7 1 10 7 12 1 1 1 9 12 1 10 12 1 10 12 1 8 1 10 12 1 9 12 1 1 7 1 10 7 12 1 1 1 8 1 100 1 10 12 1 9 12 1 9 12 1 10 12 1 10 12 1 10 7 12 1 1 1 10 12 1 9 7 12 1 1 10 12 1 1 10 12 1 10 12 1 10 12 1 9 12 10 12 1 10 10 12 1 9 12 1 9 9 12 1 7 9 12 1 1 10 12 1 1 9 12 1 10 12 1 10 7 1 9 1 1 1 1 3 1 3 1 1 3 1 3 1 1 1 1 1 1 1 1 1 1 1 1 1 1 1 1 1 1 1 1 1 1 1 1 1 1 1 1 1 1 1 1 1 1 1 1 1 1 1 1 1 1 1 1 1 1 1 1 1 1 1 100 1 1 1 1 1 1 1 1 1 1 1 1 1 1 1 1 1 1 1 1 1 1 1 1 1 1 1 1 1 1 1 1 1 1 1 1 1 1 1 1 1 1 1 1 1 1 1 1 1 1 1 1 1 1 1 1 1 1 1 1 1 1 100 1 1 1 1 1 1 1 1 1 1 1 1 1 1 1 1 1 1 1 1 1 1 1 1 1 1 1 1 1 1 1 1 1 1 100 1 1 1 1 1 1 1 1 1 1 1 1 1 1 1 1 1 1 1 1 1 1 100 1 1 1 100 1 1 100 1 1 1 1 1 1 1 1 1 1 1
staticfield java/lang/invoke/LambdaForm DEFAULT_CUSTOMIZED Ljava/lang/invoke/MethodHandle; null
staticfield java/lang/invoke/LambdaForm DEFAULT_KIND Ljava/lang/invoke/LambdaForm$Kind; java/lang/invoke/LambdaForm$Kind
staticfield java/lang/invoke/LambdaForm COMPILE_THRESHOLD I 0
staticfield java/lang/invoke/LambdaForm INTERNED_ARGUMENTS [[Ljava/lang/invoke/LambdaForm$Name; 5 [[Ljava/lang/invoke/LambdaForm$Name;
staticfield java/lang/invoke/LambdaForm IMPL_NAMES Ljava/lang/invoke/MemberName$Factory; java/lang/invoke/MemberName$Factory
staticfield java/lang/invoke/LambdaForm LF_identity [Ljava/lang/invoke/LambdaForm; 6 [Ljava/lang/invoke/LambdaForm;
staticfield java/lang/invoke/LambdaForm LF_zero [Ljava/lang/invoke/LambdaForm; 6 [Ljava/lang/invoke/LambdaForm;
staticfield java/lang/invoke/LambdaForm NF_identity [Ljava/lang/invoke/LambdaForm$NamedFunction; 6 [Ljava/lang/invoke/LambdaForm$NamedFunction;
staticfield java/lang/invoke/LambdaForm NF_zero [Ljava/lang/invoke/LambdaForm$NamedFunction; 6 [Ljava/lang/invoke/LambdaForm$NamedFunction;
staticfield java/lang/invoke/LambdaForm createFormsLock Ljava/lang/Object; java/lang/Object
staticfield java/lang/invoke/LambdaForm DEBUG_NAME_COUNTERS Ljava/util/HashMap; null
staticfield java/lang/invoke/LambdaForm DEBUG_NAMES Ljava/util/HashMap; null
staticfield java/lang/invoke/LambdaForm TRACE_INTERPRETER Z 0
staticfield java/lang/invoke/LambdaForm $assertionsDisabled Z 1
ciInstanceKlass java/lang/invoke/TypeDescriptor$OfMethod 1 0 43 100 1 100 1 100 1 1 1 1 1 1 1 1 1 1 1 1 1 1 1 1 1 1 1 1 1 1 1 1 1 1 1 1 1 1 1 1 1 1 100 1 1
ciInstanceKlass java/lang/invoke/MethodType 1 1 780 7 1 10 7 12 1 1 1 9 12 1 1 9 12 1 1 9 12 1 1 10 7 12 1 1 1 9 7 12 1 1 8 1 10 100 12 1 1 1 9 7 1 9 7 1 10 12 1 1 100 1 10 8 1 10 12 1 1 10 12 1 10 12 1 1 100 1 8 1 10 12 1 100 1 10 10 12 1 10 12 1 1 10 12 1 1 11 7 12 1 1 1 9 12 1 11 12 1 1 7 10 12 1 1 10 12 1 1 7 1 7 1 10 7 12 1 1 1 10 12 1 10 12 1 9 12 1 1 10 7 12 1 1 10 12 1 1 10 7 12 1 1 1 10 7 12 1 1 1 10 12 1 9 12 1 1 10 12 1 1 10 12 1 1 10 12 1 1 10 12 1 1 10 12 1 1 10 12 1 10 12 1 10 12 1 1 10 12 1 8 1 8 1 10 12 1 1 9 12 1 1 100 1 10 10 12 1 1 10 12 1 10 12 1 1 10 12 1 1 10 12 1 10 12 1 10 12 1 8 1 10 12 1 1 10 7 12 1 1 1 10 12 1 10 12 1 1 10 12 1 10 12 1 10 12 1 1 10 12 1 10 12 1 9 12 1 10 12 1 10 10 12 1 1 10 12 1 9 12 1 1 10 12 1 1 11 12 1 1 10 12 1 1 10 12 1 10 12 1 100 1 8 1 8 1 8 1 10 12 1 10 12 1 10 12 1 1 10 10 12 1 11 12 1 1 11 12 1 10 100 12 1 1 1 9 12 1 10 12 1 10 12 1 1 10 12 1 1 10 12 1 10 12 1 10 100 12 1 1 1 10 12 1 1 10 12 1 10 12 1 10 12 1 10 9 12 1 1 7 1 10 12 1 10 12 1 1 9 100 12 1 1 1 10 100 12 1 1 1 10 100 12 1 1 1 10 12 1 1 10 7 12 1 1 1 10 12 1 1 8 1 10 7 12 1 1 1 11 12 1 1 9 12 1 1 10 12 1 1 10 12 1 10 12 1 1 10 12 1 1 10 100 12 1 1 100 1 10 12 1 1 11 100 12 1 1 18 12 1 1 11 12 1 1 18 12 1 11 12 1 100 1 11 100 12 1 1 10 12 1 100 1 10 12 1 10 100 12 1 1 10 12 1 1 9 12 1 1 9 100 12 1 1 1 10 100 12 1 1 1 9 12 1 10 100 12 1 1 10 12 1 100 10 12 1 1 10 12 1 7 1 10 10 12 1 1 7 1 7 1 9 12 1 1 100 1 100 1 100 1 1 1 5 0 1 1 1 1 1 1 1 3 1 3 1 3 1 1 1 1 1 1 1 1 1 1 1 1 1 1 1 1 1 1 1 1 1 1 1 1 1 1 1 1 1 1 1 1 1 1 1 1 1 1 1 1 1 1 1 1 1 1 1 1 1 1 1 1 1 1 1 1 1 1 1 1 1 1 1 1 1 1 1 1 1 1 1 1 1 1 1 1 1 1 1 1 1 1 1 1 1 1 1 1 1 1 1 1 1 1 1 1 1 1 1 1 1 1 1 1 1 1 1 1 1 1 1 1 1 1 1 1 1 1 1 1 1 1 1 1 1 1 1 1 1 1 100 1 100 1 1 1 1 1 1 1 1 1 1 1 1 1 100 1 1 1 100 1 1 1 1 1 1 1 1 1 1 1 1 1 1 1 1 1 1 1 1 1 1 16 15 10 12 16 16 15 10 12 16 15 10 100 12 1 1 1 1 1 100 1 1 100 1 1 100 1 100 1 1
staticfield java/lang/invoke/MethodType internTable Ljdk/internal/util/ReferencedKeySet; jdk/internal/util/ReferencedKeySet
staticfield java/lang/invoke/MethodType NO_PTYPES [Ljava/lang/Class; 0 [Ljava/lang/Class;
staticfield java/lang/invoke/MethodType objectOnlyTypes [Ljava/lang/invoke/MethodType; 20 [Ljava/lang/invoke/MethodType;
staticfield java/lang/invoke/MethodType METHOD_HANDLE_ARRAY [Ljava/lang/Class; 1 [Ljava/lang/Class;
staticfield java/lang/invoke/MethodType serialPersistentFields [Ljava/io/ObjectStreamField; 0 [Ljava/io/ObjectStreamField;
staticfield java/lang/invoke/MethodType $assertionsDisabled Z 1
ciInstanceKlass java/lang/BootstrapMethodError 0 0 45 10 100 12 1 1 1 10 12 1 10 12 1 10 100 12 1 1 1 10 100 12 1 1 1 1 1 1 5 0 1 1 1 1 1 1 1 1 1 1 1 100 1 1 1
instanceKlass java/lang/invoke/VolatileCallSite
instanceKlass java/lang/invoke/MutableCallSite
instanceKlass java/lang/invoke/ConstantCallSite
ciInstanceKlass java/lang/invoke/CallSite 1 1 307 10 7 12 1 1 1 10 7 12 1 1 1 9 7 12 1 1 1 10 12 1 1 9 12 1 1 10 7 12 1 1 1 10 12 1 100 1 10 12 1 1 10 12 1 1 9 100 12 1 1 1 10 100 12 1 1 10 12 1 1 100 1 100 1 10 10 100 12 1 1 1 10 12 1 1 8 1 10 12 1 10 12 1 1 10 12 1 10 12 1 1 10 12 1 1 10 10 100 12 1 1 10 12 1 1 9 12 1 9 100 12 1 1 1 8 1 10 7 12 1 1 1 10 12 1 1 100 1 10 12 1 1 9 12 1 8 1 100 1 10 12 1 10 12 1 100 1 8 1 10 10 12 1 10 12 1 1 100 1 10 12 1 1 10 12 1 10 12 1 10 12 1 1 10 12 1 1 9 12 1 1 8 10 12 1 1 9 12 1 1 100 1 10 10 12 1 10 100 12 1 1 1 10 12 1 1 10 12 1 1 10 12 1 10 7 12 1 1 1 100 1 8 1 10 10 12 10 12 1 1 100 1 100 1 100 1 8 1 10 12 1 10 7 12 1 1 1 1 1 1 1 1 1 1 1 1 1 1 1 1 1 1 1 1 1 1 1 1 1 1 1 1 1 1 1 1 1 1 1 1 1 1 1 1 1 1 1 1 1 1 1 1 1 1 1 1 1 1 1 100 1 100 1 1 1 1
staticfield java/lang/invoke/CallSite $assertionsDisabled Z 1
ciInstanceKlass jdk/internal/foreign/abi/NativeEntryPoint 0 0 194 10 100 12 1 1 1 9 100 12 1 1 1 9 12 1 1 100 1 8 1 10 12 1 10 12 1 1 100 1 10 100 12 1 1 1 10 12 1 9 12 1 1 18 12 1 1 10 100 12 1 1 1 10 100 12 1 1 1 9 100 12 1 1 1 100 1 10 8 1 10 12 1 1 10 12 1 10 12 1 1 8 1 10 12 1 1 100 1 8 1 10 12 1 10 12 1 1 10 12 1 9 12 1 1 18 12 1 1 10 100 12 1 1 1 10 12 1 1 10 12 1 10 100 12 1 1 1 10 1 1 1 1 1 1 1 1 1 1 1 1 1 1 1 1 1 1 1 1 1 1 1 1 1 1 1 1 1 1 1 1 1 1 1 1 1 16 1 15 10 12 16 1 16 15 10 12 15 10 100 12 1 1 1 1 1 100 1 1 100 1 100 1 1
ciInstanceKlass jdk/internal/foreign/abi/ABIDescriptor 0 0 55 10 100 12 1 1 1 9 100 12 1 1 1 9 12 1 1 9 12 1 9 12 1 9 12 1 1 9 12 1 9 12 1 1 9 12 1 9 12 1 9 12 1 9 12 1 1 1 1 1 1 1 1 1 1
ciInstanceKlass jdk/internal/foreign/abi/VMStorage 0 0 91 10 100 12 1 1 1 9 100 12 1 1 1 9 12 1 1 9 12 1 1 9 12 1 1 100 1 10 8 1 10 12 1 1 10 12 1 10 12 1 1 10 12 1 18 12 1 18 12 1 1 18 12 1 1 1 1 1 1 1 1 1 1 1 1 1 1 1 1 1 1 1 8 1 15 15 15 15 15 10 100 12 1 1 1 1 100 1 100 1 1
ciInstanceKlass jdk/internal/foreign/abi/UpcallLinker$CallRegs 0 0 66 10 100 12 1 1 1 9 100 12 1 1 1 9 12 1 18 12 1 1 18 12 1 1 18 12 1 1 1 1 1 1 1 1 1 1 1 1 1 1 1 1 1 1 100 1 1 1 8 1 15 15 15 10 100 12 1 1 1 1 1 100 1 100 1 1
ciInstanceKlass java/lang/invoke/MethodHandleNatives$CallSiteContext 1 1 49 10 7 12 1 1 1 7 1 10 10 7 12 1 1 1 10 7 12 1 1 1 10 7 12 1 1 1 100 1 1 1 1 1 1 1 1 1 1 1 1 1 1 1 1 1 100 1 1
ciInstanceKlass java/lang/invoke/ConstantCallSite 1 1 65 10 7 12 1 1 1 9 7 12 1 1 1 9 12 1 1 10 7 12 1 1 1 10 12 1 100 1 10 12 9 12 1 1 100 1 10 10 12 1 1 10 12 1 1 1 1 1 1 1 1 1 1 1 1 1 100 1 1 1 1 1 1 1 1
staticfield java/lang/invoke/ConstantCallSite UNSAFE Ljdk/internal/misc/Unsafe; jdk/internal/misc/Unsafe
ciInstanceKlass java/lang/invoke/MutableCallSite 0 0 63 10 100 12 1 1 1 10 12 1 9 100 12 1 1 1 10 12 1 10 12 1 1 9 12 1 1 10 100 12 1 1 1 10 100 12 1 1 1 10 12 1 1 1 1 1 1 1 1 1 1 1 1 1 1 1 1 1 1 100 1 1 1
ciInstanceKlass java/lang/invoke/VolatileCallSite 0 0 37 10 100 12 1 1 1 10 12 1 10 100 12 1 1 1 10 12 1 10 12 1 1 1 1 1 1 1 1 1 1 1 1 1 1 1 1
ciInstanceKlass java/lang/AssertionStatusDirectives 0 0 24 10 100 12 1 1 1 100 1 1 1 1 1 1 1 1 1 1 1 1 1 1 1 1
ciInstanceKlass java/lang/Appendable 1 0 14 100 1 100 1 1 1 1 100 1 1 1 1 1
instanceKlass java/lang/StringBuilder
instanceKlass java/lang/StringBuffer
ciInstanceKlass java/lang/AbstractStringBuilder 1 1 605 7 1 10 7 12 1 1 1 9 7 12 1 1 1 9 12 1 9 12 1 1 9 12 1 1 10 7 12 1 1 1 10 12 1 1 7 1 3 3 10 12 1 10 12 1 1 11 7 1 100 1 100 1 10 8 1 10 12 1 10 12 1 10 12 1 1 10 12 1 10 12 1 9 12 1 10 12 1 9 12 1 1 10 12 1 1 10 7 12 1 1 1 10 10 12 1 10 12 1 10 12 1 1 10 12 1 1 10 7 12 1 1 1 10 7 12 1 1 1 100 1 8 1 10 10 12 1 1 100 1 10 12 10 12 1 1 10 10 12 1 1 10 12 1 1 10 12 1 1 10 12 1 1 10 10 7 12 1 1 1 10 12 1 100 1 10 10 7 12 1 1 1 9 12 1 1 9 12 1 10 12 1 1 10 10 12 1 1 10 12 10 12 1 10 12 1 1 10 12 1 1 10 12 1 1 10 12 1 10 12 1 1 10 12 1 1 10 12 1 10 12 1 1 8 1 10 12 1 1 10 12 1 10 12 1 10 12 1 10 12 1 10 12 1 10 12 1 10 7 12 1 1 10 12 1 10 12 1 10 7 12 1 1 1 100 1 100 1 10 12 1 10 100 12 1 1 10 12 1 10 12 1 10 12 1 10 12 1 1 10 12 1 10 12 1 1 10 12 1 1 10 10 7 12 1 1 1 10 12 1 10 12 1 10 12 1 1 10 12 1 10 12 1 10 12 1 10 12 1 10 12 1 10 12 1 10 12 1 10 12 1 10 12 1 1 10 12 1 10 12 1 10 12 10 12 1 1 18 12 1 1 100 1 10 100 12 1 1 1 18 10 12 1 1 10 12 1 10 12 1 1 11 12 1 1 10 12 1 10 12 10 12 1 10 10 10 12 1 10 5 0 10 10 12 1 1 100 1 8 1 10 10 12 1 1 10 100 12 1 1 1 10 12 1 10 12 1 1 100 1 10 12 100 1 10 100 1 10 100 1 1 1 1 1 1 1 1 1 1 1 100 1 1 1 1 1 1 1 1 1 1 1 1 1 1 1 1 1 1 1 1 1 1 1 1 1 1 1 1 1 1 1 1 1 1 1 1 1 1 1 1 1 1 1 1 1 1 1 1 1 1 1 1 1 1 1 1 1 1 1 1 1 1 1 1 1 1 1 1 1 1 1 1 1 1 1 1 1 1 1 1 1 1 1 1 1 1 1 1 1 1 1 1 1 1 1 1 1 1 1 1 100 1 1 1 1 1 1 1 1 1 1 1 1 1 1 1 1 1 100 1 1 1 1 1 1 100 1 1 16 1 15 10 12 16 15 10 12 15 10 100 12 1 1 1 1 1 1 1 100 1 100 1 1
staticfield java/lang/AbstractStringBuilder EMPTYVALUE [B 0
ciInstanceKlass java/lang/StringBuffer 1 1 483 10 7 12 1 1 1 10 12 1 10 12 1 10 12 1 1 9 7 12 1 1 1 10 12 1 1 10 12 1 10 12 1 1 9 12 1 1 10 12 1 10 12 1 1 10 12 1 1 10 12 1 10 12 1 1 10 12 1 10 12 1 1 10 12 1 1 10 7 12 1 1 1 10 12 1 1 10 12 1 10 12 1 10 12 1 10 12 1 10 12 1 10 12 1 10 12 1 10 12 1 10 12 1 10 12 1 10 12 1 10 12 1 10 12 1 10 12 1 1 10 12 1 10 12 1 1 10 12 1 1 10 10 12 1 1 10 12 1 10 12 1 10 12 1 10 12 1 10 12 1 10 12 1 10 12 10 12 1 10 12 1 10 12 1 10 12 1 1 10 12 1 10 12 1 10 10 12 1 1 10 12 1 10 12 1 10 12 1 10 10 100 12 1 1 1 10 10 12 1 1 9 12 1 1 10 100 12 1 1 10 100 1 8 10 100 12 1 1 1 8 10 12 1 8 1 10 12 1 10 12 1 10 100 12 1 1 1 10 100 12 1 1 1 7 1 10 12 100 1 8 1 10 10 12 1 1 10 12 1 1 10 12 1 10 12 1 10 12 1 1 10 12 1 10 12 1 10 12 1 10 12 1 10 12 1 10 12 10 12 1 10 12 1 10 12 1 10 12 1 10 12 1 10 12 1 10 12 1 10 12 1 10 12 1 10 12 1 10 12 10 12 10 12 1 10 12 1 10 12 1 10 12 10 12 1 10 12 1 10 12 1 10 12 1 10 12 1 10 12 1 10 12 1 10 12 1 10 12 1 10 12 1 10 12 1 7 1 10 12 1 9 7 12 1 1 1 9 7 1 9 12 1 1 100 1 100 1 100 1 100 1 1 1 1 5 0 1 1 1 1 1 1 1 1 1 1 1 1 1 1 1 1 1 1 1 1 1 1 1 1 1 1 1 1 1 1 1 1 1 1 1 1 1 1 1 1 1 1 1 1 1 1 1 1 1 1 1 1 1 1 1 1 1 1 1 1 1 100 1 1 1 1 1 100 1 1 1 1 1 1 1 1 1 1 1 1 1 1 1 1 1 1
staticfield java/lang/StringBuffer serialPersistentFields [Ljava/io/ObjectStreamField; 3 [Ljava/io/ObjectStreamField;
ciInstanceKlass java/lang/StringBuilder 1 1 422 10 7 12 1 1 1 10 12 1 10 12 1 10 12 1 1 10 7 12 1 1 1 10 7 12 1 1 1 10 12 1 10 12 1 10 12 1 10 12 1 10 12 1 10 12 1 10 12 1 10 12 1 10 12 1 10 12 1 10 12 1 10 12 1 10 12 1 10 12 1 1 10 12 1 10 12 1 1 10 12 1 1 10 12 1 10 12 1 10 12 1 10 12 1 10 12 1 10 12 1 10 12 1 10 12 10 12 1 10 12 1 10 12 1 10 12 1 1 10 12 1 10 12 1 10 12 10 12 1 1 10 12 1 10 12 1 10 12 1 10 100 12 1 1 1 9 12 1 1 10 12 1 10 12 1 1 10 12 1 1 9 12 1 1 10 100 12 1 1 1 10 100 1 10 12 1 1 10 100 12 1 1 10 12 1 10 12 1 1 100 1 100 1 8 1 10 10 12 1 1 10 12 1 10 12 1 10 12 1 1 10 12 1 10 12 1 10 12 1 10 12 1 10 12 1 10 12 10 12 1 10 12 1 10 12 1 10 12 1 10 12 1 10 12 1 10 12 1 10 12 1 10 12 1 1 10 12 1 1 10 12 1 10 12 1 10 12 1 10 12 10 12 10 12 1 10 12 1 10 12 1 10 12 10 12 1 10 12 1 10 12 1 10 12 1 10 12 1 10 12 1 10 12 1 10 12 1 10 12 1 1 10 12 1 10 12 1 1 10 12 1 10 12 1 1 10 12 1 10 12 1 1 10 12 1 10 12 1 10 12 1 10 10 12 1 10 12 1 100 1 100 1 100 1 100 1 1 1 1 5 0 1 1 1 1 1 1 1 1 1 1 1 1 1 1 1 1 1 1 1 1 1 1 1 1 1 1 1 1 1 1 1 1 1 1 1 1 1 1 1 1 1 1 1 1 100 1 1 1 100 1 1 1 1 1 1 1 1 1 1 1
ciInstanceKlass jdk/internal/misc/UnsafeConstants 1 1 34 10 100 12 1 1 1 9 7 12 1 1 1 9 12 1 9 12 1 1 9 12 1 9 12 1 1 1 1 1 1 1 1 1
staticfield jdk/internal/misc/UnsafeConstants ADDRESS_SIZE0 I 8
staticfield jdk/internal/misc/UnsafeConstants PAGE_SIZE I 4096
staticfield jdk/internal/misc/UnsafeConstants BIG_ENDIAN Z 0
staticfield jdk/internal/misc/UnsafeConstants UNALIGNED_ACCESS Z 1
staticfield jdk/internal/misc/UnsafeConstants DATA_CACHE_LINE_FLUSH_SIZE I 0
ciInstanceKlass jdk/internal/misc/Unsafe 1 1 1287 10 7 12 1 1 1 9 7 12 1 1 1 9 12 1 1 10 12 1 1 10 7 12 1 1 1 10 12 1 1 10 12 1 1 10 12 1 1 10 12 1 1 10 12 1 1 10 12 1 1 10 12 1 1 10 12 1 1 10 12 1 1 10 12 1 1 10 12 1 1 10 12 1 1 10 12 1 1 10 12 1 10 12 1 100 1 10 10 12 1 1 10 12 1 1 5 0 10 12 1 1 10 12 1 1 10 7 12 1 1 1 10 12 1 1 10 12 1 10 12 1 10 12 1 1 10 12 1 1 10 12 1 10 12 1 100 1 100 1 10 8 1 10 12 1 1 10 12 1 8 1 10 12 1 1 10 12 1 10 12 1 10 12 1 1 10 12 1 10 12 1 1 10 12 1 1 10 12 1 10 12 1 10 12 1 10 12 1 1 10 12 1 10 12 1 10 12 1 1 10 12 1 5 0 5 0 5 0 10 12 1 10 12 1 10 12 1 10 12 1 10 12 1 10 12 1 10 12 1 10 12 1 10 12 1 1 10 12 1 10 12 1 100 1 8 1 10 100 1 10 10 12 1 1 10 12 1 1 10 12 1 10 12 1 1 10 12 1 1 10 12 1 10 12 1 1 10 12 1 9 7 12 1 1 9 12 1 100 1 10 10 12 1 1 8 1 10 8 1 8 1 10 12 1 1 9 7 12 1 1 1 9 100 1 9 7 1 9 7 1 9 9 100 1 9 7 1 9 100 1 10 12 1 1 10 12 1 1 10 12 1 1 10 12 1 1 5 0 5 0 9 12 1 1 10 12 1 10 12 1 10 12 1 1 10 12 1 1 10 12 1 8 1 3 10 12 1 1 10 12 1 1 10 12 1 10 12 1 1 10 12 1 1 10 12 1 10 12 1 10 12 1 10 12 1 10 12 1 10 12 1 1 10 12 1 1 10 12 1 10 12 1 10 12 1 10 12 1 10 12 1 10 12 1 1 10 12 1 1 10 12 1 10 12 1 10 12 1 10 12 1 10 12 1 10 12 1 1 10 12 1 1 10 12 1 1 10 12 1 1 10 12 1 10 12 1 10 12 1 10 12 1 10 12 1 10 12 1 10 12 1 1 10 12 1 1 10 12 1 10 12 1 10 12 1 10 12 1 10 12 1 10 12 1 10 12 1 1 10 12 1 1 10 12 1 10 12 1 10 12 1 10 12 1 10 12 1 10 12 1 10 12 1 10 12 1 1 10 12 1 10 12 1 10 12 1 10 12 1 10 12 1 1 10 12 1 10 12 1 10 12 1 10 12 1 10 12 1 10 12 1 10 12 1 10 12 1 1 10 12 1 10 12 1 10 12 1 10 12 1 10 12 1 10 12 1 1 10 12 1 10 12 1 10 12 1 1 10 12 1 10 12 1 10 12 1 10 12 1 10 12 1 10 12 1 10 12 1 10 12 1 10 12 1 10 12 1 10 12 1 10 12 1 10 12 1 10 12 1 10 12 1 10 12 1 10 12 1 10 12 1 10 12 1 10 12 1 10 12 1 10 12 1 10 12 1 100 1 10 100 1 10 9 12 1 5 0 10 12 1 1 5 0 10 12 1 5 0 10 12 1 10 12 1 10 12 1 1 10 12 1 1 10 12 1 10 12 1 10 12 1 10 12 1 1 10 12 1 10 12 1 10 12 1 10 12 1 10 12 1 1 10 12 1 10 12 1 10 12 1 10 12 1 1 10 12 1 10 12 1 10 12 1 1 10 12 1 10 12 1 10 12 1 10 12 1 1 10 12 1 10 10 12 1 1 10 12 1 10 12 1 1 10 12 1 10 12 5 0 5 0 5 0 10 12 1 1 10 12 1 10 12 1 10 12 10 100 12 1 1 8 1 100 1 11 12 1 1 8 1 11 12 1 1 10 100 12 1 1 10 12 1 10 12 1 10 12 1 10 12 1 10 12 1 1 10 12 1 10 12 1 10 12 1 10 12 1 10 12 1 10 12 1 10 7 1 10 12 1 9 12 1 7 1 9 12 1 7 1 9 12 1 7 1 9 12 1 7 1 9 12 1 7 1 9 12 1 7 1 9 12 1 7 1 9 12 1 7 1 9 12 1 10 12 1 9 12 1 9 12 1 9 12 1 9 12 1 9 12 1 9 12 1 9 12 1 9 12 1 9 12 1 9 12 1 1 1 3 1 1 1 1 1 1 1 1 1 1 1 1 1 1 1 1 1 1 1 1 1 1 1 1 1 1 1 1 1 1 1 1 1 1 1 1 1 1 1 1 1 1 1 1 1 1 1 1 1 1 1 1 1 1 1 1 1 1 1 1 1 1 1 1 1 1 1 1 1 1 1 1 1 1 1 1 1 1 1 1 1 1 1 1 1 1 1 1 1 100 1 1 1 1 1 1 1 1 1 1 1 1 1 1 1 1 1 1 1 1 1 1 1 1 1 1 1 1 1 1 1 1 1 1 1 1 1 1 1 1 1 1 1 1 1 1 1 1 1 1 1 1 1 1 1 1 1 1 1 1 1 1 1 1 1 1 1 1 1 1 1 1 1 1 1 1 1 1 1 1 1 1 1 1 1 1 1 1 1 1 1 1 1 1 1 1 1 1 1 1 1 1 1 1 1 1 1 1 1 1 1 1 1 1 1 1 1 1 1 1 1 1 1 1 1 1 1 1 1 1 1 1 1 1 1 1 1 1 1 1 1 1 1 1 1 1 1 1 1 1 1 1 1 1 1 1 1 1 1 1 1 1 1 1 1 1 1 1 1 1 1 1 1 1 1 1 1 1 1 1 1 1 1 1 1 1 1 1 1 1 1 1 1 1 1 1 1 1 1 1 1 1 1 1 1 1 3 1 1 1 1 1 1 1 1 1 1 1 1 1 1 1 1 1 1 1 1 1
staticfield jdk/internal/misc/Unsafe theUnsafe Ljdk/internal/misc/Unsafe; jdk/internal/misc/Unsafe
staticfield jdk/internal/misc/Unsafe ARRAY_BOOLEAN_BASE_OFFSET I 16
staticfield jdk/internal/misc/Unsafe ARRAY_BYTE_BASE_OFFSET I 16
staticfield jdk/internal/misc/Unsafe ARRAY_SHORT_BASE_OFFSET I 16
staticfield jdk/internal/misc/Unsafe ARRAY_CHAR_BASE_OFFSET I 16
staticfield jdk/internal/misc/Unsafe ARRAY_INT_BASE_OFFSET I 16
staticfield jdk/internal/misc/Unsafe ARRAY_LONG_BASE_OFFSET I 16
staticfield jdk/internal/misc/Unsafe ARRAY_FLOAT_BASE_OFFSET I 16
staticfield jdk/internal/misc/Unsafe ARRAY_DOUBLE_BASE_OFFSET I 16
staticfield jdk/internal/misc/Unsafe ARRAY_OBJECT_BASE_OFFSET I 16
staticfield jdk/internal/misc/Unsafe ARRAY_BOOLEAN_INDEX_SCALE I 1
staticfield jdk/internal/misc/Unsafe ARRAY_BYTE_INDEX_SCALE I 1
staticfield jdk/internal/misc/Unsafe ARRAY_SHORT_INDEX_SCALE I 2
staticfield jdk/internal/misc/Unsafe ARRAY_CHAR_INDEX_SCALE I 2
staticfield jdk/internal/misc/Unsafe ARRAY_INT_INDEX_SCALE I 4
staticfield jdk/internal/misc/Unsafe ARRAY_LONG_INDEX_SCALE I 8
staticfield jdk/internal/misc/Unsafe ARRAY_FLOAT_INDEX_SCALE I 4
staticfield jdk/internal/misc/Unsafe ARRAY_DOUBLE_INDEX_SCALE I 8
staticfield jdk/internal/misc/Unsafe ARRAY_OBJECT_INDEX_SCALE I 4
staticfield jdk/internal/misc/Unsafe ADDRESS_SIZE I 8
ciInstanceKlass jdk/internal/module/Modules 1 1 504 10 100 12 1 1 1 9 7 12 1 1 1 11 7 12 1 1 1 11 12 1 1 11 12 1 1 11 12 1 1 11 12 1 11 12 1 11 12 1 11 12 1 11 12 1 1 10 100 12 1 1 1 10 100 12 1 1 1 18 12 1 1 10 100 12 1 1 1 100 1 10 100 12 1 1 1 10 100 12 1 1 1 10 100 12 1 1 10 12 1 1 11 12 1 9 12 1 1 11 100 12 1 1 1 10 12 1 1 10 10 12 1 10 9 12 1 1 10 100 12 1 1 10 12 1 1 10 100 12 1 1 100 1 11 100 12 1 1 1 10 100 12 1 1 1 11 100 12 1 1 10 12 1 1 10 100 12 1 1 10 100 12 1 1 1 10 12 1 1 10 12 1 1 11 12 1 1 18 12 1 1 11 100 12 1 1 10 100 12 1 1 1 11 100 12 1 1 1 100 1 11 12 1 1 11 100 12 1 1 1 11 12 1 1 10 12 1 1 10 100 12 1 1 18 12 1 1 11 12 1 1 18 12 1 1 11 12 1 1 10 12 1 18 18 10 12 1 1 9 12 1 1 11 100 12 1 1 1 100 1 10 11 12 1 11 12 1 1 11 12 1 1 10 100 1 10 12 1 1 10 100 12 1 1 10 12 1 1 11 12 10 12 1 1 100 1 10 18 12 1 10 12 1 1 100 1 8 1 10 12 1 10 100 12 1 1 18 12 1 11 11 12 10 12 1 10 10 100 1 18 12 1 10 10 10 7 12 1 1 10 7 12 1 1 1 10 12 1 1 1 1 1 1 1 1 1 1 1 1 1 1 1 1 1 1 1 1 1 1 1 1 1 1 1 1 1 1 1 1 1 100 1 1 1 1 1 1 1 1 1 1 1 1 1 1 1 1 1 1 1 1 1 1 1 1 1 1 1 1 1 1 1 1 1 1 1 100 1 1 1 1 1 1 1 1 1 1 1 1 1 1 1 1 1 1 1 1 1 1 1 16 15 10 12 1 16 16 15 10 12 1 16 1 16 1 15 10 12 1 16 1 16 1 15 10 12 16 1 15 10 16 1 15 10 12 16 1 15 10 12 16 15 10 12 16 15 10 12 15 10 100 12 1 1 1 1 1 1 100 1 100 1 1
staticfield jdk/internal/module/Modules JLA Ljdk/internal/access/JavaLangAccess; java/lang/System$2
staticfield jdk/internal/module/Modules JLMA Ljdk/internal/access/JavaLangModuleAccess; java/lang/module/ModuleDescriptor$1
staticfield jdk/internal/module/Modules $assertionsDisabled Z 1
ciInstanceKlass java/lang/AutoCloseable 1 0 12 100 1 100 1 1 1 1 100 1 1 1
ciInstanceKlass java/io/Closeable 1 0 14 100 1 100 1 100 1 1 1 1 100 1 1 1
instanceKlass sun/awt/datatransfer/DataTransferer$ReencodingInputStream
instanceKlass sun/net/www/http/ChunkedInputStream
instanceKlass sun/security/ssl/SSLSocketImpl$AppInputStream
instanceKlass org/apache/batik/util/Base64DecodeStream
instanceKlass com/sun/imageio/plugins/common/InputStreamAdapter
instanceKlass java/io/ObjectInputStream$PeekInputStream
instanceKlass java/io/ObjectInputStream$BlockDataInputStream
instanceKlass sun/nio/ch/NioSocketImpl$1
instanceKlass java/net/Socket$SocketInputStream
instanceKlass java/io/ObjectInputStream
instanceKlass com/fasterxml/jackson/core/io/MergedStream
instanceKlass com/sun/org/apache/xerces/internal/impl/XMLEntityManager$RewindableInputStream
instanceKlass java/io/SequenceInputStream
instanceKlass org/knopflerfish/framework/BundleResourceStream
instanceKlass sun/nio/ch/ChannelInputStream
instanceKlass java/util/zip/ZipFile$ZipFileInputStream
instanceKlass java/io/FilterInputStream
instanceKlass java/io/FileInputStream
instanceKlass java/io/ByteArrayInputStream
ciInstanceKlass java/io/InputStream 1 1 195 100 1 10 7 12 1 1 1 100 1 10 10 7 12 1 1 1 10 7 12 1 1 1 10 12 1 100 1 3 10 12 1 1 100 1 8 1 10 12 1 10 7 12 1 1 1 3 100 1 8 1 10 10 7 12 1 1 1 7 1 10 11 7 12 1 1 1 10 12 1 1 11 12 1 1 11 7 12 1 1 1 11 12 1 1 7 1 10 7 12 1 1 1 5 0 10 12 1 10 12 1 1 100 1 10 8 1 10 8 1 8 1 10 12 1 1 10 100 12 1 1 1 100 1 5 0 10 12 1 100 1 100 1 1 1 1 3 1 3 1 1 1 1 1 1 1 1 1 1 1 1 1 1 1 1 1 1 1 1 1 1 1 1 1 1 1 1 1 1 1 1 1 1 1 1 1 1 1 1 1 1 1 1 1 1 1 1 1 1 1 1 1 1 1
ciInstanceKlass java/io/ByteArrayInputStream 1 1 117 10 7 12 1 1 1 9 7 12 1 1 1 9 12 1 1 9 12 1 9 12 1 10 7 12 1 1 1 10 7 12 1 1 1 10 7 12 1 1 1 10 7 12 1 1 1 10 12 1 1 3 10 100 1 10 100 12 1 1 1 9 12 1 1 100 1 10 10 7 12 1 1 1 1 1 1 1 1 1 1 1 1 1 1 1 1 1 1 1 1 1 1 1 1 1 1 1 1 1 1 1 100 1 1 1 1 1 1 1 1 1 1 1 1 1 1
staticfield java/io/ByteArrayInputStream $assertionsDisabled Z 1
ciInstanceKlass java/net/URL 1 1 771 10 7 12 1 1 1 10 12 1 10 7 12 1 1 9 12 1 1 9 12 1 10 7 12 1 1 1 10 12 1 1 10 12 1 1 9 12 1 1 10 7 12 1 1 1 8 1 10 12 1 1 7 1 10 10 12 1 1 8 1 10 12 1 1 9 12 1 7 1 8 1 10 12 1 10 12 1 8 1 9 12 1 10 12 1 1 9 12 1 10 12 1 10 12 1 9 12 1 9 12 1 8 1 9 12 1 10 12 1 1 8 1 9 12 1 1 10 12 1 1 10 7 12 1 1 1 8 1 10 12 1 7 1 10 12 1 10 12 1 10 12 1 10 12 1 1 10 12 1 1 8 1 10 12 1 1 10 12 1 8 1 9 12 1 8 1 10 12 1 10 7 12 1 1 1 100 1 10 12 1 10 12 1 1 10 7 12 1 1 1 100 1 8 1 10 10 12 1 8 1 10 12 1 1 10 12 1 10 12 1 10 12 1 10 12 1 10 12 1 10 12 1 8 1 10 12 1 8 1 10 10 7 1 10 10 12 1 8 1 10 7 12 1 1 1 10 12 1 9 7 12 1 1 1 10 7 12 1 1 1 9 12 1 1 10 12 1 10 100 12 1 1 1 100 1 100 1 10 12 1 10 12 1 10 12 1 10 12 1 10 12 1 10 12 10 10 12 1 10 12 1 10 12 1 1 8 1 9 100 12 1 1 1 10 100 12 1 1 1 10 12 1 1 9 100 12 1 1 1 10 12 1 1 100 1 10 12 1 10 12 1 10 10 12 1 1 10 12 1 1 10 12 1 10 12 1 10 12 1 10 7 12 1 1 1 10 12 1 1 10 12 1 9 12 1 1 9 12 1 1 100 1 8 1 10 10 12 1 9 12 1 1 10 7 12 1 1 8 1 10 7 12 1 1 8 1 10 12 1 1 10 12 1 8 1 8 1 10 7 12 1 1 1 7 1 10 100 12 1 1 1 10 12 1 10 12 1 7 1 10 9 7 12 1 1 1 10 7 12 1 1 10 12 1 1 10 12 1 8 1 7 1 10 10 7 12 1 1 1 10 12 1 8 9 7 12 1 1 1 10 12 1 1 10 12 1 10 12 1 1 10 7 12 1 1 11 7 12 1 1 10 12 1 10 12 1 9 12 1 10 12 1 1 10 100 12 1 1 10 7 12 1 1 1 8 10 7 12 1 1 7 1 10 8 8 10 12 1 8 8 8 7 1 10 12 1 9 12 1 1 10 12 1 10 12 1 1 10 12 1 10 12 10 12 1 1 10 12 1 1 10 10 10 12 1 10 12 1 10 12 1 10 12 1 10 12 1 10 10 12 1 7 1 8 1 10 10 10 12 1 1 10 12 1 10 12 1 1 8 1 7 1 10 10 7 1 10 12 1 9 7 12 1 1 1 9 12 1 1 7 1 10 10 7 12 1 1 1 100 1 1 1 1 1 5 0 1 1 1 1 1 1 1 1 1 1 1 1 1 1 1 1 1 1 1 1 1 1 1 1 1 1 1 1 1 1 1 1 1 1 1 1 1 1 1 1 1 1 1 1 1 1 1 1 100 1 1 1 1 1 1 1 1 1 1 1 1 1 1 1 1 1 1 1 1 1 1 1 1 1 1 1 1 1 1 1 1 1 1 1 1 1 100 1 1 1 1 1 1 1 1 1 1 1 1 1 1 1 1 1 7 1 1 1 1 1 1 1 1 1 1 1 1 1 1 1 1 1 1 1
staticfield java/net/URL defaultFactory Ljava/net/URLStreamHandlerFactory; java/net/URL$DefaultFactory
staticfield java/net/URL streamHandlerLock Ljava/lang/Object; java/lang/Object
staticfield java/net/URL serialPersistentFields [Ljava/io/ObjectStreamField; 7 [Ljava/io/ObjectStreamField;
instanceKlass groovy/lang/GroovyClassLoader
ciInstanceKlass java/net/URLClassLoader 1 1 600 10 7 12 1 1 1 7 1 10 12 1 9 7 12 1 1 1 10 7 12 1 1 1 9 12 1 1 7 1 10 12 1 9 12 1 1 10 12 1 10 10 12 1 10 100 12 1 1 1 10 12 1 1 10 100 12 1 1 1 10 100 12 1 1 1 100 1 10 12 1 1 10 12 1 1 10 12 1 1 100 1 100 1 10 7 12 1 1 1 100 1 8 1 10 12 1 10 100 12 1 1 1 10 12 1 1 10 12 1 1 11 7 12 1 1 1 11 7 12 1 1 1 11 12 1 1 100 1 11 12 1 11 7 12 1 1 10 12 1 11 12 1 11 12 1 1 11 10 12 1 1 10 12 1 1 10 12 1 1 100 1 10 12 1 10 12 1 1 100 1 100 1 10 12 1 1 100 1 10 10 12 1 1 10 100 12 1 1 10 12 1 100 1 100 1 10 8 1 10 12 1 1 8 1 10 12 1 1 10 10 12 1 8 1 8 1 10 12 1 1 10 100 12 1 1 1 10 100 12 1 1 1 10 12 1 1 10 12 1 1 10 12 1 1 10 12 1 10 12 1 100 1 100 1 8 1 10 12 1 10 12 1 1 10 12 1 1 100 1 10 12 1 10 100 12 1 1 1 10 12 1 1 10 12 1 1 10 12 1 1 10 12 1 10 100 12 1 1 1 10 12 1 1 8 1 10 12 1 1 11 100 12 1 1 1 9 100 12 1 1 1 10 100 12 1 1 1 9 12 1 9 12 1 9 12 1 9 12 1 9 12 1 9 12 1 10 100 12 1 1 1 8 1 10 12 1 1 100 1 10 10 12 1 10 12 1 1 10 12 1 1 7 1 10 12 1 10 12 1 1 10 12 1 10 12 1 1 100 1 10 100 12 1 1 9 100 12 1 1 1 10 12 1 8 1 100 1 8 1 10 12 1 10 12 1 8 1 10 12 1 10 12 1 9 12 1 1 10 100 12 1 1 10 12 1 10 12 1 10 100 1 8 1 10 100 1 10 12 1 10 100 12 1 100 1 10 12 1 10 12 1 100 1 10 10 7 12 1 1 1 1 1 1 1 1 1 1 1 1 1 1 1 1 1 1 1 1 1 1 1 1 1 1 1 1 1 1 1 1 1 1 1 1 1 100 1 100 1 100 1 100 1 1 1 1 1 1 1 1 1 1 1 1 1 1 1 1 1 1 1 1 1 1 1 1 1 1 1 1 1 1 1 1 1 1 1 1 1 1 1 1 1 1 1 1 1 1 100 1 1 1 1 1 1 1 1 1 1 1 1 1 1 1 1 1 1 1 1 1 1 1 1 1 1 1 1 1 1 1 1 1 1 1 1 1 100 1 1 1
instanceKlass com/lightdev/app/shtm/SHTMLEditorKitActions$ChangeFontSizeAction$Change
instanceKlass com/lightdev/app/shtm/SHTMLEditorPane$PasteMode
instanceKlass org/freeplane/features/map/MapWriter$WriterHint
instanceKlass org/freeplane/features/map/clipboard/MapClipboardController$CopiedNodeSet
instanceKlass org/freeplane/features/styles/mindmapmode/MLogicalStyleController$NodeProperty
instanceKlass org/freeplane/features/map/NodeModel$NodeChangeType
instanceKlass org/freeplane/features/text/mindmapmode/EditNodeBase$EditedComponent
instanceKlass com/sun/imageio/plugins/jpeg/JPEGImageWriter$CallBackLock$State
instanceKlass org/freeplane/features/map/ITooltipProvider$TooltipTrigger
instanceKlass javax/swing/JTable$PrintMode
instanceKlass org/freeplane/view/swing/map/link/AConnectorView$ArrowDirection
instanceKlass sun/security/ssl/Alert$Level
instanceKlass sun/security/ssl/Alert
instanceKlass javax/net/ssl/SSLEngineResult$HandshakeStatus
instanceKlass sun/security/ssl/Finished$VerifyDataScheme
instanceKlass java/time/Month
instanceKlass sun/security/validator/CADistrustPolicy
instanceKlass java/text/Normalizer$Form
instanceKlass sun/security/ssl/SSLTrafficKeyDerivation$KeySchedule
instanceKlass sun/security/ssl/SSLTrafficKeyDerivation
instanceKlass sun/security/ssl/SSLSecretDerivation$SecretSchedule
instanceKlass sun/security/ssl/ContentType
instanceKlass sun/security/ssl/SSLKeyExchange$T12KeyAgreement
instanceKlass sun/security/ssl/PskKeyExchangeModesExtension$PskKeyExchangeMode
instanceKlass sun/security/ssl/ECPointFormatsExtension$ECPointFormat
instanceKlass sun/security/ssl/CertStatusExtension$CertStatusRequestType
instanceKlass sun/security/ssl/SSLExtension
instanceKlass sun/security/ssl/SignatureScheme$SigAlgParamSpec
instanceKlass sun/security/ssl/SignatureScheme
instanceKlass sun/security/ssl/ClientAuthType
instanceKlass sun/security/ssl/SSLHandshake
instanceKlass java/net/Proxy$Type
instanceKlass sun/net/www/protocol/http/HttpURLConnection$TunnelState
instanceKlass sun/security/rsa/RSAUtil$KeyType
instanceKlass sun/security/ssl/NamedGroup
instanceKlass sun/security/ssl/NamedGroup$NamedGroupSpec
instanceKlass sun/security/ssl/CipherSuite$KeyExchange
instanceKlass sun/security/ssl/CipherSuite$MacAlg
instanceKlass sun/security/ssl/CipherSuite$HashAlg
instanceKlass sun/security/ssl/CipherType
instanceKlass sun/security/ssl/SSLCipher
instanceKlass sun/security/ssl/CipherSuite
instanceKlass java/security/CryptoPrimitive
instanceKlass sun/security/util/DisabledAlgorithmConstraints$Constraint$Operator
instanceKlass sun/security/ssl/ProtocolVersion
instanceKlass org/freeplane/main/mindmapmode/UpdateCheckAction$ConnectionStatus
instanceKlass sun/java2d/cmm/lcms/LCMSImageLayout$BandOrder
instanceKlass com/thebuzzmedia/imgscalr/Scalr$Method
instanceKlass com/thebuzzmedia/imgscalr/Scalr$Mode
instanceKlass java/awt/MultipleGradientPaint$ColorSpaceType
instanceKlass java/awt/MultipleGradientPaint$CycleMethod
instanceKlass org/freeplane/view/swing/map/CombineOperation
instanceKlass org/freeplane/core/ui/components/TextIcon$BorderType
instanceKlass org/freeplane/core/ui/components/DoubleTextIcon$UnderlinePosition
instanceKlass org/freeplane/view/swing/map/outline/TreeNode$LevelOperation
instanceKlass org/freeplane/features/bookmarks/mindmapmode/ui/BookmarkToolbar$DropIndicatorType
instanceKlass java/awt/event/FocusEvent$Cause
instanceKlass com/sun/imageio/plugins/jpeg/JPEGImageReader$CallBackLock$State
instanceKlass org/freeplane/view/swing/features/filepreview/BitmapViewerComponent$CacheType
instanceKlass org/freeplane/plugin/latex/LatexRenderer$Target
instanceKlass org/freeplane/features/text/IContentTransformer$Mode
instanceKlass org/freeplane/view/swing/features/time/mindmapmode/ClockState
instanceKlass org/freeplane/features/link/LinkController$LinkType
instanceKlass org/freeplane/view/swing/map/overview/MapOverviewAttachPoint
instanceKlass org/freeplane/view/swing/map/NodeView$Properties
instanceKlass org/freeplane/view/swing/map/MapScroller$ScrollingDirective
instanceKlass org/freeplane/view/swing/map/MainView$TextModificationState
instanceKlass org/freeplane/view/swing/map/MouseArea
instanceKlass org/freeplane/view/swing/map/MainView$DragOverDirection
instanceKlass org/freeplane/view/swing/map/FoldingMark
instanceKlass org/freeplane/view/swing/map/MainView$ConnectorLocation
instanceKlass org/freeplane/view/swing/map/MapView$PaintingPurpose
instanceKlass org/freeplane/features/print/FitMap
instanceKlass org/freeplane/view/swing/map/MapView$RootChange
instanceKlass org/freeplane/view/swing/map/NodeView$PreferredChild
instanceKlass org/freeplane/view/swing/map/UpdateCause
instanceKlass org/freeplane/view/swing/map/MapView$SelectionDirection
instanceKlass org/freeplane/view/swing/map/PaintingMode
instanceKlass org/freeplane/features/text/ContentSyntax
instanceKlass org/freeplane/features/link/ConnectorArrows
instanceKlass org/freeplane/features/link/ArrowType
instanceKlass org/freeplane/features/link/ConnectorShape
instanceKlass org/freeplane/features/map/NodeModel$NodeProperty
instanceKlass org/freeplane/features/map/MapWriter$Hint
instanceKlass org/freeplane/features/map/MapWriter$Mode
instanceKlass org/freeplane/features/url/mindmapmode/MFileManager$AlternativeFileMode
instanceKlass org/apache/commons/codec/CodecPolicy
instanceKlass org/freeplane/features/presentations/mindmapmode/CollectionChangedEvent$EventType
instanceKlass org/freeplane/api/Dash
instanceKlass org/freeplane/view/swing/map/outline/ScrollableTreePanel$ScrollMode
instanceKlass org/freeplane/view/swing/map/outline/SelectionSynchronizationTrigger
instanceKlass org/freeplane/view/swing/map/outline/OutlineDisplayMode
instanceKlass sun/java2d/marlin/DMarlinRenderingEngine$NormMode
instanceKlass org/freeplane/core/resources/components/ButtonSelectorPanel$ComponentBefore
instanceKlass org/freeplane/api/ChildNodesAlignment$Placement
instanceKlass org/freeplane/api/ChildNodesAlignment
instanceKlass org/freeplane/api/ChildrenSides
instanceKlass org/freeplane/api/LayoutOrientation
instanceKlass org/freeplane/api/ChildNodesLayout
instanceKlass java/util/Comparators$NaturalOrderComparator
instanceKlass org/freeplane/plugin/script/ExecuteScriptAction$ExecutionMode
instanceKlass java/nio/file/FileTreeWalker$EventType
instanceKlass java/nio/file/FileVisitOption
instanceKlass java/nio/file/FileVisitResult
instanceKlass org/apache/commons/io/FileSystem
instanceKlass org/apache/commons/io/IOCase
instanceKlass jdk/xml/internal/JdkProperty$ImplPropMap
instanceKlass java/util/stream/MatchOps$MatchKind
instanceKlass org/apache/groovy/util/concurrent/ConcurrentReferenceHashMap$ReferenceType
instanceKlass org/apache/groovy/util/concurrent/ConcurrentReferenceHashMap$Option
instanceKlass org/codehaus/groovy/control/customizers/ImportCustomizer$ImportType
instanceKlass org/codehaus/groovy/control/CompilePhase
instanceKlass org/freeplane/plugin/ai/tools/selection/SelectionCollectionMode
instanceKlass org/freeplane/plugin/ai/tools/read/ContextSection
instanceKlass org/freeplane/plugin/ai/tools/search/SearchResultSection
instanceKlass org/freeplane/plugin/ai/tools/content/EditableContentField
instanceKlass org/freeplane/plugin/ai/tools/search/SearchCaseSensitivity
instanceKlass org/freeplane/plugin/ai/tools/search/SearchMatchingMode
instanceKlass org/freeplane/plugin/ai/tools/create/NodeFoldingState
instanceKlass org/freeplane/plugin/ai/tools/create/AnchorPlacementMode
instanceKlass com/fasterxml/jackson/annotation/OptBoolean
instanceKlass org/freeplane/plugin/ai/tools/edit/EditOperation
instanceKlass org/freeplane/plugin/ai/tools/content/ContentType
instanceKlass org/freeplane/plugin/ai/tools/edit/EditedElement
instanceKlass org/slf4j/helpers/Reporter$Level
instanceKlass org/slf4j/helpers/Reporter$TargetChoice
instanceKlass dev/langchain4j/agent/tool/ReturnBehavior
instanceKlass org/freeplane/plugin/ai/tools/utilities/ToolCaller
instanceKlass javax/swing/SwingWorker$StateValue
instanceKlass java/time/format/TextStyle
instanceKlass java/time/format/DateTimeFormatterBuilder$SettingsParser
instanceKlass java/time/format/ResolverStyle
instanceKlass java/time/format/SignStyle
instanceKlass java/time/temporal/JulianFields$Field
instanceKlass java/time/temporal/IsoFields$Unit
instanceKlass java/time/temporal/IsoFields$Field
instanceKlass com/fasterxml/jackson/annotation/JsonProperty$Access
instanceKlass com/fasterxml/jackson/databind/cfg/ConstructorDetector$SingleArgConstructor
instanceKlass com/fasterxml/jackson/annotation/JsonCreator$Mode
instanceKlass java/lang/annotation/ElementType
instanceKlass com/fasterxml/jackson/databind/AnnotationIntrospector$ReferenceProperty$Type
instanceKlass com/fasterxml/jackson/annotation/PropertyAccessor
instanceKlass com/fasterxml/jackson/annotation/JsonFormat$Feature
instanceKlass com/fasterxml/jackson/databind/util/AccessPattern
instanceKlass com/fasterxml/jackson/core/JsonToken
instanceKlass com/fasterxml/jackson/core/StreamReadCapability
instanceKlass com/fasterxml/jackson/core/JsonEncoding
instanceKlass com/fasterxml/jackson/core/JsonParser$NumberType
instanceKlass com/fasterxml/jackson/databind/DeserializationFeature
instanceKlass com/fasterxml/jackson/databind/cfg/JsonNodeFeature
instanceKlass com/fasterxml/jackson/databind/cfg/EnumFeature
instanceKlass com/fasterxml/jackson/databind/SerializationFeature
instanceKlass com/fasterxml/jackson/core/util/Separators$Spacing
instanceKlass com/fasterxml/jackson/databind/MapperFeature
instanceKlass com/fasterxml/jackson/annotation/JsonFormat$Shape
instanceKlass com/fasterxml/jackson/databind/cfg/CoercionInputShape
instanceKlass com/fasterxml/jackson/databind/cfg/CoercionAction
instanceKlass com/fasterxml/jackson/databind/type/LogicalType
instanceKlass com/fasterxml/jackson/annotation/JsonAutoDetect$Visibility
instanceKlass com/fasterxml/jackson/annotation/Nulls
instanceKlass com/fasterxml/jackson/annotation/JsonInclude$Include
instanceKlass com/fasterxml/jackson/core/JsonGenerator$Feature
instanceKlass com/fasterxml/jackson/core/JsonParser$Feature
instanceKlass com/fasterxml/jackson/core/JsonFactory$Feature
instanceKlass com/fasterxml/jackson/core/Base64Variant$PaddingReadBehaviour
instanceKlass com/fasterxml/jackson/databind/util/internal/PrivateMaxEntriesMap$DrainStatus
instanceKlass javax/swing/text/html/StyleSheet$BoxPainter$HorizontalMargin
instanceKlass org/freeplane/plugin/ai/chat/ChatTokenCounterMode
instanceKlass org/freeplane/plugin/ai/chat/AIChatPanel$ChatMessageCategory
instanceKlass org/freeplane/core/ui/menubuilders/generic/UserRole
instanceKlass org/freeplane/plugin/codeexplorer/dependencies/DependencyVerdict
instanceKlass org/freeplane/plugin/codeexplorer/map/ShowDependingNodesAction$Depth
instanceKlass org/freeplane/plugin/codeexplorer/map/ShowDependingNodesAction$DependencyDirection
instanceKlass com/google/gson/Strictness
instanceKlass com/google/gson/ToNumberPolicy
instanceKlass com/google/gson/FieldNamingPolicy
instanceKlass com/google/gson/LongSerializationPolicy
instanceKlass org/slf4j/helpers/Reporter$Level
instanceKlass org/slf4j/helpers/Reporter$TargetChoice
instanceKlass org/freeplane/main/mindmapmode/stylemode/ExtensionInstaller$Context
instanceKlass org/freeplane/features/edge/AutomaticEdgeColor$Rule
instanceKlass org/freeplane/view/swing/features/time/mindmapmode/PeriodUnit
instanceKlass org/freeplane/features/styles/AutomaticLayout
instanceKlass org/freeplane/features/icon/hierarchicalicons/HierarchicalIcons$Mode
instanceKlass org/freeplane/features/filter/hidden/NodeVisibilityConfiguration
instanceKlass org/freeplane/features/filter/hidden/NodeVisibility
instanceKlass org/freeplane/core/ui/svgicons/ReplacingInputStream$State
instanceKlass java/awt/Component$BaselineResizeBehavior
instanceKlass org/freeplane/view/swing/map/IconLocation
instanceKlass org/freeplane/view/swing/map/TagLocation
instanceKlass org/freeplane/features/styles/LogicalStyleController$StyleOption
instanceKlass org/freeplane/features/map/mindmapmode/InsertionRelation
instanceKlass org/freeplane/features/map/NodeModel$Side
instanceKlass org/freeplane/view/swing/map/MainView$DragOverRelation
instanceKlass org/freeplane/features/nodestyle/NodeStyleShape
instanceKlass org/freeplane/api/HorizontalTextAlignment
instanceKlass org/freeplane/features/edge/EdgeController$Rules
instanceKlass org/freeplane/features/edge/EdgeStyle
instanceKlass org/freeplane/core/ui/components/resizer/JResizer$Direction
instanceKlass org/freeplane/core/ui/components/ToolbarLayout$BlockEndPosition
instanceKlass org/freeplane/features/map/NodeModel$CloneType
instanceKlass org/freeplane/core/ui/menubuilders/generic/PhaseProcessor$Phase
instanceKlass com/lightdev/app/shtm/CopiedImageSources
instanceKlass org/freeplane/view/swing/map/SiblingSelection
instanceKlass org/freeplane/features/cloud/CloudShape
instanceKlass org/freeplane/api/TextWritingDirection
instanceKlass org/freeplane/view/swing/map/outline/BreadcrumbMode
instanceKlass org/freeplane/features/styles/mindmapmode/styleeditorpanel/StyleEditorPanel$StyleEditorPanelSize
instanceKlass org/freeplane/core/io/xml/XMLParser$ContentCollect
instanceKlass org/freeplane/features/styles/MapViewLayout
instanceKlass org/freeplane/features/filter/FreeSelectNodeAction$Direction
instanceKlass org/freeplane/core/ui/menubuilders/generic/BuilderDestroyerPair$VisitorType
instanceKlass com/sun/org/apache/xerces/internal/impl/XMLScanner$NameType
instanceKlass com/sun/org/apache/xerces/internal/util/Status
instanceKlass javax/xml/catalog/CatalogFeatures$Feature
instanceKlass com/sun/org/apache/xerces/internal/utils/XMLSecurityPropertyManager$Property
instanceKlass com/sun/org/apache/xerces/internal/utils/XMLSecurityPropertyManager$State
instanceKlass com/sun/org/apache/xerces/internal/utils/XMLSecurityManager$NameMap
instanceKlass jdk/xml/internal/JdkProperty$State
instanceKlass com/sun/org/apache/xerces/internal/utils/XMLSecurityManager$Limit
instanceKlass org/freeplane/features/filter/condition/ConditionFactory$ConditionOption
instanceKlass org/freeplane/features/filter/condition/ConditionFactory$ConditionOperator
instanceKlass org/freeplane/features/map/MapController$Direction
instanceKlass org/freeplane/core/ui/textchanger/TranslatedElement
instanceKlass javax/swing/text/PlainView$FPMethodArgs
instanceKlass com/sun/beans/util/Cache$Kind
instanceKlass javax/swing/DropMode
instanceKlass javax/swing/ClientPropertyKey
instanceKlass org/freeplane/features/filter/FilterConditionEditor$Variant
instanceKlass org/freeplane/features/filter/Filter$FilteredElement
instanceKlass java/security/DrbgParameters$Capability
instanceKlass sun/security/util/KnownOIDs
instanceKlass java/awt/Dialog$ModalityType
instanceKlass java/awt/GraphicsDevice$WindowTranslucency
instanceKlass java/awt/Dialog$ModalExclusionType
instanceKlass java/awt/Window$Type
instanceKlass sun/java2d/SunGraphicsEnvironment$LogDisplay
instanceKlass com/formdev/flatlaf/UIDefaultsLoader$ValueType
instanceKlass com/formdev/flatlaf/FlatIconColors
instanceKlass com/sun/java/swing/plaf/windows/TMSchema$State
instanceKlass com/sun/java/swing/plaf/windows/TMSchema$Prop
instanceKlass com/sun/java/swing/plaf/windows/TMSchema$Control
instanceKlass com/sun/java/swing/plaf/windows/TMSchema$Part
instanceKlass java/awt/EventFilter$FilterAction
instanceKlass sun/awt/AppContext$State
instanceKlass java/awt/desktop/UserSessionEvent$Reason
instanceKlass sun/font/EAttribute
instanceKlass sun/awt/OSInfo$OSType
instanceKlass sun/java2d/StateTrackable$State
instanceKlass java/nio/file/AccessMode
instanceKlass java/lang/invoke/MethodHandleImpl$ArrayAccess
instanceKlass org/freeplane/features/mode/FreeScrollAction$Direction
instanceKlass org/freeplane/features/map/IMapSelection$NodePosition
instanceKlass org/freeplane/core/ui/menubuilders/generic/UserRoleConstraint
instanceKlass java/net/StandardProtocolFamily
instanceKlass jdk/internal/util/OperatingSystem
instanceKlass java/lang/StackStreamFactory$WalkerState
instanceKlass java/lang/StackWalker$ExtendedOption
instanceKlass java/lang/StackWalker$Option
instanceKlass java/time/temporal/ChronoUnit
instanceKlass java/time/temporal/ChronoField
instanceKlass sun/util/logging/PlatformLogger$Level
instanceKlass java/lang/System$Logger$Level
instanceKlass jdk/internal/logger/BootstrapLogger$LoggingBackend
instanceKlass org/freeplane/main/application/FreeplaneGUIStarter$UserPropertiesStatus
instanceKlass org/freeplane/core/util/Compat$OS
instanceKlass org/freeplane/core/ui/TimePeriodUnits
instanceKlass org/freeplane/api/LengthUnit
instanceKlass java/lang/reflect/ProxyGenerator$PrimitiveTypeInfo
instanceKlass java/lang/annotation/RetentionPolicy
instanceKlass java/util/stream/Collector$Characteristics
instanceKlass jdk/internal/icu/util/CodePointTrie$ValueWidth
instanceKlass jdk/internal/icu/util/CodePointTrie$Type
instanceKlass sun/util/locale/provider/LocaleProviderAdapter$Type
instanceKlass java/math/RoundingMode
instanceKlass java/util/Locale$Category
instanceKlass java/util/regex/Pattern$Qtype
instanceKlass java/util/stream/StreamShape
instanceKlass java/util/stream/StreamOpFlag$Type
instanceKlass java/util/stream/StreamOpFlag
instanceKlass java/util/zip/ZipCoder$Comparison
instanceKlass java/nio/file/LinkOption
instanceKlass sun/nio/fs/WindowsPathType
instanceKlass java/nio/file/StandardOpenOption
instanceKlass java/util/concurrent/TimeUnit
instanceKlass java/lang/invoke/MethodHandles$Lookup$ClassOption
instanceKlass java/lang/invoke/VarHandle$AccessType
instanceKlass java/lang/invoke/VarHandle$AccessMode
instanceKlass java/lang/invoke/MethodHandleImpl$Intrinsic
instanceKlass java/lang/invoke/LambdaForm$BasicType
instanceKlass java/lang/invoke/LambdaForm$Kind
instanceKlass sun/invoke/util/Wrapper
instanceKlass java/io/File$PathStatus
instanceKlass java/lang/module/ModuleDescriptor$Requires$Modifier
instanceKlass java/lang/reflect/AccessFlag$Location
instanceKlass java/lang/reflect/AccessFlag
instanceKlass java/lang/module/ModuleDescriptor$Modifier
instanceKlass java/lang/reflect/ClassFileFormatVersion
instanceKlass java/lang/Thread$State
ciInstanceKlass java/lang/Enum 1 1 204 9 7 12 1 1 1 9 12 1 1 10 7 12 1 1 1 9 12 1 10 7 12 1 1 1 100 1 10 10 12 1 1 10 12 1 100 1 10 10 7 12 1 1 10 12 1 1 18 12 1 1 10 100 12 1 1 1 10 12 1 1 11 7 12 1 1 1 100 1 8 1 10 12 1 100 1 100 1 10 8 1 10 12 1 1 10 12 1 1 8 1 10 12 1 10 100 1 8 1 10 10 12 1 1 10 100 12 1 1 1 100 1 100 1 100 1 1 1 1 1 1 1 1 1 1 1 1 1 1 1 1 1 1 1 1 1 1 1 1 1 1 1 1 1 1 1 1 1 1 1 1 1 1 1 1 1 1 1 1 1 1 1 3 1 1 1 1 100 1 100 1 1 100 1 1 1 1 1 1 1 1 1 1 1 16 15 10 12 16 15 10 100 12 1 1 1 1 1 100 1 100 1 1
instanceKlass org/knopflerfish/framework/AutoManifest
ciInstanceKlass java/util/jar/Manifest 1 1 339 10 7 12 1 1 1 7 1 10 9 7 12 1 1 1 7 1 10 9 12 1 1 9 12 1 1 10 12 1 10 12 1 1 10 12 1 1 10 12 1 1 10 12 1 1 11 7 1 11 12 1 1 10 12 1 1 10 100 12 1 1 1 100 1 100 1 10 8 1 10 12 1 1 10 12 1 1 10 12 1 10 12 1 11 100 1 10 12 1 10 12 1 1 11 12 1 1 10 12 1 11 12 1 1 11 100 12 1 1 1 11 100 12 1 1 11 12 1 1 100 1 10 12 1 8 1 11 12 1 100 1 10 12 1 1 11 12 1 10 12 1 10 12 1 10 100 12 1 1 1 8 1 10 12 1 1 10 9 100 12 1 1 1 10 12 1 1 10 100 12 1 10 12 1 10 12 1 9 100 12 1 1 1 8 1 10 12 1 8 1 8 1 7 1 10 12 1 10 12 1 10 12 1 1 100 1 8 1 10 12 1 1 8 1 10 10 12 1 1 8 1 10 12 1 1 10 100 12 1 1 1 10 12 1 10 11 12 1 1 10 12 1 10 100 12 1 1 1 10 12 1 1 10 12 1 10 12 1 1 11 10 12 1 11 10 12 1 100 1 1 1 1 1 1 1 1 1 1 1 1 1 1 1 1 1 1 1 1 1 1 1 1 1 1 1 1 1 1 1 1 1 1 1 1 1 1 1 1 1 1 1 100 1 1 1 1 1 1 1 1 1 1 1 1 1 1 100 1 1 1 1 1 1 1 1 1 1 1
instanceKlass jdk/internal/loader/ClassLoaders$BootClassLoader
instanceKlass jdk/internal/loader/ClassLoaders$PlatformClassLoader
instanceKlass jdk/internal/loader/ClassLoaders$AppClassLoader
ciInstanceKlass jdk/internal/loader/BuiltinClassLoader 1 1 737 9 7 12 1 1 1 10 7 12 1 1 1 10 7 12 1 1 1 9 12 1 1 9 12 1 1 7 1 10 12 1 9 12 1 10 12 1 9 12 1 10 7 12 1 1 1 10 7 12 1 1 1 10 7 12 1 1 1 11 7 12 1 1 1 100 1 100 1 10 10 12 1 1 8 1 10 12 1 10 12 7 1 10 12 1 10 12 1 1 11 7 12 1 1 1 11 7 12 1 1 1 11 12 1 1 7 1 8 1 8 1 10 9 12 1 1 10 7 12 1 1 11 12 1 1 10 12 1 1 10 12 1 1 10 12 1 1 10 7 12 1 1 1 10 12 1 10 7 12 1 1 1 10 12 1 1 11 7 12 1 1 1 10 7 12 1 1 7 1 10 7 12 1 1 1 10 12 1 100 1 8 1 10 12 1 1 10 8 1 10 12 1 1 10 12 1 1 10 12 1 1 11 7 12 1 1 11 12 1 7 1 10 11 12 1 1 11 10 12 1 1 7 1 10 12 1 10 7 12 1 10 12 1 7 1 10 12 1 10 7 12 1 1 1 100 1 10 12 1 1 11 12 1 7 1 7 1 10 12 1 10 12 1 1 100 1 100 1 10 12 1 10 12 1 18 12 1 1 10 12 1 10 12 1 1 18 7 1 10 7 12 1 1 1 7 1 10 10 12 1 1 10 12 1 1 10 12 1 1 10 12 1 9 12 1 1 100 1 10 10 12 1 1 10 12 1 1 10 12 1 10 12 10 12 1 1 10 12 1 1 10 12 1 1 10 12 1 10 12 1 1 18 12 1 7 1 10 12 1 1 10 12 1 10 12 1 1 10 12 1 7 1 10 12 1 7 1 10 12 1 10 7 12 1 1 1 10 12 1 11 12 1 7 1 10 12 1 7 1 100 1 10 12 1 10 12 1 11 12 1 1 10 12 1 1 10 12 1 1 10 12 1 1 10 12 1 1 10 12 1 10 12 1 10 12 1 10 12 1 8 1 10 12 1 1 10 7 12 1 1 10 12 1 100 1 8 1 8 1 10 10 12 1 8 1 8 1 10 7 12 1 1 1 11 7 12 1 1 1 9 7 12 1 1 1 10 7 12 1 1 1 9 12 1 9 12 1 9 12 1 9 12 1 9 12 1 9 12 1 10 7 12 1 1 1 8 1 10 12 1 7 1 10 12 1 1 10 12 1 7 1 10 11 12 1 1 10 12 10 12 1 10 12 1 100 1 10 12 1 10 12 1 10 10 12 1 10 7 12 1 1 8 1 10 7 12 1 1 10 12 1 1 1 1 1 1 1 1 1 1 1 1 1 1 1 1 1 1 1 1 1 1 1 1 1 1 1 1 1 1 1 1 1 1 1 1 1 1 1 1 1 1 1 1 1 1 1 1 1 1 1 1 1 1 1 1 100 1 1 1 1 1 1 1 1 1 1 1 1 1 1 1 1 1 1 100 1 100 1 1 1 1 1 1 1 1 1 1 1 1 1 1 1 1 1 1 1 1 1 1 1 1 1 1 1 1 1 1 1 1 1 1 1 1 1 1 1 1 1 1 1 1 1 1 1 1 1 1 1 100 1 1 16 15 10 12 16 15 10 12 16 15 10 12 16 1 15 10 7 12 1 1 1 1 1 100 1 1 1 1 1 100 1 100 1 1
staticfield jdk/internal/loader/BuiltinClassLoader packageToModule Ljava/util/Map; java/util/concurrent/ConcurrentHashMap
staticfield jdk/internal/loader/BuiltinClassLoader $assertionsDisabled Z 1
ciInstanceKlass jdk/internal/loader/ClassLoaders 1 1 183 10 100 12 1 1 1 10 7 12 1 1 1 10 12 1 1 10 100 12 1 1 1 9 7 12 1 1 1 9 12 1 1 9 12 1 1 7 1 11 100 12 1 1 1 100 1 11 12 1 1 11 12 1 1 10 100 12 1 1 1 10 100 12 1 1 1 100 1 100 1 10 7 12 1 1 1 9 12 1 1 10 12 1 1 7 1 10 12 1 1 10 12 1 7 1 8 1 10 7 12 1 1 1 10 12 1 1 7 1 10 12 1 10 12 1 10 12 1 8 1 10 7 12 1 1 8 1 8 1 10 12 1 7 1 10 12 1 10 12 1 10 12 1 1 1 1 1 1 1 1 1 1 1 1 1 1 1 1 1 1 1 1 100 1 1 1 1 1 1 1 1 1 1 1 1 1 1 1 1 1 1 1
staticfield jdk/internal/loader/ClassLoaders JLA Ljdk/internal/access/JavaLangAccess; java/lang/System$2
staticfield jdk/internal/loader/ClassLoaders BOOT_LOADER Ljdk/internal/loader/ClassLoaders$BootClassLoader; jdk/internal/loader/ClassLoaders$BootClassLoader
staticfield jdk/internal/loader/ClassLoaders PLATFORM_LOADER Ljdk/internal/loader/ClassLoaders$PlatformClassLoader; jdk/internal/loader/ClassLoaders$PlatformClassLoader
staticfield jdk/internal/loader/ClassLoaders APP_LOADER Ljdk/internal/loader/ClassLoaders$AppClassLoader; jdk/internal/loader/ClassLoaders$AppClassLoader
ciInstanceKlass jdk/internal/loader/ClassLoaders$AppClassLoader 1 1 119 8 1 10 7 12 1 1 1 10 7 12 1 1 1 10 7 12 1 1 1 10 12 1 1 10 7 12 1 1 1 10 12 1 1 10 12 1 1 7 1 8 1 10 12 10 7 12 1 1 1 10 100 12 1 1 10 12 1 1 10 12 1 1 10 7 12 1 1 1 100 1 10 12 1 1 1 1 1 1 1 1 1 1 1 1 1 1 1 1 1 1 1 1 1 100 1 1 1 1 1 1 1 1 1 1 1 1 1 1 1 1 1 1 1 100 1 1 1
ciInstanceKlass jdk/internal/loader/ClassLoaders$PlatformClassLoader 1 1 42 8 1 10 7 12 1 1 1 10 7 12 1 1 1 100 1 10 12 1 100 1 1 1 1 1 1 1 1 1 1 1 1 1 1 100 1 1 1 100 1 1
ciInstanceKlass java/security/CodeSource 1 1 398 10 7 12 1 1 1 9 7 12 1 1 1 9 12 1 1 9 12 1 1 9 12 1 1 10 7 12 1 1 1 9 12 1 1 10 100 12 1 1 10 100 10 7 12 1 1 1 10 100 12 1 1 1 10 12 1 1 100 1 10 10 100 12 1 1 1 10 100 12 1 1 1 10 12 1 1 100 1 10 12 1 1 10 12 1 1 10 12 1 1 10 12 1 10 10 10 12 1 1 10 7 12 1 1 1 10 12 1 10 12 1 10 12 1 8 1 10 12 1 10 12 1 10 12 1 1 10 12 1 8 1 10 12 1 1 10 7 1 10 10 12 1 1 8 1 10 12 1 10 12 1 10 12 1 8 1 8 1 9 12 1 1 100 1 8 1 10 12 1 10 12 1 1 8 1 10 12 1 8 1 8 1 8 1 10 100 12 1 1 10 12 1 1 10 12 1 10 12 1 1 10 12 1 1 10 12 1 1 100 1 100 1 10 12 1 10 12 10 12 1 1 10 100 12 1 1 10 12 1 100 1 10 12 10 100 12 1 1 1 10 8 1 10 12 1 10 12 1 10 12 1 1 100 1 10 12 1 1 100 1 100 1 8 1 8 1 10 10 12 1 1 10 100 12 1 1 1 100 1 10 12 10 12 1 1 11 100 12 1 1 10 10 12 1 11 10 12 1 8 1 100 1 10 12 1 10 12 1 1 10 12 1 11 12 1 1 100 1 1 1 1 5 0 1 1 1 1 1 1 1 1 1 1 1 1 1 1 1 1 1 1 1 1 1 1 1 1 1 1 1 1 1 1 1 1 1 1 1 1 1 1 1 1 1 1 1 1 1 1 1 1 1 1 1 1 1 1 1 1 1 1 1 1 1 1 1 1 1 1 100 1 1 1 1 1 1 1
ciInstanceKlass java/util/concurrent/ConcurrentMap 1 1 208 11 100 12 1 1 1 10 100 12 1 1 11 12 1 1 11 100 12 1 1 1 11 100 12 1 1 1 11 12 1 1 100 1 11 12 1 11 12 1 100 1 11 100 12 1 1 1 18 12 1 11 12 1 1 11 100 12 1 1 11 12 1 1 11 100 12 1 11 12 1 1 11 12 1 1 100 1 100 1 1 1 1 1 1 1 1 1 1 1 1 1 1 1 1 1 1 1 1 1 1 1 1 1 1 1 1 1 1 1 1 1 1 1 1 1 1 1 1 1 1 1 1 1 1 1 1 1 1 1 1 1 1 1 1 1 1 1 1 16 15 11 12 15 10 100 12 1 1 1 1 1 100 1 100 1 1 1 100 1 8 1 1 12 10 1 1 1 8 1 1 1 8 1 1 8 1 1 1 8 1 1 1 8 1 1 1 8 1 1 1 8 1 1 1 8 1 1 1 8 1 1 1 8 1 1 8 1
instanceKlass java/text/AttributedString$AttributeMap
instanceKlass sun/font/AttributeMap
instanceKlass com/sun/xml/internal/stream/writers/XMLStreamWriterImpl
instanceKlass org/apache/groovy/util/concurrent/ConcurrentReferenceHashMap
instanceKlass java/util/Collections$SingletonMap
instanceKlass com/fasterxml/jackson/databind/util/internal/PrivateMaxEntriesMap
instanceKlass sun/util/PreHashedMap
instanceKlass sun/awt/SoftCache
instanceKlass java/util/concurrent/ConcurrentSkipListMap
instanceKlass java/util/EnumMap
instanceKlass java/util/TreeMap
instanceKlass java/util/IdentityHashMap
instanceKlass java/util/WeakHashMap
instanceKlass java/util/Collections$EmptyMap
instanceKlass java/util/HashMap
instanceKlass java/util/ImmutableCollections$AbstractImmutableMap
instanceKlass java/util/concurrent/ConcurrentHashMap
ciInstanceKlass java/util/AbstractMap 1 1 196 10 7 12 1 1 1 10 7 12 1 1 1 11 7 12 1 1 1 10 11 12 1 1 11 7 12 1 1 1 11 12 1 1 7 1 11 12 1 10 12 1 1 11 12 1 100 1 10 11 12 1 11 7 1 10 12 1 1 11 12 1 9 12 1 1 7 1 10 12 1 9 12 1 1 100 1 10 11 11 12 1 1 11 12 1 100 1 100 1 11 12 1 8 1 100 1 10 10 12 1 1 8 1 10 12 1 10 12 1 1 10 12 1 1 1 1 1 1 1 1 1 1 1 1 1 1 1 1 1 1 1 1 1 1 1 1 1 1 1 1 1 1 1 1 1 1 1 1 1 1 1 1 100 1 1 1 1 1 1 1 100 1 1 1 1 1 1 1 1 1 100 1 1 1 1 1 1 1 1 1 100 1 100 1 100 1 100 1 100 1 1 1 1 1 1
instanceKlass com/fasterxml/jackson/core/util/InternCache
ciInstanceKlass java/util/concurrent/ConcurrentHashMap 1 1 1210 7 1 7 1 3 10 12 1 1 3 100 1 10 7 12 1 1 1 100 1 10 100 12 1 1 1 100 1 11 12 1 1 11 12 1 11 12 1 1 9 12 1 1 9 12 1 1 9 12 1 10 7 12 1 1 1 7 1 10 12 1 1 10 12 1 1 10 7 12 1 1 1 4 10 12 1 9 12 1 10 12 1 1 100 1 10 5 0 10 12 1 10 12 1 1 5 0 10 12 1 1 10 12 1 9 12 1 1 10 12 1 1 9 12 1 9 12 1 1 10 12 1 1 9 12 1 10 12 1 1 9 12 1 1 10 12 1 1 100 1 10 7 1 10 12 1 10 12 1 1 10 12 1 1 10 12 1 1 10 12 1 10 12 1 1 10 12 1 1 100 1 10 12 1 1 7 1 100 1 8 1 10 12 1 10 12 1 1 10 12 1 1 11 7 12 1 1 10 12 1 1 11 12 1 1 11 7 12 1 1 1 11 7 12 1 1 1 11 12 1 7 1 11 12 1 11 12 1 10 12 1 1 10 12 1 1 9 12 1 1 10 100 12 1 1 1 9 10 12 1 1 9 12 1 10 12 1 1 5 0 9 12 1 1 7 1 10 12 1 9 12 1 1 7 1 10 12 1 9 12 1 7 1 10 100 1 10 10 12 1 1 8 1 10 12 1 10 12 1 1 11 100 1 10 12 1 10 100 12 1 1 1 8 1 10 100 12 1 1 1 8 1 10 12 1 8 1 10 12 1 10 12 1 1 10 100 12 1 1 10 12 1 10 12 1 10 12 1 9 12 1 9 10 12 1 9 12 1 1 11 7 12 1 1 1 11 7 12 1 1 1 100 1 10 12 11 100 12 1 1 10 11 7 12 1 10 12 1 100 1 10 12 1 7 1 10 10 9 7 12 1 1 1 10 12 3 10 100 12 1 1 9 12 1 10 12 1 1 9 12 1 1 9 12 1 10 12 1 1 10 100 12 1 1 9 12 1 9 7 12 1 1 10 12 1 1 10 12 1 3 9 12 1 9 12 1 10 12 1 1 7 1 9 3 9 12 1 100 1 10 12 1 9 12 1 10 12 1 9 12 1 10 12 1 9 12 1 10 100 12 1 1 1 100 10 12 1 100 1 5 0 10 100 12 1 1 100 1 10 12 1 1 10 12 1 10 12 1 100 1 10 12 1 10 100 1 100 1 10 10 12 1 10 100 1 10 12 1 10 100 1 10 12 1 10 100 1 10 12 1 1 100 1 10 12 1 10 10 12 1 100 1 10 12 1 10 10 12 1 100 1 10 12 1 10 100 1 10 12 1 10 100 1 10 12 1 10 100 1 10 12 1 10 100 1 10 12 1 10 100 1 10 12 1 10 100 1 10 12 1 10 100 1 10 12 1 10 100 1 10 10 100 1 10 10 100 1 10 10 100 1 10 12 1 10 100 1 10 12 1 10 100 1 10 12 1 10 100 1 10 12 1 10 100 1 10 12 1 10 100 1 10 10 100 1 10 10 100 1 10 10 100 1 10 12 1 10 100 1 10 12 1 10 100 1 10 12 1 10 100 1 10 12 1 10 100 1 10 12 1 10 10 12 1 10 7 12 1 1 1 10 12 1 7 1 7 1 10 12 1 9 12 1 1 9 12 1 1 10 12 1 1 8 10 12 1 1 8 8 8 8 7 10 12 1 1 10 12 1 100 1 8 1 10 7 1 100 1 100 1 1 1 5 0 1 1 3 1 3 1 1 1 1 3 1 3 1 3 1 1 1 1 1 3 1 3 1 3 1 1 1 1 1 1 1 1 1 1 1 1 1 1 1 1 1 1 1 1 1 1 1 1 1 100 1 1 1 1 1 1 1 1 1 1 1 1 1 1 1 1 1 1 1 1 1 1 1 1 1 1 1 1 1 1 1 1 1 1 1 1 1 1 1 1 1 1 1 1 1 1 1 1 1 1 1 1 1 1 1 1 1 1 1 1 1 1 1 1 1 1 1 1 1 1 1 1 1 1 1 1 1 1 1 1 1 1 1 1 100 1 1 1 1 1 1 1 1 1 1 1 100 1 1 1 1 1 1 1 1 1 1 1 1 1 1 1 1 1 1 1 1 1 1 1 1 1 1 1 1 1 1 1 1 1 1 1 1 1 1 1 1 1 1 1 1 1 1 1 1 1 1 1 1 1 1 1 1 1 1 1 1 1 1 1 1 1 1 1 1 1 1 1 1 1 1 1 1 1 1 1 1 1 1 1 1 1 1 1 1 1 1 1 1 1 1 1 1 1 1 1 1 1 1 1 1 1 1 1 1 1 1 1 1 1 1 1 1 1 1 1 1 1 1 1 1 1 1 1 1 1 1 1 1 1 1 1 1 1 1 1 1 1 1 1 1 1 1 1 1 1 1 1 1 1 1 1 1 1 1 1 1 1 1 1 1 1 1 1 1 1 1 1 1 1 1 1 1 1 1 1 1 1 1 1 1 1 1 1 1 1 1 1 1 1 1 1 1 1 1 1 1 1 1 1 1 1 1 1 1 1 1 1 1 1 1 1 1 1 1 1 1 1 1 1 100 1 100 1 100 1 100 1 100 1 100 1 100 1 100 1 100 1 1 1 1 1 1 1 1 1 1 1 1 1 1 1 1 1 1 1 1 1 1 1 1 1 1 1 1 1 1 1 1 1 1 1 1 1 1 1 1 1 1 1 1 1 1 1 1 1 1 1 1 1 1 1 1 1 1
staticfield java/util/concurrent/ConcurrentHashMap NCPU I 8
staticfield java/util/concurrent/ConcurrentHashMap serialPersistentFields [Ljava/io/ObjectStreamField; 3 [Ljava/io/ObjectStreamField;
staticfield java/util/concurrent/ConcurrentHashMap U Ljdk/internal/misc/Unsafe; jdk/internal/misc/Unsafe
staticfield java/util/concurrent/ConcurrentHashMap SIZECTL J 20
staticfield java/util/concurrent/ConcurrentHashMap TRANSFERINDEX J 32
staticfield java/util/concurrent/ConcurrentHashMap BASECOUNT J 24
staticfield java/util/concurrent/ConcurrentHashMap CELLSBUSY J 36
staticfield java/util/concurrent/ConcurrentHashMap CELLVALUE J 144
staticfield java/util/concurrent/ConcurrentHashMap ABASE I 16
staticfield java/util/concurrent/ConcurrentHashMap ASHIFT I 2
ciInstanceKlass java/lang/Iterable 1 1 62 10 7 12 1 1 1 11 7 12 1 1 1 11 7 12 1 1 1 11 12 1 1 11 7 12 1 1 1 10 100 12 1 1 1 100 1 1 1 1 1 1 1 1 1 1 1 1 1 1 1 1 1 1 1 1 1 1 1 1 1 1
ciInstanceKlass java/util/Collection 1 1 115 11 100 12 1 1 1 100 1 11 7 12 1 1 1 10 100 12 1 1 1 11 12 1 1 11 100 12 1 1 1 11 12 1 1 11 100 12 1 1 1 11 12 1 1 10 100 12 1 1 1 11 12 1 10 7 12 1 1 1 100 1 100 1 1 1 1 1 1 1 1 1 1 1 1 1 1 1 1 1 1 1 1 1 1 1 1 1 1 1 1 1 1 1 1 1 1 1 1 1 1 1 1 1 1 1 1 1 1 1 1 1 1 1 1
ciInstanceKlass java/util/SequencedCollection 1 1 109 100 1 10 12 1 1 11 100 12 1 1 1 11 100 12 1 1 1 11 12 1 1 11 12 1 100 1 100 1 1 1 1 1 1 1 1 1 1 1 1 1 1 1 1 1 1 1 1 1 1 1 1 1 1 1 1 1 100 1 8 1 1 12 10 1 1 1 8 1 1 1 8 1 1 1 8 1 1 1 8 1 1 8 1 1 1 8 1 1 8 1 1 1 8 1 1 8 1 1 1 8 1 1 8 1 1 8 1
ciInstanceKlass java/util/List 1 1 251 10 100 12 1 1 1 11 7 12 1 1 1 11 7 12 1 1 1 11 12 1 1 11 100 12 1 1 11 12 1 1 11 12 1 1 10 7 12 1 1 1 7 1 100 1 10 12 1 1 100 1 10 7 12 1 1 1 11 12 1 1 11 12 1 11 12 1 100 1 10 12 1 11 12 1 1 11 12 1 1 11 12 1 10 100 12 1 1 1 9 7 12 1 1 1 7 1 10 12 10 12 1 7 1 10 12 1 1 10 12 1 10 12 1 1 11 12 1 1 100 1 1 1 1 1 1 1 1 1 1 1 1 1 1 1 1 1 1 1 1 1 1 1 1 1 1 1 1 1 1 1 1 1 1 1 1 1 1 1 1 1 1 1 1 100 1 100 1 1 1 1 1 1 1 1 1 1 1 1 1 1 1 1 1 1 1 1 1 1 1 1 1 1 1 1 1 1 1 1 1 1 1 1 1 1 1 1 1 1 1 1 1 1 1 1 1 1 1 1 1 1 1 1 1 1 1 1 1 1 1 1 1 1 1 1 1 1 1 1 1 1 1 1 100 1 1 100 1 1 1
ciInstanceKlass java/util/RandomAccess 1 0 7 100 1 100 1 1 1
instanceKlass java/util/WeakHashMap$Values
instanceKlass com/fasterxml/jackson/databind/util/internal/LinkedDeque
instanceKlass com/tngtech/archunit/thirdparty/com/google/common/collect/ImmutableCollection
instanceKlass java/util/concurrent/ConcurrentLinkedDeque
instanceKlass java/util/AbstractQueue
instanceKlass java/util/IdentityHashMap$Values
instanceKlass java/util/TreeMap$Values
instanceKlass java/util/LinkedHashMap$LinkedValues
instanceKlass java/util/Hashtable$ValueCollection
instanceKlass java/util/HashMap$Values
instanceKlass java/util/ArrayDeque
instanceKlass java/util/AbstractSet
instanceKlass java/util/ImmutableCollections$AbstractImmutableCollection
instanceKlass java/util/AbstractList
ciInstanceKlass java/util/AbstractCollection 1 1 160 10 7 12 1 1 1 10 7 12 1 1 1 10 12 1 1 11 7 12 1 1 1 11 12 1 1 10 12 1 1 10 100 12 1 1 1 10 12 1 1 10 12 1 1 10 7 12 1 1 10 7 12 1 1 1 7 1 10 100 12 1 1 1 10 100 12 1 1 1 100 1 10 11 12 1 11 7 1 10 12 1 10 12 1 10 100 12 1 1 1 11 8 1 7 1 10 10 12 1 1 8 1 10 12 1 10 12 1 1 1 1 1 1 1 1 1 1 1 1 1 1 1 1 1 1 1 1 1 1 1 1 1 1 1 1 1 1 1 1 1 1 1 1 1 1 1 1 1 1 1 1 1 1 1 1 1 1 1 1
instanceKlass sun/security/jca/ProviderList$ServiceList
instanceKlass org/freeplane/view/swing/map/MapView$7
instanceKlass groovy/lang/Tuple
instanceKlass sun/security/jca/ProviderList$3
instanceKlass sun/awt/util/IdentityArrayList
instanceKlass java/util/Collections$CopiesList
instanceKlass java/util/Arrays$ArrayList
instanceKlass java/util/Collections$SingletonList
instanceKlass java/util/AbstractSequentialList
instanceKlass java/util/Vector
instanceKlass java/util/ArrayList$SubList
instanceKlass java/util/Collections$EmptyList
instanceKlass java/util/ArrayList
ciInstanceKlass java/util/AbstractList 1 1 218 10 7 12 1 1 1 9 7 12 1 1 1 10 12 1 1 10 12 1 1 100 1 10 10 12 1 1 11 100 12 1 1 1 11 12 1 1 11 12 1 10 100 12 1 1 1 10 12 1 11 12 1 11 12 1 11 12 1 10 12 1 1 10 12 1 1 11 100 12 1 1 1 11 100 1 11 7 1 10 12 1 100 1 10 12 1 10 12 1 1 100 1 100 1 10 12 1 100 1 10 100 1 100 1 10 8 1 10 12 1 1 10 12 1 10 12 1 1 10 12 1 8 1 100 1 8 1 8 1 8 1 10 100 1 11 10 10 12 1 11 12 1 10 12 1 1 8 1 8 1 1 1 1 1 1 1 1 1 1 1 1 1 1 1 1 1 1 1 1 1 1 1 1 1 1 1 1 1 1 1 1 1 1 1 1 1 1 1 1 1 1 1 1 1 1 1 1 1 1 1 1 1 1 1 1 1 1 100 1 100 1 1 1 1 1 1 1
instanceKlass com/inet/jortho/DictionaryFactory$Node
ciInstanceKlass java/util/ArrayList 1 1 509 10 7 12 1 1 1 7 1 9 7 12 1 1 1 9 12 1 100 1 100 1 10 8 1 10 12 1 1 10 12 1 10 12 1 1 10 12 1 9 12 1 11 7 12 1 1 1 9 12 1 1 11 12 1 1 7 10 7 12 1 1 1 9 12 1 10 12 1 10 12 1 1 10 7 12 1 1 1 10 7 12 1 1 1 10 12 1 1 10 12 1 1 10 12 1 1 10 12 1 10 12 1 1 100 1 100 1 10 12 1 10 10 7 12 1 1 1 10 7 12 1 1 10 12 1 100 1 10 10 12 10 12 1 1 10 12 1 1 10 12 1 10 12 10 12 1 1 100 1 10 12 1 1 10 12 1 1 10 12 1 100 1 10 11 12 1 1 11 100 12 1 1 1 11 12 1 10 12 1 10 12 1 10 12 1 1 100 1 10 12 1 1 10 10 12 1 1 10 12 1 8 1 8 1 8 1 8 1 10 12 1 1 10 12 1 1 11 12 1 100 1 10 100 12 1 1 10 12 1 10 12 1 1 10 100 12 1 1 10 12 1 10 100 12 1 1 1 11 100 12 1 1 1 10 12 1 100 1 8 1 10 7 1 10 12 1 7 1 10 12 1 10 12 1 1 7 1 10 12 1 10 12 1 1 11 7 12 1 1 7 1 10 12 1 10 12 1 1 11 100 12 1 1 10 12 1 1 10 12 1 1 10 12 1 1 10 12 1 1 11 100 12 1 1 10 12 1 1 100 1 100 1 100 1 1 1 1 5 0 1 3 1 1 1 1 1 1 1 1 1 1 1 1 1 1 1 1 1 1 1 1 1 1 1 1 1 1 1 1 1 1 1 1 1 1 1 1 1 1 1 1 1 1 1 1 1 1 1 1 1 1 1 1 1 1 1 1 1 1 1 1 1 1 1 1 1 1 1 1 1 1 1 1 1 1 1 1 1 1 1 1 1 1 1 1 1 1 1 1 1 1 1 1 1 1 1 1 1 1 1 1 1 1 1 1 100 1 1 1 1 100 1 1 1 1 1 1 1 1 1 1 1 1 1 1 1 1 1 1 1 1 1 1 1 1 1 1 1 1 1 100 1 1 1 1 1 1 1 1 1 1 1 1 1 1 1 1 1 1 100 1 100 1 1 1 1 1 1
staticfield java/util/ArrayList EMPTY_ELEMENTDATA [Ljava/lang/Object; 0 [Ljava/lang/Object;
staticfield java/util/ArrayList DEFAULTCAPACITY_EMPTY_ELEMENTDATA [Ljava/lang/Object; 0 [Ljava/lang/Object;
ciInstanceKlass java/lang/StackTraceElement 1 1 235 10 7 12 1 1 1 10 7 12 1 1 9 12 1 1 9 12 1 1 9 12 1 9 12 1 8 1 10 100 12 1 1 1 100 1 9 12 1 8 1 9 12 1 9 12 1 9 12 1 1 10 12 1 1 10 12 1 8 1 10 100 12 1 1 1 100 1 10 12 1 10 12 1 1 10 12 1 10 12 1 1 10 12 1 10 12 1 10 10 12 1 8 1 10 12 1 10 12 1 1 10 12 1 1 10 12 1 10 12 1 10 12 1 9 12 1 1 10 7 12 1 1 1 10 12 1 1 7 1 10 12 1 1 10 7 12 1 1 10 7 12 1 1 1 10 7 12 1 1 10 7 12 1 1 10 10 12 1 1 10 12 1 1 10 12 1 1 10 12 1 100 1 1 1 1 1 1 1 3 1 3 1 1 5 0 1 1 1 1 1 1 1 1 1 1 1 1 1 1 1 1 1 1 1 1 1 1 1 1 1 1 1 1 1 100 1 100 1 1 1 1 1 1 1 100 1 1 1 1 1 1 1 1 1
instanceKlass java/nio/ShortBuffer
instanceKlass java/nio/IntBuffer
instanceKlass java/nio/LongBuffer
instanceKlass java/nio/CharBuffer
instanceKlass java/nio/ByteBuffer
ciInstanceKlass java/nio/Buffer 1 1 256 100 1 10 7 12 1 1 1 9 7 12 1 1 1 9 12 1 9 12 1 1 9 12 1 9 12 1 1 10 12 1 1 10 12 1 1 10 12 100 1 100 1 10 8 1 10 12 1 1 10 12 1 8 1 8 1 10 12 1 1 10 12 1 8 1 9 12 1 1 100 1 8 1 10 12 1 8 1 8 1 9 12 10 12 1 8 1 8 1 8 1 10 12 1 8 1 8 1 8 1 100 1 10 100 1 10 100 1 10 9 12 1 1 10 7 12 1 1 1 100 1 10 12 1 1 10 12 1 10 100 12 1 1 10 7 12 1 1 1 10 7 12 1 1 1 9 12 1 1 10 7 12 1 1 1 9 12 1 1 7 1 10 10 12 1 1 7 1 10 10 7 12 1 1 1 1 1 3 1 1 1 1 1 1 1 1 1 1 1 1 1 1 100 1 1 1 1 1 1 1 100 1 1 1 1 1 1 1 1 1 1 1 1 1 1 1 1 1 1 1 1 1 1 1 1 1 1 1 1 1 1 1 1 1 1 1 1 1 1 1 100 1 100 1 100 1 100 1 100 1 100 1 100 1 1
staticfield java/nio/Buffer UNSAFE Ljdk/internal/misc/Unsafe; jdk/internal/misc/Unsafe
staticfield java/nio/Buffer SCOPED_MEMORY_ACCESS Ljdk/internal/misc/ScopedMemoryAccess; jdk/internal/misc/ScopedMemoryAccess
staticfield java/nio/Buffer IOOBE_FORMATTER Ljava/util/function/BiFunction; jdk/internal/util/Preconditions$4
staticfield java/nio/Buffer $assertionsDisabled Z 1
ciInstanceKlass java/lang/StackWalker 1 1 271 9 7 12 1 1 1 7 1 10 7 12 1 1 1 10 12 1 1 10 7 12 1 1 1 10 12 1 1 10 12 1 11 7 12 1 1 1 10 12 1 1 10 12 1 1 10 12 1 1 100 1 8 1 10 12 1 10 12 1 10 12 1 10 7 12 1 1 9 12 1 1 9 12 1 1 9 12 1 1 9 12 1 1 10 12 1 1 9 12 1 1 9 12 1 1 9 12 1 1 10 7 12 1 1 1 11 12 1 1 7 1 8 1 10 10 7 12 1 1 9 12 1 1 10 12 1 1 10 7 12 1 1 1 10 7 12 1 1 1 18 12 1 1 100 1 8 1 10 8 1 10 12 1 1 10 100 12 1 1 1 10 12 1 1 9 7 12 1 1 11 100 12 1 1 1 10 12 1 1 1 1 1 1 1 1 1 1 1 1 1 1 1 1 1 1 1 1 1 1 1 1 1 1 1 1 1 1 1 1 1 1 1 1 1 1 1 1 1 1 1 1 1 1 1 1 1 1 1 1 1 1 1 1 1 1 1 1 1 1 1 1 1 1 100 1 1 16 15 10 12 16 1 15 10 100 12 1 1 1 1 1 1 1 1 1 100 1 100 1 1
staticfield java/lang/StackWalker DEFAULT_EMPTY_OPTION Ljava/util/EnumSet; java/util/RegularEnumSet
staticfield java/lang/StackWalker DEFAULT_WALKER Ljava/lang/StackWalker; java/lang/StackWalker
instanceKlass java/lang/StackStreamFactory$StackFrameTraverser
ciInstanceKlass java/lang/StackStreamFactory$AbstractStackWalker 1 1 375 7 1 100 1 3 10 7 12 1 1 1 10 7 12 1 1 10 7 12 1 1 1 9 12 1 1 10 12 1 1 9 12 1 1 9 12 1 1 9 12 1 1 9 12 1 10 7 12 1 1 1 10 12 1 1 10 100 12 1 1 9 12 1 1 9 12 1 1 10 12 1 1 9 7 12 1 1 1 10 12 1 1 10 12 1 9 12 1 1 10 7 12 1 1 1 10 12 1 1 9 12 1 1 9 100 12 1 1 1 100 1 10 8 1 10 12 1 1 10 12 1 8 1 10 12 1 1 10 100 12 1 1 1 100 1 8 1 10 12 1 8 1 10 12 10 7 12 1 1 9 12 1 8 1 5 0 8 1 8 1 9 12 1 1 10 12 1 1 18 12 1 1 10 100 12 1 1 1 10 12 1 1 10 12 1 10 12 1 9 12 1 10 12 1 10 12 1 10 12 1 10 12 1 10 12 1 10 12 1 1 8 1 10 12 1 10 12 1 10 12 1 10 12 1 1 8 1 10 12 1 1 10 12 1 1 10 12 1 1 10 12 1 10 12 1 10 7 12 1 1 1 10 12 1 10 12 1 9 12 1 8 1 10 12 1 10 12 1 10 12 1 1 10 12 1 10 12 1 10 12 1 1 10 12 1 10 12 1 10 12 1 10 12 1 10 12 1 10 12 1 1 10 12 1 1 10 12 1 8 1 1 1 1 1 1 1 1 1 1 1 1 1 100 1 1 1 1 1 1 1 100 1 1 1 1 100 1 1 1 1 1 1 1 1 1 1 1 1 1 1 1 1 1 1 1 16 15 15 10 100 12 1 1 1 1 1 1 1 1 100 1 100 1 1
ciInstanceKlass java/lang/StackWalker$StackFrame 1 1 41 100 1 10 12 1 1 100 1 100 1 1 1 1 1 1 1 1 1 1 1 1 1 1 1 1 1 1 1 1 1 1 1 1 1 1 1 100 1 1 1
instanceKlass java/lang/LiveStackFrameInfo
ciInstanceKlass java/lang/StackFrameInfo 1 1 142 10 7 12 1 1 1 9 7 12 1 1 1 9 7 1 9 12 1 1 11 7 12 1 1 1 9 12 1 1 11 12 1 1 10 12 1 1 10 7 12 1 1 1 10 12 1 11 12 1 11 12 1 1 11 12 1 10 12 1 1 9 12 1 1 10 12 1 1 10 100 12 1 1 10 12 1 1 11 12 1 1 9 12 1 1 10 100 1 10 12 1 9 12 1 1 10 12 1 1 100 1 8 1 10 12 1 10 7 12 1 1 1 100 1 1 1 1 1 1 1 1 1 1 1 1 1 1 1 1 1 1 100 1 1 100 1 1 1 1 1 1
staticfield java/lang/StackFrameInfo JLIA Ljdk/internal/access/JavaLangInvokeAccess; java/lang/invoke/MethodHandleImpl$1
ciInstanceKlass java/lang/LiveStackFrame 0 0 135 100 1 10 100 12 1 1 1 11 100 12 1 1 1 11 12 1 10 100 12 1 1 1 100 1 8 1 10 12 1 1 10 100 12 1 1 1 9 100 12 1 1 1 10 100 12 1 1 1 10 100 12 1 1 1 11 12 1 10 12 1 100 1 100 1 1 1 1 1 1 1 1 1 1 1 1 1 1 1 1 1 1 1 1 1 1 1 1 1 1 1 1 100 1 1 1 1 1 1 1 100 1 8 1 1 12 10 1 1 1 8 1 1 1 8 1 1 1 8 1 1 1 8 1 1 1 8 1 1 8 1 1 8 1
ciInstanceKlass java/lang/LiveStackFrameInfo 0 0 97 10 100 12 1 1 1 9 100 12 1 1 1 9 12 1 9 12 1 9 12 1 9 12 1 1 100 1 10 12 1 1 10 12 1 8 1 10 12 1 1 8 1 8 1 8 1 10 100 1 10 12 1 100 1 10 12 1 100 1 100 1 1 1 3 1 3 1 1 1 1 1 1 1 1 1 1 1 1 1 1 1 1 1 1 1 1 1 1 1 1 1 1 1 100 1 1
instanceKlass java/util/concurrent/locks/AbstractQueuedSynchronizer
ciInstanceKlass java/util/concurrent/locks/AbstractOwnableSynchronizer 1 1 32 10 7 12 1 1 1 9 7 12 1 1 1 100 1 1 1 1 5 0 1 1 1 1 1 1 1 1 1 1 1 1
ciInstanceKlass java/lang/Boolean 1 1 152 10 7 12 1 1 1 9 7 12 1 1 1 10 12 1 1 10 12 1 8 1 10 7 12 1 1 9 12 1 1 9 12 1 10 12 1 1 10 12 1 1 10 12 1 1 10 7 12 1 1 1 100 1 100 1 10 12 1 1 9 100 12 1 1 9 12 10 100 12 1 1 1 10 12 1 1 8 1 10 7 12 1 1 1 9 12 1 1 100 1 100 1 100 1 1 1 1 1 1 5 0 1 1 1 1 1 1 1 1 1 1 3 1 1 1 1 1 1 1 1 1 1 1 1 1 1 1 1 1 1 100 1 1 1 1 1 1 1 1 1 1 100 1 1 1 1 1 1 1 1 1
staticfield java/lang/Boolean TRUE Ljava/lang/Boolean; java/lang/Boolean
staticfield java/lang/Boolean FALSE Ljava/lang/Boolean; java/lang/Boolean
staticfield java/lang/Boolean TYPE Ljava/lang/Class; java/lang/Class
ciInstanceKlass java/lang/Character 1 1 604 7 1 100 1 100 1 9 12 1 1 8 1 9 12 1 1 100 1 9 12 1 1 10 100 12 1 1 1 10 100 12 1 1 1 10 100 12 1 1 1 10 7 12 1 1 1 9 7 12 1 1 1 10 12 1 10 12 1 1 10 12 1 1 10 7 12 1 1 10 12 1 1 3 3 3 3 3 10 12 1 1 10 12 1 3 11 7 12 1 1 1 11 12 1 1 10 12 1 1 10 12 1 1 100 1 10 10 12 1 3 10 12 1 1 10 12 1 10 12 1 1 100 1 8 1 10 12 1 1 10 12 1 10 12 1 10 12 1 10 100 12 1 1 1 10 12 1 10 12 1 10 12 1 1 10 12 1 10 7 12 1 1 10 10 12 1 10 10 12 1 10 12 1 1 10 12 1 10 10 12 1 10 12 1 10 12 1 10 12 1 10 12 1 10 12 1 10 12 1 10 12 10 10 12 10 10 12 1 10 10 12 1 10 10 12 1 10 10 12 1 10 12 1 10 12 1 10 12 1 10 12 1 10 12 1 10 12 1 10 10 12 1 10 10 12 1 10 10 12 1 1 10 10 12 1 10 5 0 10 12 1 10 12 1 10 10 12 1 10 10 12 1 1 10 10 12 1 10 10 12 1 9 12 1 1 100 1 10 10 12 1 10 12 1 1 3 10 100 12 1 1 1 10 12 1 10 100 12 1 1 100 1 10 10 12 1 1 10 12 1 1 10 12 1 1 8 1 10 12 1 9 100 12 1 1 1 10 12 1 10 10 12 1 10 12 1 1 10 12 1 10 10 12 1 1 10 10 12 1 1 100 1 8 1 10 12 1 1 10 7 12 1 1 1 8 1 10 12 1 1 9 12 1 1 100 1 100 1 100 1 1 1 1 3 1 3 1 3 1 3 1 1 1 1 1 3 1 1 3 1 3 1 3 1 3 1 3 1 3 1 3 1 3 1 3 1 3 1 3 1 3 1 3 1 3 1 3 1 3 1 3 1 3 1 3 1 3 1 3 1 3 1 3 1 3 1 3 1 3 1 3 1 3 1 1 1 1 1 1 1 1 1 1 1 1 1 1 1 1 1 1 1 3 1 1 1 1 1 1 1 3 1 1 3 1 1 1 1 1 3 1 1 5 0 1 1 1 1 1 1 1 1 1 1 1 1 1 1 1 1 1 1 1 1 1 1 1 1 1 1 1 1 1 1 1 1 1 1 1 1 1 1 1 1 1 1 1 1 1 1 1 1 1 1 1 1 1 1 1 1 1 1 1 1 1 1 1 1 1 1 1 1 1 1 1 1 1 1 1 1 1 1 1 1 1 1 1 1 1 1 1 1 1 1 100 1 100 1 1 1 1 1 1
staticfield java/lang/Character TYPE Ljava/lang/Class; java/lang/Class
staticfield java/lang/Character $assertionsDisabled Z 1
instanceKlass com/google/gson/internal/LazilyParsedNumber
instanceKlass java/util/concurrent/atomic/Striped64
instanceKlass java/math/BigInteger
instanceKlass java/math/BigDecimal
instanceKlass java/util/concurrent/atomic/AtomicLong
instanceKlass java/util/concurrent/atomic/AtomicInteger
instanceKlass java/lang/Long
instanceKlass java/lang/Integer
instanceKlass java/lang/Short
instanceKlass java/lang/Byte
instanceKlass java/lang/Double
instanceKlass java/lang/Float
ciInstanceKlass java/lang/Number 1 1 37 10 7 12 1 1 1 10 100 12 1 1 1 100 1 1 1 1 5 0 1 1 1 1 1 1 1 1 1 1 1 1 1 1 1 1 1
ciInstanceKlass java/lang/Float 1 1 279 7 1 100 1 10 7 12 1 1 1 10 100 12 1 1 1 4 100 1 10 12 1 1 10 12 1 1 8 1 8 1 10 100 12 1 1 1 10 12 1 1 10 12 1 1 10 7 1 4 10 7 12 1 1 9 12 1 1 10 12 1 1 10 12 1 10 10 12 1 1 10 12 1 10 12 1 3 3 100 1 4 4 4 3 10 12 1 1 9 12 1 1 100 1 10 3 3 4 4 10 12 1 3 3 3 10 12 1 1 10 12 1 1 10 12 1 10 100 12 1 1 1 10 12 1 1 10 12 1 1 10 7 12 1 1 1 8 1 10 12 1 1 9 12 1 1 100 1 100 1 100 1 1 1 1 4 1 4 1 1 1 4 1 1 3 1 3 1 3 1 3 1 3 1 1 1 1 5 0 1 1 1 1 1 1 1 1 1 1 100 1 1 1 1 1 1 1 1 1 1 1 1 1 3 1 1 1 1 1 1 1 1 1 1 1 1 1 1 1 1 1 1 1 1 1 1 1 1 1 1 1 1 1 1 1 1 1 1 1 1 1 1 1 1 1 1 1 1 1 1 1 1 1 1 1 1 1 1 1 1 1 1 1 1 1 100 1 1 1 1 1 1 1 100 1 100 1 1
staticfield java/lang/Float TYPE Ljava/lang/Class; java/lang/Class
staticfield java/lang/Float $assertionsDisabled Z 1
ciInstanceKlass java/lang/Double 1 1 290 7 1 100 1 10 100 12 1 1 1 10 12 1 1 10 100 1 10 12 1 1 10 7 12 1 1 1 6 0 8 1 10 12 1 1 8 1 10 12 1 1 8 1 6 0 10 12 1 1 100 1 5 0 5 0 8 1 8 1 10 7 12 1 1 1 10 100 12 1 1 1 8 1 10 12 1 1 8 1 8 1 8 1 10 12 1 1 10 12 1 10 12 1 1 10 12 1 10 12 1 10 12 1 1 10 12 1 10 7 1 6 0 10 7 12 1 1 9 12 1 1 10 12 1 10 12 1 10 12 1 10 12 1 10 12 1 5 0 10 12 1 1 10 12 1 10 12 1 10 100 12 1 1 1 10 12 1 1 10 12 1 1 8 1 10 7 12 1 1 1 9 12 1 1 100 1 100 1 100 1 1 1 6 0 1 6 0 1 6 0 1 1 1 6 0 1 1 3 1 3 1 3 1 3 1 3 1 1 1 1 5 0 1 1 1 1 1 1 1 1 1 1 1 1 1 1 1 1 100 1 1 1 1 1 1 1 1 1 1 1 1 3 1 1 1 1 1 1 1 1 1 1 1 1 1 1 1 1 1 1 1 1 1 1 1 1 1 1 1 1 1 1 1 1 1 1 100 1 1 1 1 1 1 1 100 1 100 1 1
staticfield java/lang/Double TYPE Ljava/lang/Class; java/lang/Class
ciInstanceKlass java/lang/Byte 1 1 213 7 1 100 1 10 100 12 1 1 1 9 12 1 1 8 1 9 12 1 1 100 1 10 12 1 1 10 12 1 1 10 100 12 1 1 1 10 100 12 1 1 1 9 7 12 1 1 1 10 12 1 1 100 1 100 1 10 12 1 1 8 1 10 12 1 1 8 1 10 12 1 10 12 1 10 12 1 10 12 1 1 10 12 1 10 12 1 10 12 1 1 10 8 1 8 1 10 7 1 9 12 1 1 10 12 1 1 10 12 1 1 10 12 1 1 10 12 1 5 0 10 12 1 1 8 1 10 7 12 1 1 1 9 12 1 1 100 1 100 1 1 1 3 1 3 1 1 1 1 3 1 3 1 1 5 0 1 1 1 1 1 1 1 1 1 1 1 1 1 1 1 1 1 1 1 1 1 1 1 1 1 1 1 1 1 1 1 1 1 1 1 1 1 1 1 1 1 1 1 1 1 1 1 1 1 1 1 1 1 1 1 1
staticfield java/lang/Byte TYPE Ljava/lang/Class; java/lang/Class
ciInstanceKlass java/lang/Short 1 1 222 7 1 100 1 100 1 10 100 12 1 1 1 10 12 1 1 100 1 100 1 10 12 1 1 8 1 10 12 1 1 8 1 10 12 1 10 12 1 10 12 1 10 12 1 1 10 12 1 1 10 12 1 9 12 1 1 8 1 9 12 1 1 100 1 10 12 1 1 10 12 1 10 100 12 1 1 1 10 100 12 1 1 1 9 7 12 1 1 1 10 12 1 10 12 1 1 10 8 1 8 1 10 7 1 9 12 1 1 10 12 1 1 10 12 1 1 10 12 1 1 10 12 1 3 3 5 0 10 12 1 1 8 1 10 7 12 1 1 1 9 12 1 1 100 1 100 1 1 1 3 1 3 1 1 1 1 3 1 3 1 1 5 0 1 1 1 1 1 1 1 1 1 1 1 1 1 1 1 1 1 1 1 1 1 1 1 1 1 1 1 3 1 1 1 1 1 1 1 1 1 1 1 1 1 1 1 1 1 1 1 1 1 1 1 1 1 1 1 1 1 1
staticfield java/lang/Short TYPE Ljava/lang/Class; java/lang/Class
ciInstanceKlass java/lang/Integer 1 1 453 7 1 100 1 7 1 7 1 10 12 1 1 9 12 1 1 9 12 1 1 10 100 12 1 1 1 10 12 1 1 10 100 12 1 1 1 10 10 12 1 1 10 100 12 1 1 1 10 12 1 10 12 1 1 10 7 12 1 1 1 10 12 1 1 10 12 1 1 10 12 1 10 12 1 10 12 1 1 10 10 12 1 9 12 1 1 9 12 1 7 1 8 1 10 12 1 100 1 10 12 1 8 1 10 12 1 1 10 12 1 8 1 10 12 1 8 1 10 12 1 1 3 10 12 1 1 3 10 12 1 1 10 12 1 1 10 7 12 1 1 1 11 7 1 10 12 1 1 11 10 12 1 1 8 1 10 12 1 1 8 1 100 1 10 12 1 1 10 12 1 1 5 0 8 1 10 12 1 10 12 1 10 12 1 10 12 1 1 7 1 9 12 1 1 9 12 1 1 10 12 1 10 7 1 9 12 1 10 12 1 10 12 1 10 12 1 1 10 7 12 1 1 1 100 1 100 1 10 12 1 1 10 12 1 1 8 1 8 1 10 12 1 1 8 1 8 1 8 1 8 1 8 1 8 1 10 12 1 10 12 1 5 0 3 3 3 3 10 12 1 10 12 1 3 10 12 1 10 100 12 1 1 1 10 12 1 1 10 12 1 1 8 1 10 7 12 1 1 1 9 12 1 1 100 1 100 1 100 1 1 1 1 3 1 1 1 3 1 3 1 1 5 0 1 1 1 1 1 1 1 1 1 100 1 1 1 1 1 1 1 1 1 1 1 1 1 1 1 1 1 1 1 1 1 1 1 1 1 1 1 1 1 1 1 1 1 1 1 1 1 1 1 1 3 1 1 1 1 1 1 1 1 1 1 1 1 1 1 1 1 100 1 1 1 1 1 1 1 1 1 1 1 1 1 1 1 1 1 1 1 1 1 1 1 1 1 1 1 1 1 1 1 1 1 1 1 1 1 1 1 1 1 1 1 1 1 1 100 1 1 1 1 1 1 1 1 1 100 1 100 1 1
staticfield java/lang/Integer TYPE Ljava/lang/Class; java/lang/Class
staticfield java/lang/Integer digits [C 36
staticfield java/lang/Integer DigitTens [B 100
staticfield java/lang/Integer DigitOnes [B 100
ciInstanceKlass java/lang/Long 1 1 524 7 1 100 1 7 1 7 1 10 12 1 1 9 12 1 1 9 7 12 1 1 1 10 100 12 1 1 1 10 12 1 1 10 100 12 1 1 1 10 10 12 10 12 1 10 12 1 10 12 1 5 0 5 0 7 1 10 12 1 1 10 12 1 1 10 12 1 10 12 1 10 12 1 10 12 1 1 10 100 12 1 1 10 12 1 10 12 1 1 10 12 1 1 10 12 1 1 10 12 1 1 10 7 12 1 1 1 10 12 1 1 10 12 1 10 12 1 10 12 1 10 12 1 1 10 10 12 1 5 0 5 0 9 12 1 1 9 12 1 5 0 7 1 8 1 10 12 1 8 1 10 12 1 8 1 8 1 10 12 1 1 5 0 10 12 1 1 5 0 10 12 1 1 10 12 1 1 10 100 12 1 1 1 11 100 1 10 12 1 1 11 10 12 1 1 8 1 10 12 1 1 8 1 100 1 10 12 1 1 10 12 1 8 1 8 1 11 12 1 1 10 12 1 10 12 1 10 12 1 5 0 5 0 9 7 12 1 1 1 10 12 1 10 12 1 1 8 1 8 1 10 12 1 1 8 1 8 1 8 1 8 1 8 1 8 1 10 12 1 10 7 1 9 12 1 1 10 12 1 10 12 1 1 10 12 1 1 10 100 12 1 1 1 100 1 100 1 10 12 1 1 10 12 1 1 5 0 10 12 1 10 12 1 5 0 5 0 5 0 10 12 1 1 10 12 1 5 0 5 0 10 12 1 10 12 1 10 100 12 1 1 1 10 12 1 1 10 12 1 1 8 1 10 7 12 1 1 1 9 12 1 1 100 1 100 1 100 1 1 1 1 5 0 1 1 1 1 3 1 3 1 5 0 1 1 1 1 1 1 1 1 1 100 1 1 1 1 1 1 1 1 1 1 1 1 1 1 1 1 1 1 1 1 1 1 1 1 1 1 1 1 1 1 1 1 1 1 1 1 1 1 1 1 1 1 1 1 1 1 1 1 1 1 1 1 1 1 1 3 1 1 1 1 1 1 1 1 1 1 1 1 1 1 1 100 1 1 1 1 1 1 1 1 1 1 1 1 1 1 1 1 1 1 1 1 1 1 1 1 1 1 1 1 1 1 1 1 1 1 1 1 1 1 1 1 1 1 1 100 1 1 1 1 1 1 1 1 1 100 1 100 1 1
staticfield java/lang/Long TYPE Ljava/lang/Class; java/lang/Class
ciInstanceKlass java/util/Iterator 1 1 53 100 1 8 1 10 12 1 1 10 7 12 1 1 1 11 7 12 1 1 1 11 12 1 1 11 7 12 1 1 1 100 1 1 1 1 1 1 1 1 1 1 1 1 1 1 1 1 1 1 1 1 1
ciInstanceKlass java/lang/reflect/RecordComponent 0 0 196 10 100 12 1 1 1 9 100 12 1 1 1 9 12 1 1 9 12 1 10 12 1 1 10 12 1 1 10 100 12 1 1 1 10 12 1 1 9 12 1 1 10 12 1 1 10 12 1 1 10 12 1 10 100 12 1 1 10 100 12 1 1 9 12 1 1 10 100 12 1 1 1 11 100 12 1 1 1 10 9 100 12 1 1 1 10 100 12 1 1 1 9 12 1 1 10 100 12 1 1 1 10 12 1 1 11 100 12 1 1 10 100 12 1 1 100 1 9 12 1 9 12 1 1 9 12 1 10 100 12 1 1 1 10 12 1 1 10 12 1 1 100 1 10 10 12 1 10 12 1 1 8 1 10 12 1 10 12 1 9 12 1 100 1 1 1 1 1 1 1 1 1 1 1 1 1 1 1 1 1 1 1 1 1 1 100 1 1 1 1 1 1 100 1 1
ciInstanceKlass jdk/internal/vm/vector/VectorSupport 0 0 573 100 1 10 100 12 1 1 1 9 12 1 1 10 12 1 1 100 1 10 12 1 11 100 12 1 1 1 11 100 12 1 1 1 11 100 12 1 1 11 100 12 1 1 11 100 12 1 1 1 11 100 12 1 1 11 100 12 1 1 11 100 12 1 1 11 100 12 1 1 11 100 12 1 1 11 100 12 1 1 11 100 12 1 1 1 11 100 12 1 1 11 100 12 1 1 1 11 100 12 1 1 1 11 100 12 1 1 11 100 12 1 1 1 11 100 12 1 1 100 1 10 12 1 1 11 100 12 1 1 11 100 12 1 1 11 100 12 1 1 11 100 12 1 1 11 100 12 1 1 11 100 12 1 1 9 12 1 1 10 100 12 1 1 11 100 12 1 1 10 12 1 1 10 100 12 1 1 1 10 12 1 10 12 1 1 10 12 1 1 1 1 1 3 1 3 1 3 1 3 1 3 1 3 1 3 1 3 1 3 1 3 1 3 1 3 1 3 1 3 1 3 1 3 1 3 1 3 1 3 1 3 1 3 1 3 1 3 1 3 1 3 1 3 1 3 1 3 1 3 1 3 1 3 1 3 1 3 1 3 1 3 1 3 1 3 1 3 1 3 1 3 1 3 1 3 1 3 1 3 1 3 1 3 1 3 1 3 1 3 1 3 1 3 1 3 1 3 1 1 1 1 1 1 1 1 1 1 1 1 1 1 1 1 1 1 1 1 1 1 1 1 1 1 1 1 1 1 1 1 1 1 1 1 1 1 1 1 1 1 1 1 1 1 1 1 1 1 1 1 1 1 1 1 1 1 1 1 1 1 1 1 1 1 1 1 1 1 1 1 1 1 1 1 1 1 1 1 1 1 1 1 1 1 1 1 1 1 1 1 1 1 1 1 1 1 1 1 1 1 1 1 1 1 1 1 1 1 1 1 1 1 1 1 1 1 1 1 1 1 1 1 1 1 1 1 1 1 1 1 1 1 1 1 1 1 1 1 1 1 1 1 1 1 1 1 1 1 1 1 1 1 1 1 1 1 1 1 1 1 1 1 1 1 1 1 1 1 1 1 1 1 1 1 1 1 1 1 1 1 1 1 1 1 1 1 1 1 1 1 1 1 1 1 1 1 1 1 1 1 1 1 1 1 1 1 1 1 1 1 1 1 1 1 1 1 1 1 1 1 1 1 1 1 1 1 1 1 1 1 1 1 1 100 1 100 1 100 1 100 1 100 1 1 1 1 1 1 1 1 1 1 1 1 1 1 1 1 1 1 1 1 1 1 1 1 1 1 1 1 1 1 1
instanceKlass jdk/internal/vm/vector/VectorSupport$VectorShuffle
instanceKlass jdk/internal/vm/vector/VectorSupport$VectorMask
instanceKlass jdk/internal/vm/vector/VectorSupport$Vector
ciInstanceKlass jdk/internal/vm/vector/VectorSupport$VectorPayload 0 0 32 10 100 12 1 1 1 9 100 12 1 1 1 10 100 12 1 1 1 1 1 1 1 1 1 1 1 1 1 1 1 1
ciInstanceKlass jdk/internal/vm/vector/VectorSupport$Vector 0 0 28 10 100 12 1 1 1 100 1 1 1 1 1 1 1 1 1 1 1 1 1 1 1 100 1 1 1 1
ciInstanceKlass jdk/internal/vm/vector/VectorSupport$VectorMask 0 0 28 10 100 12 1 1 1 100 1 1 1 1 1 1 1 1 1 1 1 1 1 1 1 100 1 1 1 1
ciInstanceKlass jdk/internal/vm/vector/VectorSupport$VectorShuffle 0 0 28 10 100 12 1 1 1 100 1 1 1 1 1 1 1 1 1 1 1 1 1 1 1 100 1 1 1 1
ciInstanceKlass jdk/internal/vm/FillerObject 0 0 16 10 100 12 1 1 1 100 1 1 1 1 1 1 1 1
ciInstanceKlass java/lang/NullPointerException 1 1 52 10 7 12 1 1 1 10 12 1 9 7 12 1 1 1 10 12 1 1 9 12 1 1 10 12 1 1 10 12 1 1 1 1 5 0 1 1 1 1 1 1 1 1 100 1 100 1 100 1 1 1
ciInstanceKlass java/lang/ArithmeticException 1 1 26 10 100 12 1 1 1 10 12 1 100 1 1 1 1 5 0 1 1 1 1 1 1 1 1 1
ciInstanceKlass java/lang/Math 1 1 460 7 1 10 100 12 1 1 1 10 7 12 1 1 1 10 12 1 10 12 1 10 12 1 10 12 1 10 12 1 6 0 6 0 10 12 1 10 12 1 10 12 1 10 12 1 10 12 1 10 12 1 1 10 12 1 10 12 1 10 12 1 10 12 1 10 12 1 10 7 12 1 1 1 100 1 3 3 3 10 7 12 1 1 1 100 1 5 0 5 0 5 0 5 0 5 0 9 100 12 1 1 1 10 100 12 1 1 1 100 1 8 1 10 12 1 8 1 10 12 1 1 10 12 1 1 100 1 5 0 5 0 100 1 3 5 0 3 5 0 10 12 1 10 12 1 10 12 1 10 12 1 10 12 1 8 1 10 12 1 8 1 10 12 1 1 10 12 1 1 9 12 1 1 9 12 1 100 1 100 1 10 10 12 1 1 8 1 10 12 1 10 12 1 1 10 10 12 1 10 12 1 10 12 1 10 12 1 1 8 1 8 1 10 12 1 1 10 12 1 10 12 10 12 10 12 1 10 12 1 10 12 1 10 12 1 10 12 6 0 10 12 1 9 12 1 1 100 1 10 10 12 1 100 1 10 12 1 10 12 1 1 10 12 1 10 12 1 10 12 10 12 1 1 10 12 1 1 10 12 1 1 10 12 6 0 10 12 1 1 10 12 10 12 1 4 10 12 1 10 12 1 10 12 10 12 1 10 12 1 10 12 1 10 12 1 10 12 1 10 12 1 5 0 6 0 4 6 0 4 6 0 4 10 12 1 9 12 1 1 10 12 9 12 1 10 7 12 1 1 1 4 6 0 1 1 6 0 1 6 0 1 6 0 1 1 1 1 1 1 1 1 1 1 1 1 1 1 1 1 1 1 1 1 1 1 1 1 1 1 1 1 1 1 1 1 1 1 1 1 1 1 1 1 1 1 1 1 1 1 1 1 1 1 1 1 1 1 1 1 1 1 1 1 1 1 1 1 1 1 1 1 1 1 1 1 1 1 1 1 1 1 1 1 1 1 1 1 1 1 1 1 1 1 1 1 1 1 1 1
staticfield java/lang/Math negativeZeroFloatBits J -2147483648
staticfield java/lang/Math negativeZeroDoubleBits J -9223372036854775808
staticfield java/lang/Math $assertionsDisabled Z 1
instanceKlass com/lightdev/app/shtm/SHTMLWriter$1
instanceKlass sun/net/www/http/KeepAliveCache
instanceKlass javax/swing/UIDefaults$TextAndMnemonicHashMap
instanceKlass org/knopflerfish/framework/Main$1
instanceKlass java/lang/ProcessEnvironment
instanceKlass java/util/LinkedHashMap
ciInstanceKlass java/util/HashMap 1 1 629 10 7 12 1 1 1 100 1 10 12 1 1 100 1 10 7 12 1 1 1 100 1 11 12 1 1 11 12 1 11 12 1 1 10 7 12 1 1 1 7 1 3 10 7 12 1 1 1 100 1 100 1 10 8 1 10 12 1 1 10 12 1 10 12 1 1 10 12 1 10 7 12 1 1 1 8 1 10 12 1 9 12 1 1 10 12 1 9 12 1 1 4 10 12 1 10 12 1 1 11 7 12 1 1 9 12 1 1 10 7 12 1 1 1 6 0 10 12 1 1 11 12 1 1 11 7 12 1 1 1 11 7 12 1 1 1 11 12 1 1 7 1 11 12 1 11 12 1 10 12 1 10 12 1 1 9 12 10 12 1 1 9 7 12 1 1 1 9 12 9 12 1 10 12 1 1 9 12 1 7 1 10 12 1 1 10 12 1 1 10 12 1 1 10 12 1 1 10 12 1 1 9 12 1 10 12 1 1 3 4 10 12 1 1 10 12 1 1 9 12 1 1 9 10 12 1 1 10 12 1 1 10 12 1 1 10 12 1 9 12 1 1 7 1 10 12 1 10 12 1 10 7 12 1 1 1 7 1 9 12 1 1 7 1 10 9 12 7 1 10 100 1 10 11 7 12 1 1 1 100 1 10 11 7 12 1 1 11 100 12 1 1 1 10 12 1 100 1 100 1 10 12 1 10 12 1 10 12 1 10 100 12 1 1 10 12 1 1 10 12 1 1 10 100 12 1 1 1 8 10 100 12 1 1 1 100 1 10 4 4 10 12 1 1 10 100 12 1 1 1 10 12 1 8 1 6 0 10 100 12 1 1 1 100 1 11 100 12 1 1 1 10 12 1 10 12 1 10 10 12 1 1 6 0 8 1 10 12 1 10 12 100 1 100 1 1 1 1 5 0 1 3 1 1 1 3 1 3 1 3 1 1 1 1 1 1 1 1 1 1 1 1 1 1 1 1 1 1 1 1 1 1 100 1 1 1 1 1 1 1 1 1 1 1 1 1 1 1 1 1 1 1 1 1 1 1 1 1 1 1 1 1 1 1 1 1 100 1 1 1 1 1 1 1 1 1 1 1 1 1 1 1 1 1 1 1 1 1 1 1 1 1 1 1 1 1 1 1 1 1 1 1 1 1 1 1 1 1 1 1 1 1 1 1 1 1 1 1 100 1 1 1 1 1 1 1 1 1 1 1 1 1 1 1 1 1 1 1 1 1 1 1 1 1 1 1 1 1 1 1 1 1 1 1 1 1 1 1 1 1 1 1 1 1 1 1 1 100 1 1 1 1 1 1 1 1 100 1 1 1 1 1 1 1 1 1 1 1 1 1 1 1 1 1 1 100 1 100 1 100 1 100 1 100 1 100 1 100 1 100 1 1 1 1 1 1 1 1 1 1 1 1 1 1 1 1 1 1
ciInstanceKlass jdk/internal/util/ArraysSupport 1 1 378 7 1 100 1 8 1 10 12 1 1 10 12 1 1 10 100 12 1 1 9 7 12 1 1 1 9 12 1 1 10 7 12 1 1 1 9 12 1 1 10 7 12 1 1 1 9 12 1 10 12 9 12 1 10 12 1 1 10 12 7 1 10 12 1 1 10 12 1 100 1 10 12 1 1 10 12 100 1 10 12 1 100 1 10 12 1 100 1 100 1 10 8 1 10 12 1 1 10 12 1 10 12 1 1 10 9 12 1 1 11 7 12 1 1 1 9 12 1 9 12 1 10 12 1 1 9 12 1 9 12 1 9 12 1 9 12 1 9 12 1 9 12 1 9 12 1 10 12 1 1 10 100 12 1 1 1 9 12 1 9 12 1 10 12 1 1 10 12 1 9 12 1 10 12 1 10 100 12 1 1 1 9 12 1 9 12 1 10 12 1 10 12 1 10 7 12 1 1 1 3 10 12 1 100 1 8 1 8 1 8 1 10 10 100 12 1 1 1 11 100 12 1 1 1 10 12 1 10 100 12 1 1 1 10 12 1 1 10 12 1 1 9 12 1 10 12 1 9 12 1 9 12 1 9 12 1 9 12 1 9 12 1 9 12 1 9 12 1 100 1 10 7 12 1 1 1 1 1 3 1 3 1 3 1 3 1 3 1 3 1 3 1 3 1 1 1 1 1 1 1 1 1 1 1 1 1 1 1 1 1 1 1 1 1 1 1 1 1 1 1 1 1 1 1 1 1 1 1 1 1 1 1 1 1 1 1 1 1 1 1 1 1 1 1 1 1 1 1 1 1 1 1 1 1 1 1 1 1 1 1 1 1 1 1 1 1 1 1 1 1 1 1 100 1 1 1 1
staticfield jdk/internal/util/ArraysSupport U Ljdk/internal/misc/Unsafe; jdk/internal/misc/Unsafe
staticfield jdk/internal/util/ArraysSupport BIG_ENDIAN Z 0
staticfield jdk/internal/util/ArraysSupport LOG2_ARRAY_BOOLEAN_INDEX_SCALE I 0
staticfield jdk/internal/util/ArraysSupport LOG2_ARRAY_BYTE_INDEX_SCALE I 0
staticfield jdk/internal/util/ArraysSupport LOG2_ARRAY_CHAR_INDEX_SCALE I 1
staticfield jdk/internal/util/ArraysSupport LOG2_ARRAY_SHORT_INDEX_SCALE I 1
staticfield jdk/internal/util/ArraysSupport LOG2_ARRAY_INT_INDEX_SCALE I 2
staticfield jdk/internal/util/ArraysSupport LOG2_ARRAY_LONG_INDEX_SCALE I 3
staticfield jdk/internal/util/ArraysSupport LOG2_ARRAY_FLOAT_INDEX_SCALE I 2
staticfield jdk/internal/util/ArraysSupport LOG2_ARRAY_DOUBLE_INDEX_SCALE I 3
staticfield jdk/internal/util/ArraysSupport LOG2_BYTE_BIT_SIZE I 3
staticfield jdk/internal/util/ArraysSupport JLA Ljdk/internal/access/JavaLangAccess; java/lang/System$2
ciInstanceKlass java/util/Arrays 1 1 1029 10 7 12 1 1 1 10 100 12 1 1 1 10 7 12 1 1 1 10 12 1 10 12 1 10 12 1 10 12 1 10 12 1 10 12 1 10 100 12 1 1 1 100 1 7 1 10 8 1 10 12 1 1 10 12 1 8 1 8 1 10 12 1 1 10 12 1 100 1 10 12 1 9 100 12 1 1 1 10 7 12 1 1 100 1 10 12 1 1 10 7 12 1 1 10 7 12 1 1 1 100 1 10 12 1 10 12 1 1 7 1 9 7 12 1 1 1 10 12 1 1 10 7 12 1 1 10 12 1 10 12 1 1 10 12 1 10 12 1 1 7 1 11 12 1 1 10 12 1 10 7 12 1 1 1 10 12 10 12 1 10 12 1 10 12 10 12 1 11 7 12 1 1 1 10 7 12 1 1 1 100 1 10 12 1 10 100 1 10 12 1 10 100 1 10 12 1 10 100 1 10 12 1 10 10 12 1 1 10 12 1 10 12 1 10 12 1 10 12 1 10 12 1 10 100 12 1 1 1 10 12 1 10 100 12 1 1 1 10 12 1 10 12 1 10 7 12 1 1 1 10 12 1 10 12 1 10 12 1 10 12 1 10 12 1 10 12 1 10 12 1 10 12 1 10 12 1 10 12 1 10 12 1 10 12 1 10 12 1 10 12 1 10 12 1 10 12 1 1 10 12 1 1 10 7 12 1 1 1 10 7 1 10 7 1 10 7 1 10 100 1 10 7 1 10 7 1 10 100 1 10 100 1 10 12 1 8 1 10 12 1 1 10 12 1 1 10 12 1 1 10 12 1 1 10 12 1 1 10 12 1 1 10 12 1 1 10 12 1 1 10 12 1 1 7 1 10 12 10 12 1 1 10 12 1 10 12 1 1 10 12 1 1 9 100 12 1 1 1 10 12 1 9 100 1 10 12 1 9 100 1 10 12 1 9 100 1 10 12 1 9 100 1 10 12 1 9 100 1 10 12 1 9 10 12 1 10 12 1 10 12 1 9 12 1 100 1 10 10 12 1 1 10 12 1 10 12 1 10 12 1 10 12 1 10 12 1 10 12 1 10 12 1 10 12 1 10 12 1 8 1 8 1 10 12 1 10 12 1 8 1 10 12 1 10 12 1 10 12 1 10 7 12 1 1 1 3 10 100 1 10 10 12 1 1 11 100 12 1 1 10 12 1 1 10 12 1 10 12 1 10 12 1 10 12 1 10 12 1 10 12 1 10 12 1 10 12 1 11 12 1 8 1 10 11 12 1 11 7 12 1 1 1 11 100 12 1 1 1 11 12 1 1 18 12 1 1 11 12 1 1 11 100 12 1 1 1 18 12 1 11 100 12 1 1 1 18 12 1 11 100 12 1 1 1 18 12 1 100 1 10 7 12 1 1 1 10 12 1 10 12 1 10 12 1 10 12 1 10 12 1 10 12 1 10 12 1 10 12 1 1 10 12 1 10 7 12 1 1 10 12 1 10 12 1 10 12 1 1 10 12 1 10 12 1 10 12 1 1 10 12 1 10 12 1 10 12 1 1 10 12 1 10 12 1 10 12 1 10 12 1 10 12 10 12 1 10 12 10 12 10 12 1 10 12 10 12 1 10 12 1 10 12 1 1 1 1 3 1 3 1 1 1 1 1 1 1 1 1 1 1 1 1 1 1 1 1 1 1 1 1 1 1 1 1 1 1 1 1 1 1 1 1 1 1 1 1 1 1 1 1 1 1 1 1 1 1 1 1 1 1 1 1 1 1 1 1 1 1 1 1 1 1 1 1 1 1 1 1 1 1 1 1 1 1 1 1 1 1 1 1 1 1 1 1 1 1 1 1 1 1 1 1 1 1 1 1 1 1 1 1 1 1 1 1 1 1 1 1 1 1 1 1 1 1 1 1 1 1 1 1 1 1 1 1 1 1 1 1 1 1 1 1 1 1 1 1 1 1 1 1 1 1 1 1 1 1 1 1 1 1 1 1 1 1 1 1 1 1 1 1 1 1 1 1 1 1 1 1 1 1 1 1 1 1 1 1 1 1 1 1 1 1 1 1 1 1 1 1 1 1 1 1 1 1 1 1 1 1 1 1 1 1 1 1 1 1 1 1 1 1 1 1 1 1 1 1 1 1 1 1 1 1 1 1 1 1 1 1 1 1 1 1 1 1 1 1 1 1 1 1 1 1 1 1 1 1 1 1 1 1 1 1 1 100 1 1 16 15 10 12 15 10 12 15 10 12 15 10 12 15 10 100 12 1 1 1 1 1 100 1 100 1 1 1 1 100 1 1 1 1 1 1 100 1 1 100 1 1 100 1 1 1 100 1 100 1 1
staticfield java/util/Arrays $assertionsDisabled Z 1
instanceKlass com/lightdev/app/shtm/UnknownDocumentBaseException
instanceKlass java/security/InvalidParameterException
instanceKlass org/jsoup/helper/ValidationException
instanceKlass org/freeplane/features/map/CloneEncryptedNodeException
instanceKlass java/util/regex/PatternSyntaxException
instanceKlass com/formdev/flatlaf/ui/FlatStylingSupport$UnknownStyleException
instanceKlass java/nio/file/InvalidPathException
instanceKlass java/lang/NumberFormatException
ciInstanceKlass java/lang/IllegalArgumentException 1 1 35 10 7 12 1 1 1 10 12 1 10 12 1 10 12 1 100 1 1 1 1 5 0 1 1 1 1 1 1 1 1 1 1 1 1
instanceKlass java/util/Stack
instanceKlass org/knopflerfish/framework/Queue
ciInstanceKlass java/util/Vector 1 1 487 10 7 12 1 1 1 100 1 100 1 10 8 1 10 12 1 1 10 12 1 10 12 1 1 10 12 1 7 1 9 7 12 1 1 1 9 12 1 1 10 12 1 10 12 1 11 7 12 1 1 1 9 12 1 11 12 1 1 7 1 7 10 7 12 1 1 1 10 7 12 1 1 1 9 12 1 10 12 1 10 12 1 1 10 7 12 1 1 1 7 1 10 12 1 10 12 1 1 10 12 1 1 10 12 1 100 1 8 1 10 100 1 10 10 12 1 100 1 10 10 8 1 10 12 10 12 1 1 10 12 1 10 12 1 10 12 1 1 100 1 100 1 10 12 1 10 10 12 1 10 12 1 1 10 12 1 10 12 1 1 10 7 12 1 1 1 18 12 1 1 10 12 1 1 18 10 12 1 1 11 100 12 1 10 12 1 1 10 12 1 1 100 1 10 10 12 1 1 10 10 12 1 1 10 10 12 1 1 10 100 12 1 1 1 10 12 1 1 10 100 12 1 1 1 8 10 100 12 1 1 1 8 10 12 1 100 1 8 1 10 10 10 100 12 1 1 1 8 10 100 12 1 1 1 10 12 1 10 12 1 8 1 100 1 10 12 1 7 1 10 11 7 12 1 1 1 11 100 12 1 1 10 12 1 1 100 1 10 12 1 11 12 1 100 1 100 1 100 1 100 1 1 1 1 5 0 1 1 1 1 1 1 1 1 1 1 1 1 1 1 1 1 1 1 1 1 1 1 1 1 1 1 1 1 1 1 1 1 1 1 1 1 1 1 1 1 1 1 1 1 1 1 1 1 1 1 1 1 1 1 1 1 1 1 1 1 1 1 1 1 1 1 1 1 1 1 1 1 1 1 100 1 1 1 1 1 1 1 1 1 1 1 1 1 1 1 1 1 100 1 1 1 1 1 1 1 1 1 1 1 1 1 1 1 1 1 100 1 100 1 1 1 1 1 1 1 1 1 1 1 1 1 1 1 1 1 1 1 1 1 1 1 1 1 1 1 1 1 1 1 1 1 1 1 1 1 1 1 1 1 1 16 15 10 12 15 10 12 15 10 100 12 1 1 1 1 1 1 1 1 1 100 1 100 1 1
ciInstanceKlass java/util/NoSuchElementException 1 1 34 10 7 12 1 1 1 10 12 1 10 12 1 10 12 1 100 1 1 1 1 5 0 1 1 1 1 1 1 1 1 1 1 1
ciInstanceKlass java/lang/ArrayIndexOutOfBoundsException 0 0 45 10 100 12 1 1 1 10 12 1 100 1 10 8 1 10 12 1 1 10 12 1 10 12 1 1 100 1 1 1 1 5 0 1 1 1 1 1 1 1 1 1 1 1 1
ciInstanceKlass org/knopflerfish/framework/BundleGeneration 1 1 1203 10 7 10 9 9 9 9 9 9 9 9 9 8 9 9 9 7 10 10 9 8 9 9 9 9 9 9 10 9 7 10 9 7 10 9 10 9 10 8 7 9 9 10 10 11 10 9 7 8 10 9 8 9 9 10 8 11 10 8 10 8 9 100 100 100 10 8 10 10 10 10 8 10 11 100 11 7 10 8 8 10 10 8 11 11 7 10 8 11 11 11 11 8 8 8 11 7 10 10 7 10 8 8 7 10 11 8 10 8 10 9 11 11 10 100 10 11 11 8 8 9 8 8 8 9 8 9 10 11 11 11 8 9 10 100 8 9 10 8 8 8 10 10 8 8 100 10 10 10 10 8 8 10 8 9 10 10 10 8 100 10 11 100 10 10 10 10 7 10 10 10 10 9 9 8 10 10 10 10 10 11 100 8 10 8 10 8 10 10 9 10 8 10 8 100 10 8 8 8 8 100 10 10 10 10 10 10 8 8 9 10 10 10 10 10 10 10 10 10 9 8 10 10 8 100 10 8 10 10 100 9 10 10 10 10 11 10 100 8 10 10 8 11 11 11 8 10 10 10 10 10 10 7 8 10 8 10 10 10 10 9 10 10 10 100 9 8 8 10 8 10 10 11 10 10 10 11 9 9 8 11 10 11 10 100 10 11 11 11 8 8 8 10 8 10 8 10 10 10 8 8 10 10 10 11 100 10 10 100 11 11 10 10 11 10 10 10 10 11 10 11 100 11 11 7 11 10 10 8 7 10 8 10 10 10 10 10 10 10 10 11 10 7 100 1 1 1 1 1 1 1 1 1 1 1 1 1 1 1 1 1 1 1 1 1 1 1 1 1 1 1 1 1 1 1 1 1 1 1 1 1 1 1 1 1 1 1 1 1 1 1 1 1 1 1 1 1 1 1 1 1 1 1 1 1 1 1 1 1 1 1 1 1 1 1 1 1 1 1 1 1 1 1 1 1 1 1 1 1 1 1 1 1 1 1 1 1 1 1 1 1 1 1 1 100 100 100 100 100 100 100 100 100 100 100 100 100 100 100 100 100 1 1 1 1 1 1 1 1 1 1 1 1 1 1 1 1 1 1 1 1 1 100 100 1 1 1 1 1 1 1 1 1 1 1 1 1 1 100 1 1 1 1 1 1 1 1 1 1 1 1 1 1 1 1 1 1 100 1 1 1 1 1 1 1 1 100 1 1 1 1 1 1 1 1 1 1 1 1 1 1 1 1 1 1 1 1 100 100 1 1 1 1 1 1 1 1 1 1 1 1 1 1 1 1 1 1 1 1 100 1 1 1 1 1 1 1 1 1 1 1 100 100 1 1 100 1 1 1 1 1 1 1 1 1 1 1 1 1 1 1 1 1 100 1 1 1 1 1 1 1 1 1 100 100 1 1 1 1 1 1 1 1 1 1 1 1 1 1 1 1 1 1 100 100 100 1 1 1 1 1 1 1 1 1 1 1 1 1 1 1 1 1 1 1 100 100 1 1 1 1 1 1 1 1 1 1 1 1 1 1 1 100 100 1 1 1 1 1 1 1 1 1 100 1 1 1 1 1 1 12 1 12 12 12 12 12 12 12 12 12 1 12 12 12 1 7 12 12 12 1 12 12 12 12 12 12 7 12 12 1 12 12 1 12 12 7 12 12 12 1 1 12 7 12 12 7 12 7 12 12 1 1 12 1 12 12 12 1 7 12 12 1 12 1 12 1 1 1 1 12 12 12 1 12 12 1 12 1 12 1 1 12 12 1 12 12 1 12 1 7 12 7 12 12 12 1 1 1 1 12 1 12 1 1 1 12 1 1 12 12 12 7 12 1 12 12 12 1 1 12 1 1 12 1 12 7 12 12 1 12 100 12 1 1 12 12 1 1 1 12 12 1 1 1 12 1 1 12 1 12 7 12 12 12 1 1 12 12 1 12 12 1 12 12 12 12 100 12 1 12 12 12 12 1 1 1 12 1 12 12 100 12 1 12 1 1 12 1 1 1 1 1 12 12 12 1 1 12 12 12 12 12 12 12 12 12 1 100 12 1 1 1 12 1 12 100 12 12 12 12 1 1 12 12 1 12 100 12 12 1 12 12 12 12 12 12 1 1 12 12 12 12 12 12 12 1 12 1 1 12 1 12 12 12 12 12 12 12 12 1 12 12 1 12 12 12 1 1 1 7 12 1 12 1 12 100 12 1 1 12 12 12 1 12 12 1 12 12 12 12 12 12 12 12 12 12 12 1 12 12 1 12 12 1 1 12 12 12 12 12 1 1 1 1 1 1 1 1 1 1 1 1 1 1 1 1 1 1 1 1 1 1 1 1 1 1 1 1 1 1 1 1 1 1 1 1 1 1 1 1 1 1 1 1 1 1 1 1 1 1 1 1 1 1 1 1 1 1 1 1 1 1 1 1 1 1 1 1 1 1 1 1 1 1 1 1 1 1 1 1 1 1 1 1 1 1 1 1 1 1 1 1 1 1 1 1 1 1 1 1 1 1 1 1 1 1 1 1 1 1 1 1 1 1 1 1 1 1 1 1 1 1 1 1 1 1 1 1 1 1 1 1 1 1 1 1 1 1 1 1 1 1 1 1 1 1 1 1 1 1 1 1 1 1 1 1 1 1 1 1 1 1 1 1 1 1 1 1 1 1 1 1 1 1 1 1 1 1 1 1 1 1 1 1 1 1 1 1 1 1 1 1 1 1 1 1 1 1 1 1 1
instanceKlass javax/swing/text/StyleConstants$ParagraphConstants
instanceKlass javax/swing/text/StyleConstants$ColorConstants
instanceKlass javax/swing/text/StyleConstants$FontConstants
instanceKlass javax/swing/text/StyleConstants$CharacterConstants
ciInstanceKlass javax/swing/text/StyleConstants 1 1 331 9 7 12 1 1 1 9 12 1 1 11 7 12 1 1 1 7 1 10 12 1 1 10 12 1 1 11 7 12 1 1 1 9 12 1 100 1 100 1 8 1 8 1 9 12 1 100 1 8 1 9 12 1 7 1 8 1 9 12 1 9 12 1 7 1 10 12 1 1 10 12 1 9 12 1 9 12 1 9 12 1 9 12 1 9 12 1 9 12 1 7 1 9 12 1 1 9 12 1 9 12 1 7 1 10 12 1 1 10 12 1 9 12 1 9 12 1 9 12 1 9 12 1 9 12 1 9 12 1 9 12 1 100 1 10 7 12 1 1 1 8 1 10 12 1 9 12 1 8 1 9 12 1 8 1 9 12 1 7 1 8 1 10 7 1 8 1 10 9 12 1 8 1 9 12 1 8 1 8 1 8 1 8 1 8 1 8 1 7 1 8 1 10 8 1 8 1 9 12 1 7 1 8 10 8 8 8 8 8 8 8 8 1 9 12 9 12 1 1 1 1 1 1 1 3 1 3 1 3 1 3 1 1 1 1 1 1 1 1 1 1 1 1 1 1 1 1 1 1 1 1 1 1 1 1 1 1 1 1 1 1 1 1 1 1 1 1 1 1 1 1 1 1 1 1 1 1 1 1 1 1 1 1 1 1 1 1 1 1 1 1 1 1 1 1 1 1 1 1 1 1 1 1 1 1 1 1 1 1 1 1 1 1 1 1 1 1 1 1 1 1 1 1 1 1 1 1 1 1 1
staticfield javax/swing/text/StyleConstants NameAttribute Ljava/lang/Object; javax/swing/text/StyleConstants
staticfield javax/swing/text/StyleConstants ResolveAttribute Ljava/lang/Object; javax/swing/text/StyleConstants
staticfield javax/swing/text/StyleConstants ModelAttribute Ljava/lang/Object; javax/swing/text/StyleConstants
staticfield javax/swing/text/StyleConstants BidiLevel Ljava/lang/Object; javax/swing/text/StyleConstants$CharacterConstants
staticfield javax/swing/text/StyleConstants FontFamily Ljava/lang/Object; javax/swing/text/StyleConstants$FontConstants
staticfield javax/swing/text/StyleConstants Family Ljava/lang/Object; javax/swing/text/StyleConstants$FontConstants
staticfield javax/swing/text/StyleConstants FontSize Ljava/lang/Object; javax/swing/text/StyleConstants$FontConstants
staticfield javax/swing/text/StyleConstants Size Ljava/lang/Object; javax/swing/text/StyleConstants$FontConstants
staticfield javax/swing/text/StyleConstants Bold Ljava/lang/Object; javax/swing/text/StyleConstants$FontConstants
staticfield javax/swing/text/StyleConstants Italic Ljava/lang/Object; javax/swing/text/StyleConstants$FontConstants
staticfield javax/swing/text/StyleConstants Underline Ljava/lang/Object; javax/swing/text/StyleConstants$CharacterConstants
staticfield javax/swing/text/StyleConstants StrikeThrough Ljava/lang/Object; javax/swing/text/StyleConstants$CharacterConstants
staticfield javax/swing/text/StyleConstants Superscript Ljava/lang/Object; javax/swing/text/StyleConstants$CharacterConstants
staticfield javax/swing/text/StyleConstants Subscript Ljava/lang/Object; javax/swing/text/StyleConstants$CharacterConstants
staticfield javax/swing/text/StyleConstants Foreground Ljava/lang/Object; javax/swing/text/StyleConstants$ColorConstants
staticfield javax/swing/text/StyleConstants Background Ljava/lang/Object; javax/swing/text/StyleConstants$ColorConstants
staticfield javax/swing/text/StyleConstants ComponentAttribute Ljava/lang/Object; javax/swing/text/StyleConstants$CharacterConstants
staticfield javax/swing/text/StyleConstants IconAttribute Ljava/lang/Object; javax/swing/text/StyleConstants$CharacterConstants
staticfield javax/swing/text/StyleConstants ComposedTextAttribute Ljava/lang/Object; javax/swing/text/StyleConstants
staticfield javax/swing/text/StyleConstants FirstLineIndent Ljava/lang/Object; javax/swing/text/StyleConstants$ParagraphConstants
staticfield javax/swing/text/StyleConstants LeftIndent Ljava/lang/Object; javax/swing/text/StyleConstants$ParagraphConstants
staticfield javax/swing/text/StyleConstants RightIndent Ljava/lang/Object; javax/swing/text/StyleConstants$ParagraphConstants
staticfield javax/swing/text/StyleConstants LineSpacing Ljava/lang/Object; javax/swing/text/StyleConstants$ParagraphConstants
staticfield javax/swing/text/StyleConstants SpaceAbove Ljava/lang/Object; javax/swing/text/StyleConstants$ParagraphConstants
staticfield javax/swing/text/StyleConstants SpaceBelow Ljava/lang/Object; javax/swing/text/StyleConstants$ParagraphConstants
staticfield javax/swing/text/StyleConstants Alignment Ljava/lang/Object; javax/swing/text/StyleConstants$ParagraphConstants
staticfield javax/swing/text/StyleConstants TabSet Ljava/lang/Object; javax/swing/text/StyleConstants$ParagraphConstants
staticfield javax/swing/text/StyleConstants Orientation Ljava/lang/Object; javax/swing/text/StyleConstants$ParagraphConstants
ciInstanceKlass java/util/Stack 1 1 69 10 7 12 1 1 1 10 7 12 1 1 1 10 12 1 1 10 12 1 1 10 12 1 1 100 1 10 10 12 1 1 10 12 1 1 1 1 1 5 0 1 1 1 1 1 1 1 1 1 1 1 1 1 1 1 1 1 1 1 1 1 1 1 1 1 1 1 1
ciInstanceKlass javax/swing/text/AttributeSet 1 1 54 9 7 12 1 1 1 9 7 1 9 12 1 9 100 1 1 1 1 1 1 1 1 1 1 1 1 1 1 1 1 1 1 1 1 1 1 1 1 1 1 100 1 100 1 100 1 100 1 1 1 1 1 1
staticfield javax/swing/text/AttributeSet NameAttribute Ljava/lang/Object; javax/swing/text/StyleConstants
staticfield javax/swing/text/AttributeSet ResolveAttribute Ljava/lang/Object; javax/swing/text/StyleConstants
ciInstanceKlass javax/swing/text/MutableAttributeSet 1 0 20 100 1 100 1 100 1 1 1 1 1 1 1 1 1 1 1 1 1 1
instanceKlass com/lightdev/app/shtm/AttributeMapper
instanceKlass javax/swing/text/html/StyleSheet$LargeConversionSet
instanceKlass javax/swing/text/html/HTMLDocument$TaggedAttributeSet
instanceKlass javax/swing/text/StyledEditorKit$1
ciInstanceKlass javax/swing/text/SimpleAttributeSet 1 1 245 10 7 12 1 1 1 7 1 10 12 1 9 7 12 1 1 1 10 12 1 1 10 12 1 1 10 12 1 1 10 12 1 1 10 12 1 11 7 1 10 12 1 1 10 12 1 1 10 12 1 1 10 7 12 1 1 1 10 12 1 1 10 12 1 1 11 12 1 10 10 12 1 11 12 1 1 11 7 12 1 1 11 12 1 10 12 1 1 10 12 1 1 10 12 1 10 12 1 1 10 12 1 9 7 12 1 1 1 10 10 100 1 10 12 1 10 12 1 8 1 10 10 100 12 1 1 1 18 12 1 1 18 12 1 10 100 12 1 1 10 100 12 1 1 1 10 100 12 1 1 10 12 1 1 7 1 10 9 12 1 1 100 1 100 1 100 1 1 1 1 5 0 1 1 1 1 1 1 1 1 1 1 1 1 1 1 1 1 1 1 1 1 1 1 1 1 1 1 1 1 1 1 1 1 1 1 1 1 1 1 1 1 1 1 1 100 1 1 1 1 100 1 1 1 1 1 1 8 1 8 1 15 10 100 12 1 1 1 1 100 1 100 1 1
staticfield javax/swing/text/SimpleAttributeSet EMPTY Ljavax/swing/text/AttributeSet; javax/swing/text/SimpleAttributeSet$EmptyAttributeSet
instanceKlass javax/swing/text/html/HTML$UnknownTag
ciInstanceKlass javax/swing/text/html/HTML$Tag 1 1 443 10 7 12 1 1 1 10 7 12 1 1 9 12 1 1 9 12 1 1 9 12 1 9 12 1 1 9 12 1 9 12 1 9 12 1 9 12 1 9 12 1 9 12 1 9 12 1 9 12 1 9 12 1 9 12 1 8 1 10 12 1 9 12 1 8 1 9 12 1 8 1 9 12 1 8 1 9 12 1 8 1 9 12 1 8 1 9 12 1 8 1 9 12 1 8 1 9 12 1 8 1 9 12 1 8 1 9 12 1 8 1 9 12 1 8 1 9 12 1 8 1 9 12 1 8 1 9 12 1 8 1 9 12 1 8 1 9 12 1 8 1 9 12 1 8 1 9 12 1 8 1 9 12 1 8 1 9 12 1 8 1 8 1 9 12 1 8 1 9 12 1 8 1 9 12 1 8 1 9 12 1 8 1 9 12 1 8 1 8 1 8 1 8 1 8 1 8 1 8 1 9 12 1 8 1 9 12 1 8 1 9 12 1 8 1 9 12 1 8 1 9 12 1 8 1 9 12 1 8 1 9 12 1 8 1 9 12 1 8 1 9 12 1 8 1 9 12 1 8 1 9 12 1 8 1 9 12 1 8 1 9 12 1 8 1 9 12 1 8 1 9 12 1 8 1 9 12 1 8 1 9 12 1 8 1 9 12 1 8 1 8 1 9 12 1 8 1 8 1 9 12 1 8 1 9 12 1 8 1 9 12 1 8 1 9 12 1 8 1 9 12 1 8 1 9 12 1 8 1 9 12 1 8 1 9 12 1 8 1 9 12 1 8 1 9 12 1 8 1 9 12 1 8 1 9 12 1 8 1 9 12 1 8 1 8 1 9 12 1 8 1 9 12 1 8 1 9 12 1 8 1 9 12 1 8 1 9 12 1 8 1 9 12 1 8 1 9 12 1 8 1 8 1 9 12 1 8 1 9 12 1 9 12 1 1 10 7 12 1 1 1 1 1 1 1 1 1 1 1 1 1 1 1 1 1 1 1 1 1 1 1 1
staticfield javax/swing/text/html/HTML$Tag A Ljavax/swing/text/html/HTML$Tag; javax/swing/text/html/HTML$Tag
staticfield javax/swing/text/html/HTML$Tag ADDRESS Ljavax/swing/text/html/HTML$Tag; javax/swing/text/html/HTML$Tag
staticfield javax/swing/text/html/HTML$Tag APPLET Ljavax/swing/text/html/HTML$Tag; javax/swing/text/html/HTML$Tag
staticfield javax/swing/text/html/HTML$Tag AREA Ljavax/swing/text/html/HTML$Tag; javax/swing/text/html/HTML$Tag
staticfield javax/swing/text/html/HTML$Tag B Ljavax/swing/text/html/HTML$Tag; javax/swing/text/html/HTML$Tag
staticfield javax/swing/text/html/HTML$Tag BASE Ljavax/swing/text/html/HTML$Tag; javax/swing/text/html/HTML$Tag
staticfield javax/swing/text/html/HTML$Tag BASEFONT Ljavax/swing/text/html/HTML$Tag; javax/swing/text/html/HTML$Tag
staticfield javax/swing/text/html/HTML$Tag BIG Ljavax/swing/text/html/HTML$Tag; javax/swing/text/html/HTML$Tag
staticfield javax/swing/text/html/HTML$Tag BLOCKQUOTE Ljavax/swing/text/html/HTML$Tag; javax/swing/text/html/HTML$Tag
staticfield javax/swing/text/html/HTML$Tag BODY Ljavax/swing/text/html/HTML$Tag; javax/swing/text/html/HTML$Tag
staticfield javax/swing/text/html/HTML$Tag BR Ljavax/swing/text/html/HTML$Tag; javax/swing/text/html/HTML$Tag
staticfield javax/swing/text/html/HTML$Tag CAPTION Ljavax/swing/text/html/HTML$Tag; javax/swing/text/html/HTML$Tag
staticfield javax/swing/text/html/HTML$Tag CENTER Ljavax/swing/text/html/HTML$Tag; javax/swing/text/html/HTML$Tag
staticfield javax/swing/text/html/HTML$Tag CITE Ljavax/swing/text/html/HTML$Tag; javax/swing/text/html/HTML$Tag
staticfield javax/swing/text/html/HTML$Tag CODE Ljavax/swing/text/html/HTML$Tag; javax/swing/text/html/HTML$Tag
staticfield javax/swing/text/html/HTML$Tag DD Ljavax/swing/text/html/HTML$Tag; javax/swing/text/html/HTML$Tag
staticfield javax/swing/text/html/HTML$Tag DFN Ljavax/swing/text/html/HTML$Tag; javax/swing/text/html/HTML$Tag
staticfield javax/swing/text/html/HTML$Tag DIR Ljavax/swing/text/html/HTML$Tag; javax/swing/text/html/HTML$Tag
staticfield javax/swing/text/html/HTML$Tag DIV Ljavax/swing/text/html/HTML$Tag; javax/swing/text/html/HTML$Tag
staticfield javax/swing/text/html/HTML$Tag DL Ljavax/swing/text/html/HTML$Tag; javax/swing/text/html/HTML$Tag
staticfield javax/swing/text/html/HTML$Tag DT Ljavax/swing/text/html/HTML$Tag; javax/swing/text/html/HTML$Tag
staticfield javax/swing/text/html/HTML$Tag EM Ljavax/swing/text/html/HTML$Tag; javax/swing/text/html/HTML$Tag
staticfield javax/swing/text/html/HTML$Tag FONT Ljavax/swing/text/html/HTML$Tag; javax/swing/text/html/HTML$Tag
staticfield javax/swing/text/html/HTML$Tag FORM Ljavax/swing/text/html/HTML$Tag; javax/swing/text/html/HTML$Tag
staticfield javax/swing/text/html/HTML$Tag FRAME Ljavax/swing/text/html/HTML$Tag; javax/swing/text/html/HTML$Tag
staticfield javax/swing/text/html/HTML$Tag FRAMESET Ljavax/swing/text/html/HTML$Tag; javax/swing/text/html/HTML$Tag
staticfield javax/swing/text/html/HTML$Tag H1 Ljavax/swing/text/html/HTML$Tag; javax/swing/text/html/HTML$Tag
staticfield javax/swing/text/html/HTML$Tag H2 Ljavax/swing/text/html/HTML$Tag; javax/swing/text/html/HTML$Tag
staticfield javax/swing/text/html/HTML$Tag H3 Ljavax/swing/text/html/HTML$Tag; javax/swing/text/html/HTML$Tag
staticfield javax/swing/text/html/HTML$Tag H4 Ljavax/swing/text/html/HTML$Tag; javax/swing/text/html/HTML$Tag
staticfield javax/swing/text/html/HTML$Tag H5 Ljavax/swing/text/html/HTML$Tag; javax/swing/text/html/HTML$Tag
staticfield javax/swing/text/html/HTML$Tag H6 Ljavax/swing/text/html/HTML$Tag; javax/swing/text/html/HTML$Tag
staticfield javax/swing/text/html/HTML$Tag HEAD Ljavax/swing/text/html/HTML$Tag; javax/swing/text/html/HTML$Tag
staticfield javax/swing/text/html/HTML$Tag HR Ljavax/swing/text/html/HTML$Tag; javax/swing/text/html/HTML$Tag
staticfield javax/swing/text/html/HTML$Tag HTML Ljavax/swing/text/html/HTML$Tag; javax/swing/text/html/HTML$Tag
staticfield javax/swing/text/html/HTML$Tag I Ljavax/swing/text/html/HTML$Tag; javax/swing/text/html/HTML$Tag
staticfield javax/swing/text/html/HTML$Tag IMG Ljavax/swing/text/html/HTML$Tag; javax/swing/text/html/HTML$Tag
staticfield javax/swing/text/html/HTML$Tag INPUT Ljavax/swing/text/html/HTML$Tag; javax/swing/text/html/HTML$Tag
staticfield javax/swing/text/html/HTML$Tag ISINDEX Ljavax/swing/text/html/HTML$Tag; javax/swing/text/html/HTML$Tag
staticfield javax/swing/text/html/HTML$Tag KBD Ljavax/swing/text/html/HTML$Tag; javax/swing/text/html/HTML$Tag
staticfield javax/swing/text/html/HTML$Tag LI Ljavax/swing/text/html/HTML$Tag; javax/swing/text/html/HTML$Tag
staticfield javax/swing/text/html/HTML$Tag LINK Ljavax/swing/text/html/HTML$Tag; javax/swing/text/html/HTML$Tag
staticfield javax/swing/text/html/HTML$Tag MAP Ljavax/swing/text/html/HTML$Tag; javax/swing/text/html/HTML$Tag
staticfield javax/swing/text/html/HTML$Tag MENU Ljavax/swing/text/html/HTML$Tag; javax/swing/text/html/HTML$Tag
staticfield javax/swing/text/html/HTML$Tag META Ljavax/swing/text/html/HTML$Tag; javax/swing/text/html/HTML$Tag
staticfield javax/swing/text/html/HTML$Tag NOBR Ljavax/swing/text/html/HTML$Tag; javax/swing/text/html/HTML$Tag
staticfield javax/swing/text/html/HTML$Tag NOFRAMES Ljavax/swing/text/html/HTML$Tag; javax/swing/text/html/HTML$Tag
staticfield javax/swing/text/html/HTML$Tag OBJECT Ljavax/swing/text/html/HTML$Tag; javax/swing/text/html/HTML$Tag
staticfield javax/swing/text/html/HTML$Tag OL Ljavax/swing/text/html/HTML$Tag; javax/swing/text/html/HTML$Tag
staticfield javax/swing/text/html/HTML$Tag OPTION Ljavax/swing/text/html/HTML$Tag; javax/swing/text/html/HTML$Tag
staticfield javax/swing/text/html/HTML$Tag P Ljavax/swing/text/html/HTML$Tag; javax/swing/text/html/HTML$Tag
staticfield javax/swing/text/html/HTML$Tag PARAM Ljavax/swing/text/html/HTML$Tag; javax/swing/text/html/HTML$Tag
staticfield javax/swing/text/html/HTML$Tag PRE Ljavax/swing/text/html/HTML$Tag; javax/swing/text/html/HTML$Tag
staticfield javax/swing/text/html/HTML$Tag SAMP Ljavax/swing/text/html/HTML$Tag; javax/swing/text/html/HTML$Tag
staticfield javax/swing/text/html/HTML$Tag SCRIPT Ljavax/swing/text/html/HTML$Tag; javax/swing/text/html/HTML$Tag
staticfield javax/swing/text/html/HTML$Tag SELECT Ljavax/swing/text/html/HTML$Tag; javax/swing/text/html/HTML$Tag
staticfield javax/swing/text/html/HTML$Tag SMALL Ljavax/swing/text/html/HTML$Tag; javax/swing/text/html/HTML$Tag
staticfield javax/swing/text/html/HTML$Tag SPAN Ljavax/swing/text/html/HTML$Tag; javax/swing/text/html/HTML$Tag
staticfield javax/swing/text/html/HTML$Tag STRIKE Ljavax/swing/text/html/HTML$Tag; javax/swing/text/html/HTML$Tag
staticfield javax/swing/text/html/HTML$Tag S Ljavax/swing/text/html/HTML$Tag; javax/swing/text/html/HTML$Tag
staticfield javax/swing/text/html/HTML$Tag STRONG Ljavax/swing/text/html/HTML$Tag; javax/swing/text/html/HTML$Tag
staticfield javax/swing/text/html/HTML$Tag STYLE Ljavax/swing/text/html/HTML$Tag; javax/swing/text/html/HTML$Tag
staticfield javax/swing/text/html/HTML$Tag SUB Ljavax/swing/text/html/HTML$Tag; javax/swing/text/html/HTML$Tag
staticfield javax/swing/text/html/HTML$Tag SUP Ljavax/swing/text/html/HTML$Tag; javax/swing/text/html/HTML$Tag
staticfield javax/swing/text/html/HTML$Tag TABLE Ljavax/swing/text/html/HTML$Tag; javax/swing/text/html/HTML$Tag
staticfield javax/swing/text/html/HTML$Tag TD Ljavax/swing/text/html/HTML$Tag; javax/swing/text/html/HTML$Tag
staticfield javax/swing/text/html/HTML$Tag TEXTAREA Ljavax/swing/text/html/HTML$Tag; javax/swing/text/html/HTML$Tag
staticfield javax/swing/text/html/HTML$Tag TH Ljavax/swing/text/html/HTML$Tag; javax/swing/text/html/HTML$Tag
staticfield javax/swing/text/html/HTML$Tag TITLE Ljavax/swing/text/html/HTML$Tag; javax/swing/text/html/HTML$Tag
staticfield javax/swing/text/html/HTML$Tag TR Ljavax/swing/text/html/HTML$Tag; javax/swing/text/html/HTML$Tag
staticfield javax/swing/text/html/HTML$Tag TT Ljavax/swing/text/html/HTML$Tag; javax/swing/text/html/HTML$Tag
staticfield javax/swing/text/html/HTML$Tag U Ljavax/swing/text/html/HTML$Tag; javax/swing/text/html/HTML$Tag
staticfield javax/swing/text/html/HTML$Tag UL Ljavax/swing/text/html/HTML$Tag; javax/swing/text/html/HTML$Tag
staticfield javax/swing/text/html/HTML$Tag VAR Ljavax/swing/text/html/HTML$Tag; javax/swing/text/html/HTML$Tag
staticfield javax/swing/text/html/HTML$Tag IMPLIED Ljavax/swing/text/html/HTML$Tag; javax/swing/text/html/HTML$Tag
staticfield javax/swing/text/html/HTML$Tag CONTENT Ljavax/swing/text/html/HTML$Tag; javax/swing/text/html/HTML$Tag
staticfield javax/swing/text/html/HTML$Tag COMMENT Ljavax/swing/text/html/HTML$Tag; javax/swing/text/html/HTML$Tag
staticfield javax/swing/text/html/HTML$Tag allTags [Ljavax/swing/text/html/HTML$Tag; 74 [Ljavax/swing/text/html/HTML$Tag;
ciInstanceKlass javax/swing/text/html/HTMLDocument$TaggedAttributeSet 1 1 21 10 7 12 1 1 1 100 1 1 1 1 1 1 1 1 1 100 1 1 1
ciInstanceKlass javax/swing/text/BadLocationException 0 0 25 10 100 12 1 1 1 9 100 12 1 1 1 1 1 1 1 1 1 1 1 1 1 1 1
instanceKlass javax/swing/text/DefaultStyledDocument
instanceKlass javax/swing/text/PlainDocument
ciInstanceKlass javax/swing/text/AbstractDocument 1 1 823 10 7 12 1 1 1 10 7 12 1 1 1 10 7 12 1 1 9 12 1 1 7 1 10 9 12 1 1 9 12 1 1 9 12 1 1 7 1 10 12 1 9 12 1 1 9 12 1 1 7 1 10 10 7 12 1 1 1 7 1 10 7 12 1 1 1 9 12 1 8 1 10 12 1 1 10 12 1 7 1 7 1 10 12 1 10 7 12 1 1 1 10 12 1 7 1 10 12 1 9 12 1 1 10 12 1 1 7 1 11 12 1 1 11 12 1 11 12 1 10 7 12 1 1 1 7 1 10 12 1 1 7 1 10 12 1 10 12 1 7 1 11 12 1 1 10 12 1 1 8 1 10 12 1 1 7 1 10 12 1 1 10 12 1 9 12 1 1 10 12 1 11 100 12 1 1 10 12 1 11 7 12 1 1 10 12 1 1 10 12 1 100 1 100 1 10 12 1 1 10 7 12 1 1 10 12 1 1 10 12 9 7 12 1 1 1 9 12 1 10 12 1 1 10 12 1 9 7 12 1 1 1 10 12 1 10 12 1 1 10 12 1 1 10 12 1 1 10 100 12 1 1 10 12 1 1 100 1 8 1 10 12 1 9 12 1 10 7 12 1 1 1 10 12 11 12 1 10 12 1 1 10 12 1 10 12 1 10 12 1 10 12 1 10 10 12 1 10 12 10 12 1 1 8 1 10 12 1 10 12 1 11 12 1 10 9 12 1 10 12 1 1 10 7 12 1 1 1 10 12 1 10 12 1 9 7 12 1 1 1 11 7 12 1 1 8 1 11 12 1 1 11 12 1 1 11 12 1 1 10 10 12 1 1 10 12 1 9 12 1 1 100 1 10 11 7 1 11 12 1 1 11 12 1 1 11 12 1 11 12 1 1 10 12 1 1 9 12 1 10 9 12 1 10 7 12 1 1 1 10 12 1 10 12 1 10 7 12 1 1 1 10 12 1 10 12 1 3 10 12 1 1 9 12 1 10 12 1 11 12 1 100 1 8 1 10 12 1 10 12 1 1 100 1 10 10 10 10 12 10 12 1 10 12 1 1 100 1 100 1 10 12 1 11 12 1 10 12 1 1 18 12 1 1 100 1 9 12 1 9 12 1 1 9 12 1 1 9 12 1 10 12 1 10 100 12 1 1 1 10 8 1 100 1 10 12 1 1 10 7 1 10 12 1 10 12 1 9 12 1 1 9 12 1 10 7 12 1 1 1 100 1 8 1 10 9 12 1 10 12 1 100 1 8 1 10 12 1 8 1 100 1 8 1 10 10 12 1 10 100 12 1 1 1 8 10 100 12 1 1 8 8 100 1 8 100 1 10 10 12 1 1 8 1 100 1 1 1 1 1 1 1 8 1 1 8 1 1 8 1 1 8 1 1 8 1 1 8 1 1 1 1 1 1 1 1 1 1 1 1 100 1 1 1 1 1 1 1 1 1 1 1 1 100 1 1 1 1 1 1 1 1 1 1 1 1 1 1 1 1 1 1 1 1 1 1 1 1 1 1 1 1 1 1 1 1 1 1 1 1 1 1 1 100 1 1 1 1 1 1 1 1 1 1 1 1 1 1 1 1 100 1 1 1 1 1 1 1 1 1 1 1 1 1 1 1 1 1 1 1 1 1 1 1 1 1 1 1 1 1 1 1 1 1 1 1 1 1 1 1 1 1 1 1 1 1 1 1 1 100 1 1 1 1 1 1 1 1 1 1 1 1 1 1 1 1 1 1 1 1 1 1 1 1 1 1 1 1 100 1 100 1 1 1 1 1 100 1 1 8 1 15 10 100 12 1 1 1 1 1 1 1 1 1 1 100 1 1 100 1 1 1 1 1 1 1 1 100 1 100 1 1
staticfield javax/swing/text/AbstractDocument MultiByteProperty Ljava/lang/Object; "multiByte"
instanceKlass javax/swing/plaf/basic/BasicHTML$BasicDocument
instanceKlass com/lightdev/app/shtm/SHTMLDocument
ciInstanceKlass javax/swing/text/html/HTMLDocument 1 1 872 100 1 10 7 12 1 1 1 10 12 1 1 10 12 1 1 10 12 1 7 1 7 1 10 12 1 1 7 1 10 12 1 10 12 1 10 12 1 9 12 1 1 9 12 1 9 12 1 9 12 1 1 9 12 1 100 1 8 1 10 12 1 1 100 1 10 12 1 1 7 1 10 12 1 10 12 1 1 10 12 1 9 12 1 1 10 12 1 1 10 10 12 1 1 9 12 1 1 9 7 12 1 1 1 11 7 12 1 1 1 7 1 11 12 1 1 8 1 11 12 1 1 10 12 1 1 10 12 1 1 10 12 1 10 12 1 1 10 7 12 1 1 1 10 12 1 1 11 7 12 1 1 11 12 1 10 12 1 100 1 9 100 12 1 1 1 10 12 1 11 12 1 1 7 1 3 11 12 1 100 1 10 12 1 10 12 1 1 11 12 1 10 12 1 10 12 1 100 1 10 12 1 10 12 1 1 10 12 1 10 12 1 1 10 7 12 1 1 1 100 1 10 12 1 7 1 10 12 1 7 1 10 12 1 7 1 10 9 12 1 9 12 1 1 11 12 1 1 11 9 12 1 9 12 1 9 7 12 1 1 1 8 1 10 12 1 1 9 12 1 10 12 1 1 8 1 10 12 1 1 10 12 1 10 12 1 10 100 12 1 1 1 10 12 1 1 10 12 1 1 10 12 1 8 1 10 100 12 1 1 10 12 1 1 8 1 11 12 1 10 12 1 10 12 1 1 100 1 10 12 1 10 12 1 9 12 1 10 12 1 1 9 100 12 1 1 1 11 12 1 8 1 18 12 1 1 18 12 1 10 12 1 10 12 1 100 1 100 1 9 12 1 10 100 12 1 1 9 12 1 100 1 10 18 10 12 1 1 10 12 1 10 12 1 10 12 1 1 8 1 8 1 9 12 1 1 8 1 7 1 10 12 1 11 12 1 100 1 8 1 10 12 1 11 12 1 10 12 1 1 10 12 1 1 10 12 1 1 10 12 1 1 9 12 1 1 11 12 1 1 8 1 8 1 11 12 1 9 12 1 11 10 12 1 9 12 1 10 12 1 10 100 1 11 12 1 11 100 12 1 1 11 12 1 1 10 12 1 1 100 1 8 1 10 100 1 10 10 10 12 1 1 10 12 1 8 1 10 12 1 7 1 10 10 12 1 1 10 12 1 10 12 1 1 10 12 9 12 1 10 12 1 11 100 12 1 1 10 12 1 1 100 1 10 12 1 100 1 10 10 10 8 1 1 1 1 1 1 1 1 1 3 1 3 1 8 1 8 1 1 8 1 1 1 1 1 1 1 1 1 1 1 1 1 1 1 1 1 1 1 1 1 1 1 1 1 1 1 1 1 1 1 1 1 1 1 1 1 1 1 1 1 1 100 1 1 1 1 1 1 1 1 1 1 1 1 1 1 1 1 1 1 1 1 1 1 1 1 1 1 1 1 1 1 1 1 1 1 1 1 1 1 1 1 1 1 1 100 1 1 1 1 1 1 1 1 1 1 1 1 1 1 1 1 1 1 1 1 1 1 1 1 1 1 1 1 1 1 1 1 1 1 1 1 1 1 1 1 1 1 1 1 1 1 1 1 1 1 1 1 1 1 1 1 1 1 1 1 1 1 1 1 1 100 100 1 1 1 1 1 1 1 1 1 1 1 1 1 1 1 1 1 1 1 100 1 100 1 100 1 100 1 100 1 100 1 100 1 100 1 100 1 100 1 100 1 100 1 100 1 100 1 100 1 100 1 100 1 100 1 100 1 100 1 100 1 100 1 100 1 100 1 100 1 1 8 1 8 1 8 1 15 10 100 12 1 1 1 100 1 1 1 1 100 1 1 100 1 1 100 1 1 100 1 1 1 100 1 1 1 1 1 100 1 1 1 1 1 1 1 1 100 1 1 1 1 1 1 1 1 1 1 1 1 1 1 1 1 1 1 1 1 1 1 1 1 100 1 100 1 1
ciInstanceKlass com/lightdev/app/shtm/SHTMLDocument 1 1 828 7 1 100 1 10 12 1 1 7 1 10 12 1 10 7 12 1 1 10 7 1 9 12 1 1 9 7 12 1 1 1 9 12 1 9 12 1 1 9 12 1 1 9 12 1 1 10 12 1 1 10 12 1 7 1 10 9 7 12 1 1 1 9 7 12 1 1 1 11 7 12 1 1 1 7 1 11 12 1 1 10 12 1 11 12 1 1 9 12 1 9 12 1 9 12 1 7 1 10 12 1 7 1 10 12 1 1 10 12 1 10 12 1 1 11 12 1 1 11 12 1 1 10 12 1 1 10 12 1 11 12 1 100 1 100 1 10 100 12 1 1 100 1 11 12 1 9 100 12 1 1 1 10 12 1 11 100 1 11 12 1 100 1 10 12 1 10 12 1 1 11 12 1 10 12 1 10 12 1 1 7 1 10 12 1 10 12 1 1 9 12 1 100 1 10 100 1 10 12 1 10 12 1 1 11 100 12 1 1 1 10 12 1 1 10 12 1 10 12 1 11 12 1 1 8 1 10 100 12 1 1 1 11 12 1 100 1 10 12 1 11 12 1 1 10 12 1 1 10 12 1 10 12 1 10 12 1 10 12 1 10 12 1 10 12 1 10 12 1 10 12 1 10 12 1 11 100 12 1 1 10 12 1 1 10 12 1 1 10 12 1 1 10 100 12 1 1 8 1 11 100 12 1 1 1 18 12 1 1 11 12 1 1 100 1 10 12 1 10 7 12 1 1 1 10 100 1 9 12 1 11 12 1 1 10 100 12 1 1 1 9 100 12 1 1 1 10 12 1 10 12 1 10 12 1 1 10 100 12 1 1 10 12 1 10 12 100 1 10 10 10 12 1 1 9 12 1 1 10 12 1 10 10 12 1 10 12 1 10 12 1 1 10 12 1 10 10 12 1 1 10 100 12 1 1 10 12 1 1 10 12 1 1 10 12 1 8 1 10 12 1 1 10 12 1 1 10 100 12 1 1 1 100 1 10 12 1 10 12 1 1 100 1 5 0 10 100 12 1 1 1 10 10 12 1 7 1 10 12 1 1 11 100 1 8 1 100 1 10 12 1 10 100 12 1 1 1 9 12 1 1 10 12 1 1 8 1 8 1 10 12 1 8 1 10 12 1 1 10 9 12 1 10 7 1 10 10 10 12 1 1 10 8 1 9 12 1 10 10 12 1 1 9 12 1 9 12 1 10 8 1 10 100 1 8 1 10 12 1 8 1 10 12 1 10 100 1 8 1 9 12 1 8 1 8 1 10 12 1 9 12 1 10 12 1 1 10 12 10 12 1 1 10 12 1 100 1 10 10 12 1 10 12 1 10 12 1 10 12 10 8 1 10 12 1 9 100 12 1 1 1 10 12 1 1 10 12 1 10 12 1 1 100 1 8 1 10 12 1 10 10 12 1 10 12 1 8 1 7 1 10 8 1 10 7 12 1 1 1 1 1 1 8 1 1 1 1 1 1 1 1 1 1 1 1 1 1 1 1 1 1 1 1 1 1 1 1 1 1 1 1 1 1 1 1 1 1 1 1 1 1 1 1 1 1 1 1 1 1 1 100 100 1 1 1 1 1 1 1 1 1 1 1 1 1 1 1 1 1 1 1 1 1 1 1 1 1 1 1 1 1 1 1 1 1 1 1 1 1 1 1 1 1 1 1 1 1 1 1 1 1 1 1 1 1 1 1 1 1 1 1 1 1 1 1 1 1 1 1 1 1 1 1 1 1 1 1 1 1 1 1 1 1 1 1 1 1 1 1 1 1 1 15 10 100 12 1 1 1 16 1 15 10 12 16 1 100 1 1 100 1 100 1 1 100 1 1 1 1 1 100 1 1 1 1 1 1 1 1 100 1 1 100 1 100 1 1
staticfield com/lightdev/app/shtm/SHTMLDocument defaultParser Ljavax/swing/text/html/HTMLEditorKit$Parser; com/lightdev/app/shtm/SHTMLDocument$1
staticfield com/lightdev/app/shtm/SHTMLDocument TIME_FORMATTER Ljava/time/format/DateTimeFormatter; java/time/format/DateTimeFormatter
instanceKlass javax/swing/text/html/HTMLDocument$HTMLReader
ciInstanceKlass javax/swing/text/html/HTMLEditorKit$ParserCallback 1 1 60 10 7 12 1 1 1 8 1 9 7 12 1 1 1 1 1 1 1 1 1 1 100 1 1 1 1 1 1 1 1 1 1 1 1 1 1 1 1 1 1 1 1 1 1 1 1 1 1 1 1 100 1 1 1 100 1 100 1 1
staticfield javax/swing/text/html/HTMLEditorKit$ParserCallback IMPLIED Ljava/lang/Object; "_implied_"
ciInstanceKlass javax/swing/text/html/HTMLDocument$HTMLReader 1 1 1096 7 1 7 1 10 7 12 1 1 1 10 12 1 9 12 1 1 10 7 12 1 1 9 12 1 1 9 12 1 9 12 1 9 12 1 9 12 1 1 9 12 1 9 12 1 9 12 1 9 12 1 7 1 10 9 12 1 1 7 1 10 9 12 1 1 7 1 10 9 12 1 1 9 12 1 1 9 12 1 1 10 12 1 1 9 12 1 8 1 10 12 1 1 10 7 12 1 1 1 9 12 1 9 12 1 10 12 1 9 12 1 7 1 10 12 1 9 12 1 1 7 1 10 12 1 7 1 10 7 1 10 7 1 10 7 1 10 7 1 10 7 1 10 7 1 10 9 7 12 1 1 7 1 10 10 12 1 1 9 12 1 9 12 1 9 12 1 7 1 10 9 12 1 9 12 1 7 1 10 9 12 1 9 12 1 9 12 1 9 12 1 9 12 1 9 12 1 9 12 1 9 12 1 9 12 1 9 12 1 9 12 1 9 12 1 9 12 1 9 12 1 9 12 1 9 12 1 9 12 1 9 12 1 7 1 10 9 12 1 9 12 1 9 12 1 9 12 1 9 12 1 9 12 1 9 12 1 9 12 1 9 12 1 7 1 10 9 12 1 9 12 1 9 12 9 12 1 9 12 1 9 12 1 7 1 10 9 12 1 9 12 1 9 12 1 7 1 10 9 12 1 7 1 10 9 12 1 9 12 1 7 1 10 9 12 1 9 12 1 9 12 1 9 12 1 9 12 1 9 12 1 9 12 1 7 1 10 9 12 1 7 1 10 9 12 1 9 12 1 9 12 1 9 12 1 9 12 1 7 1 10 9 12 1 9 12 1 9 12 1 9 12 1 7 1 10 9 12 1 9 12 1 9 12 1 9 12 1 9 12 1 9 12 1 9 12 1 7 1 10 9 12 1 9 12 1 9 12 1 9 12 1 9 12 1 9 12 1 9 12 1 9 12 1 9 12 1 9 12 1 9 12 1 9 12 1 9 12 1 10 12 1 10 7 12 1 1 1 10 12 1 1 11 7 12 1 1 1 11 12 1 1 11 12 1 11 12 1 1 9 7 12 1 1 1 11 7 12 1 1 1 10 12 1 1 10 12 1 1 10 12 1 100 1 8 1 10 12 1 10 12 1 1 8 1 7 1 10 9 12 1 10 12 1 1 7 1 9 12 1 1 10 12 1 10 12 1 1 100 1 10 12 1 10 12 1 1 10 12 1 11 12 1 10 12 1 10 12 1 1 11 12 1 7 1 10 12 1 1 7 1 10 12 1 8 1 9 7 12 1 1 1 10 12 1 1 11 12 1 7 1 9 7 12 1 1 1 10 12 1 10 12 1 1 10 12 1 10 12 1 1 7 1 10 12 1 10 12 1 1 9 12 1 10 12 1 1 10 12 1 1 11 7 12 1 1 1 10 12 1 10 12 1 1 10 12 1 7 1 10 10 12 1 10 12 1 1 7 1 10 12 1 10 12 1 1 10 12 1 9 12 1 9 12 1 8 1 10 12 1 9 12 1 10 7 1 9 7 12 1 1 1 9 12 1 10 12 1 10 12 1 1 10 12 1 1 10 12 1 100 1 8 1 10 12 9 12 1 1 10 100 12 1 1 9 12 1 10 12 9 12 1 10 12 1 1 9 7 12 1 1 11 7 12 1 1 11 11 12 1 10 12 1 1 10 7 12 1 1 1 9 12 1 1 11 12 1 1 10 12 1 10 12 1 1 10 12 1 10 12 1 9 12 1 9 12 10 12 1 10 12 1 8 1 100 1 8 1 11 12 1 10 12 1 10 12 1 10 12 1 1 10 12 1 10 100 1 10 12 1 1 9 12 1 10 12 1 9 100 12 1 1 1 8 1 11 10 12 1 10 12 1 1 9 12 10 12 1 10 12 1 10 12 1 10 12 1 10 12 1 1 9 12 1 10 12 1 10 12 1 10 12 1 1 10 12 1 1 10 12 1 1 10 12 1 9 12 1 9 12 1 10 12 1 1 10 12 1 10 12 1 1 10 10 12 1 1 10 12 1 100 1 9 12 1 1 10 12 1 100 1 10 10 12 1 1 10 12 1 1 11 9 12 1 100 1 1 1 1 1 1 1 1 1 1 1 1 1 1 1 1 1 1 1 1 1 1 1 1 1 1 1 1 1 1 1 1 1 1 1 1 1 1 1 1 1 1 1 1 1 1 1 1 1 1 1 1 1 1 1 100 1 100 1 1 1 1 1 1 1 1 1 1 1 1 1 100 1 1 1 1 1 1 1 1 1 1 1 1 1 1 1 1 1 1 1 1 1 1 1 1 1 1 1 100 1 1 1 1 1 1 1 1 1 1 1 1 1 1 1 1 1 1 1 1 1 1 1 1 1 100 1 1 100 1 1 1 1 1 1 1 1 1 1 1 1 1 1 1 1 1 1 1 1 1 1 1 1 1 100 1 1 100 1 1 1 1 100 1 1 1 1 100 1 1
ciInstanceKlass javax/swing/text/DefaultStyledDocument$ElementSpec 1 1 131 10 7 12 1 1 1 10 7 12 1 1 9 12 1 1 9 12 1 1 10 7 12 1 1 1 9 12 1 1 9 12 1 1 9 12 1 9 12 1 8 1 8 1 8 1 8 1 8 1 8 1 8 1 8 1 10 12 1 1 18 12 1 1 1 1 3 1 3 1 3 1 3 1 3 1 3 1 3 1 1 1 1 1 1 1 1 1 1 100 1 100 1 1 1 1 1 1 1 1 1 1 1 1 1 1 1 1 100 1 1 1 1 100 1 1 8 1 15 10 100 12 1 1 1 1 100 1 100 1 1
ciInstanceKlass javax/swing/plaf/basic/BasicHTML$BasicDocument 1 1 83 10 7 12 1 1 1 10 7 12 1 1 1 10 12 1 1 10 12 1 1 10 7 12 1 1 1 10 7 12 1 1 1 9 7 12 1 1 1 10 100 12 1 1 1 18 12 1 1 1 1 1 1 1 1 1 1 1 1 1 1 1 1 1 1 1 1 1 8 1 15 10 100 12 1 1 1 1 100 1 100 1 1
ciMethod java/lang/Object <init> ()V 1024 0 3701651 0 136
ciMethod java/lang/Object getClass ()Ljava/lang/Class; 256 0 128 0 -1
ciMethod java/lang/Object clone ()Ljava/lang/Object; 256 0 128 0 -1
ciMethod java/lang/System arraycopy (Ljava/lang/Object;ILjava/lang/Object;II)V 256 0 128 0 -1
ciMethod java/util/AbstractMap <init> ()V 516 0 108558 0 80
ciMethod java/lang/Float isNaN (F)Z 2288 0 62084 0 128
ciMethod java/lang/Integer numberOfLeadingZeros (I)I 107710 0 60291 0 -1
ciMethod java/lang/Math max (II)I 512 0 1550844 0 -1
ciMethod java/lang/Math min (II)I 512 0 402598 0 -1
ciMethod java/util/HashMap tableSizeFor (I)I 1570 0 22376 0 0
ciMethod java/util/HashMap <init> (IF)V 77800 0 48380 0 304
ciMethod java/util/HashMap <init> (I)V 512 0 108838 0 176
ciMethod java/util/HashMap put (Ljava/lang/Object;Ljava/lang/Object;)Ljava/lang/Object; 4340 0 22048 0 -1
ciMethod jdk/internal/util/ArraysSupport newLength (III)I 442 0 15602 0 0
ciMethod jdk/internal/util/ArraysSupport hugeLength (II)I 0 0 1 0 -1
ciMethod java/util/Arrays copyOf ([Ljava/lang/Object;I)[Ljava/lang/Object; 96 0 79048 0 672
ciMethod java/util/Arrays copyOf ([Ljava/lang/Object;ILjava/lang/Class;)[Ljava/lang/Object; 13070 0 25242 0 -1
ciMethod java/util/Arrays copyOf ([CI)[C 11228 0 18685 0 928
ciMethodData java/lang/Object <init> ()V 2 3701139 orig 80 1 0 0 0 0 0 0 0 0 0 0 0 0 0 0 0 0 0 0 0 0 0 0 0 0 0 0 0 0 0 0 0 0 0 0 0 0 0 0 0 0 0 0 0 0 0 0 0 0 0 0 0 0 0 0 0 0 0 0 0 0 0 0 0 0 0 0 0 0 0 0 0 0 0 0 0 0 0 0 0 data 4 0x0 0x9 0x1 0x0 oops 0 methods 0
ciMethodData java/util/AbstractMap <init> ()V 2 108300 orig 80 0 0 0 0 0 0 0 0 0 0 0 0 44 2 0 0 0 0 0 0 0 0 0 0 0 0 0 0 0 0 0 0 0 0 0 0 0 0 0 0 0 0 0 0 0 0 0 0 0 0 0 0 0 0 0 0 0 0 0 0 0 0 0 0 0 0 0 0 0 0 0 0 0 0 0 0 0 0 0 0 data 7 0x10002 0x1a70c 0x0 0x0 0x9 0x1 0x0 oops 0 methods 0
ciMethod java/util/LinkedHashMap <init> (I)V 704 0 87397 0 184
ciMethodData jdk/internal/util/ArraysSupport newLength (III)I 2 15382 orig 80 0 0 0 0 0 0 0 0 0 0 0 0 44 2 0 0 0 0 0 0 0 0 0 0 0 0 0 0 0 0 0 0 0 0 0 0 0 0 0 0 0 0 0 0 0 0 0 0 0 0 0 0 0 0 0 0 0 0 0 0 0 0 0 0 0 0 0 0 0 0 0 0 0 0 0 0 0 0 0 0 data 23 0x30002 0x3c15 0xa0007 0x0 0x40 0x3c16 0x100007 0x0 0x20 0x3c16 0x170002 0x0 0x0 0x0 0x0 0x0 0x0 0x0 0x9 0x3 0x0 0x0 0x0 oops 0 methods 0
ciMethod java/util/Vector copyInto ([Ljava/lang/Object;)V 77362 0 45723 0 -1
ciMethod java/util/Vector grow (I)[Ljava/lang/Object; 20 0 6561 0 0
ciMethod java/util/Vector grow ()[Ljava/lang/Object; 20 0 4540 0 0
ciMethod java/util/Vector size ()I 2952 0 1476 0 0
ciMethod java/util/Vector elementAt (I)Ljava/lang/Object; 65358 0 38229 0 488
ciMethod java/util/Vector lastElement ()Ljava/lang/Object; 262 0 16699 0 0
ciMethod java/util/Vector removeElementAt (I)V 101368 0 56069 0 840
ciMethod java/util/Vector addElement (Ljava/lang/Object;)V 528 0 340787 0 1896
ciMethod java/util/Vector removeAllElements ()V 4920 8000 10908 0 -1
ciMethod java/util/Vector elementData (I)Ljava/lang/Object; 642 0 42128 0 144
ciMethod java/util/Vector add (Ljava/lang/Object;[Ljava/lang/Object;I)V 518 0 358047 0 1416
ciMethodData java/util/Arrays copyOf ([CI)[C 2 13071 orig 80 0 0 0 0 0 0 0 0 0 0 0 0 44 2 0 0 0 0 0 0 0 0 0 0 0 0 0 0 0 0 0 0 0 0 0 0 0 0 0 0 0 0 0 0 0 0 0 0 0 0 0 0 0 0 0 0 0 0 0 0 0 0 0 0 0 0 0 0 0 0 0 0 0 0 0 0 0 0 0 0 data 32 0x30007 0x5 0x90 0x330a 0x70005 0x0 0x0 0x22cb127ad00 0x330a 0x0 0x0 0xa0004 0x0 0x0 0x22cb127ad00 0x330a 0x0 0x0 0x190002 0x5 0x1c0002 0x5 0x0 0x0 0x0 0x0 0x0 0x0 0x9 0x2 0xffffffffffffffff 0x0 oops 2 7 [C 14 [C methods 0
ciMethodData java/util/Arrays copyOf ([Ljava/lang/Object;I)[Ljava/lang/Object; 2 79001 orig 80 0 0 0 0 0 0 0 0 0 0 0 0 44 2 0 0 0 0 0 0 0 0 0 0 0 0 0 0 0 0 0 0 0 0 0 0 0 0 0 0 0 0 0 0 0 0 0 0 0 0 0 0 0 0 0 0 0 0 0 0 0 0 0 0 0 0 0 0 0 0 0 0 0 0 0 0 0 0 0 0 data 19 0x30005 0x13499 0x0 0x0 0x0 0x0 0x0 0x60002 0x13499 0x0 0x0 0x0 0x0 0x0 0x0 0x9 0x2 0xffffffffffffffff 0x0 oops 0 methods 0
ciMethodData java/util/Vector add (Ljava/lang/Object;[Ljava/lang/Object;I)V 2 357788 orig 80 0 0 0 0 0 0 0 0 0 0 0 0 44 2 0 0 0 0 0 0 0 0 0 0 0 0 0 0 0 0 0 0 0 0 0 0 0 0 0 0 0 0 0 0 0 0 0 0 0 0 0 0 0 0 0 0 0 0 0 0 0 0 0 0 0 0 0 0 0 0 0 0 0 0 0 0 0 0 0 0 data 30 0x30007 0x564ad 0x58 0x10ef 0x70005 0x10ef 0x0 0x0 0x0 0x0 0x0 0xe0104 0x0 0x0 0x22cb127aea0 0x1fb 0x22cb6535fe0 0xb 0x0 0x0 0x0 0x0 0x0 0x0 0x9 0x4 0xc 0x0 0xffffffffffffffff 0x0 oops 2 14 [I 16 org/knopflerfish/framework/BundleGeneration methods 0
ciMethodData java/util/Vector grow ()[Ljava/lang/Object; 2 4530 orig 80 0 0 0 0 0 0 0 0 0 0 0 0 44 2 0 0 0 0 0 0 0 0 0 0 0 0 0 0 0 0 0 0 0 0 0 0 0 0 0 0 0 0 0 0 0 0 0 0 0 0 0 0 0 0 0 0 0 0 0 0 0 0 0 0 0 0 0 0 0 0 0 0 0 0 0 0 0 0 0 0 data 16 0x70005 0x11b2 0x0 0x0 0x0 0x0 0x0 0x0 0x0 0x0 0x0 0x0 0x0 0x9 0x1 0x8 oops 0 methods 0
ciMethodData java/util/Vector grow (I)[Ljava/lang/Object; 2 6551 orig 80 0 0 0 0 0 0 0 0 0 0 0 0 44 2 0 0 0 0 0 0 0 0 0 0 0 0 0 0 0 0 0 0 0 0 0 0 0 0 0 0 0 0 0 0 0 0 0 0 0 0 0 0 0 0 0 0 0 0 0 0 0 0 0 0 0 0 0 0 0 0 0 0 0 0 0 0 0 0 0 0 data 21 0xe0007 0x1934 0x38 0x63 0x150003 0x63 0x18 0x190002 0x1997 0x230002 0x1998 0x0 0x0 0x0 0x0 0x0 0x0 0x9 0x2 0x8 0x0 oops 0 methods 0
ciMethodData java/util/Vector addElement (Ljava/lang/Object;)V 2 340523 orig 80 0 0 0 0 0 0 0 0 0 0 0 0 44 2 0 0 0 0 0 0 0 0 0 0 0 0 0 0 0 0 0 0 0 0 0 0 0 0 0 0 0 0 0 0 0 0 0 0 0 0 0 0 0 0 0 0 0 0 0 0 0 0 0 0 0 0 0 0 0 0 0 0 0 0 0 0 0 0 0 0 data 17 0x140005 0x5322b 0x0 0x0 0x0 0x0 0x0 0x0 0x0 0x0 0x0 0x0 0x0 0x9 0x2 0xe 0x0 oops 0 methods 0
ciMethodData java/util/Vector elementAt (I)Ljava/lang/Object; 2 5550 orig 80 0 0 0 0 0 0 0 0 0 0 0 0 44 2 0 0 0 0 0 0 0 0 0 0 0 0 0 0 0 0 0 0 0 0 0 0 0 0 0 0 0 0 0 0 0 0 0 0 0 0 0 0 0 0 0 0 0 0 0 0 0 0 0 0 0 0 0 0 0 0 0 0 0 0 0 0 0 0 0 0 data 53 0x50007 0x15ae 0x120 0x0 0x100002 0x0 0x140005 0x0 0x0 0x0 0x0 0x0 0x0 0x190005 0x0 0x0 0x0 0x0 0x0 0x0 0x200005 0x0 0x0 0x0 0x0 0x0 0x0 0x230005 0x0 0x0 0x0 0x0 0x0 0x0 0x260002 0x0 0x2c0005 0x0 0x0 0x22cbfce0960 0x1358 0x22cb7f46540 0x256 0x0 0x0 0x0 0x0 0x0 0x0 0x9 0x2 0x0 0x0 oops 2 39 java/util/Vector 41 java/util/Stack methods 0
ciMethodData java/util/Vector elementData (I)Ljava/lang/Object; 2 41807 orig 80 0 0 0 0 0 0 0 0 0 0 0 0 44 2 0 0 0 0 0 0 0 0 0 0 0 0 0 0 0 0 0 0 0 0 0 0 0 0 0 0 0 0 0 0 0 0 0 0 0 0 0 0 0 0 0 0 0 0 0 0 0 0 0 0 0 0 0 0 0 0 0 0 0 0 0 0 0 0 0 0 data 8 0x0 0x0 0x0 0x0 0x9 0x2 0x0 0x0 oops 0 methods 0
ciMethod java/util/Stack push (Ljava/lang/Object;)Ljava/lang/Object; 534 0 93134 0 1920
ciMethod java/util/Stack pop ()Ljava/lang/Object; 100020 0 58478 0 744
ciMethod java/util/Stack peek ()Ljava/lang/Object; 778 0 68469 0 544
ciMethod java/util/Stack empty ()Z 778 0 19531 0 0
ciMethodData java/util/HashMap tableSizeFor (I)I 2 21591 orig 80 0 0 0 0 0 0 0 0 0 0 0 0 44 2 0 0 0 0 0 0 0 0 0 0 0 0 0 0 0 0 0 0 0 0 0 0 0 0 0 0 0 0 0 0 0 0 0 0 0 0 0 0 0 0 0 0 0 0 0 0 0 0 0 0 0 0 0 0 0 0 0 0 0 0 0 0 0 0 0 0 data 25 0x40002 0x5457 0xa0007 0x5430 0x38 0x27 0xe0003 0x27 0x50 0x140007 0x5430 0x38 0x0 0x190003 0x0 0x18 0x0 0x0 0x0 0x0 0x0 0x0 0x9 0x1 0x0 oops 0 methods 0
ciMethod javax/swing/text/SimpleAttributeSet copyAttributes ()Ljavax/swing/text/AttributeSet; 34650 0 37938 0 3728
ciMethod javax/swing/text/SimpleAttributeSet addAttribute (Ljava/lang/Object;Ljava/lang/Object;)V 516 0 57629 0 5008
ciMethod javax/swing/text/SimpleAttributeSet clone ()Ljava/lang/Object; 34382 0 37938 0 -1
ciMethod javax/swing/text/AttributeSet isDefined (Ljava/lang/Object;)Z 0 0 1 0 -1
ciMethod javax/swing/text/AttributeSet copyAttributes ()Ljavax/swing/text/AttributeSet; 0 0 1 0 -1
ciMethod javax/swing/text/MutableAttributeSet addAttribute (Ljava/lang/Object;Ljava/lang/Object;)V 0 0 1 0 -1
ciMethod javax/swing/text/MutableAttributeSet removeAttribute (Ljava/lang/Object;)V 0 0 1 0 -1
ciMethod javax/swing/text/SimpleAttributeSet <init> ()V 512 0 87309 0 416
ciMethodData javax/swing/text/SimpleAttributeSet addAttribute (Ljava/lang/Object;Ljava/lang/Object;)V 2 57371 orig 80 0 0 0 0 0 0 0 0 0 0 0 0 44 2 0 0 0 0 0 0 0 0 0 0 0 0 0 0 0 0 0 0 0 0 0 0 0 0 0 0 0 0 0 0 0 0 0 0 0 0 0 0 0 0 0 0 0 0 0 0 0 0 0 0 0 0 0 0 0 0 0 0 0 0 0 0 0 0 0 0 data 18 0x60005 0x0 0x0 0x22cb653b428 0xe01b 0x0 0x0 0x0 0x0 0x0 0x0 0x0 0x0 0x9 0x3 0x0 0xffffffffffffffff 0xffffffffffffffff oops 1 3 java/util/LinkedHashMap methods 0
ciMethodData java/util/HashMap <init> (I)V 2 108582 orig 80 0 0 0 0 0 0 0 0 0 0 0 0 44 2 0 0 0 0 0 0 0 0 0 0 0 0 0 0 0 0 0 0 0 0 0 0 0 0 0 0 0 0 0 0 0 0 0 0 0 0 0 0 0 0 0 0 0 0 0 0 0 0 0 0 0 0 0 0 0 0 0 0 0 0 0 0 0 0 0 0 data 9 0x40002 0x1a826 0x0 0x0 0x0 0x9 0x2 0x18 0x0 oops 0 methods 0
ciMethodData java/util/HashMap <init> (IF)V 2 9480 orig 80 0 0 0 0 0 0 0 0 0 0 0 0 44 2 0 0 0 0 0 0 0 0 0 0 0 0 0 0 0 0 0 0 0 0 0 0 0 0 0 0 0 0 0 0 0 0 0 0 0 0 0 0 0 0 0 0 0 0 0 0 0 0 0 0 0 0 0 0 0 0 0 0 0 0 0 0 0 0 0 0 data 83 0x10002 0x2508 0x50007 0x2508 0xe8 0x0 0x100002 0x0 0x150005 0x0 0x0 0x0 0x0 0x0 0x0 0x190005 0x0 0x0 0x0 0x0 0x0 0x0 0x1c0005 0x0 0x0 0x0 0x0 0x0 0x0 0x1f0002 0x0 0x260007 0x2508 0x20 0x0 0x2f0007 0x0 0x50 0x2508 0x330002 0x2508 0x360007 0x2508 0xe8 0x0 0x410002 0x0 0x460005 0x0 0x0 0x0 0x0 0x0 0x0 0x4a0005 0x0 0x0 0x0 0x0 0x0 0x0 0x4d0005 0x0 0x0 0x0 0x0 0x0 0x0 0x500002 0x0 0x5b0002 0x2508 0x0 0x0 0x0 0x0 0x0 0x0 0x9 0x3 0x18 0x0 0x0 oops 0 methods 0
ciMethodData java/lang/Float isNaN (F)Z 2 60940 orig 80 0 0 0 0 0 0 0 0 0 0 0 0 44 2 0 0 0 0 0 0 0 0 0 0 0 0 0 0 0 0 0 0 0 0 0 0 0 0 0 0 0 0 0 0 0 0 0 0 0 0 0 0 0 0 0 0 0 0 0 0 0 0 0 0 0 0 0 0 0 0 0 0 0 0 0 0 0 0 0 0 data 11 0x30007 0xee0c 0x38 0x0 0x70003 0x0 0x18 0x0 0x9 0x1 0x0 oops 0 methods 0
ciMethodData java/util/Stack empty ()Z 2 19142 orig 80 0 0 0 0 0 0 0 0 0 0 0 0 44 2 0 0 0 0 0 0 0 0 0 0 0 0 0 0 0 0 0 0 0 0 0 0 0 0 0 0 0 0 0 0 0 0 0 0 0 0 0 0 0 0 0 0 0 0 0 0 0 0 0 0 0 0 0 0 0 0 0 0 0 0 0 0 0 0 0 0 data 23 0x10005 0x0 0x0 0x22cb7f46540 0x4ac6 0x0 0x0 0x40007 0x4a9a 0x38 0x2c 0x80003 0x2c 0x18 0x0 0x0 0x0 0x0 0x0 0x0 0x9 0x1 0x0 oops 1 3 java/util/Stack methods 0
ciMethodData java/util/Stack pop ()Ljava/lang/Object; 2 8468 orig 80 0 0 0 0 0 0 0 0 0 0 0 0 44 2 0 0 0 0 0 0 0 0 0 0 0 0 0 0 0 0 0 0 0 0 0 0 0 0 0 0 0 0 0 0 0 0 0 0 0 0 0 0 0 0 0 0 0 0 0 0 0 0 0 0 0 0 0 0 0 0 0 0 0 0 0 0 0 0 0 0 data 30 0x10005 0x0 0x0 0x22cb7f46540 0x2114 0x0 0x0 0x60005 0x0 0x0 0x22cb7f46540 0x2114 0x0 0x0 0xe0005 0x0 0x0 0x22cb7f46540 0x2114 0x0 0x0 0x0 0x0 0x0 0x0 0x0 0x0 0x9 0x1 0x0 oops 3 3 java/util/Stack 10 java/util/Stack 17 java/util/Stack methods 0
ciMethod javax/swing/text/AbstractDocument getLength ()I 36 0 50349 0 -1
ciMethodData java/util/Stack peek ()Ljava/lang/Object; 2 68080 orig 80 0 0 0 0 0 0 0 0 0 0 0 0 44 2 0 0 0 0 0 0 0 0 0 0 0 0 0 0 0 0 0 0 0 0 0 0 0 0 0 0 0 0 0 0 0 0 0 0 0 0 0 0 0 0 0 0 0 0 0 0 0 0 0 0 0 0 0 0 0 0 0 0 0 0 0 0 0 0 0 0 data 29 0x10005 0x0 0x0 0x22cb7f46540 0x109f0 0x0 0x0 0x60007 0x109f0 0x30 0x0 0xd0002 0x0 0x150005 0x0 0x0 0x22cb7f46540 0x109f0 0x0 0x0 0x0 0x0 0x0 0x0 0x0 0x0 0x9 0x1 0x0 oops 2 3 java/util/Stack 16 java/util/Stack methods 0
ciMethodData java/util/Vector removeElementAt (I)V 2 5385 orig 80 0 0 0 0 0 0 0 0 0 0 0 0 44 2 0 0 0 0 0 0 0 0 0 0 0 0 0 0 0 0 0 0 0 0 0 0 0 0 0 0 0 0 0 0 0 0 0 0 0 0 0 0 0 0 0 0 0 0 0 0 0 0 0 0 0 0 0 0 0 0 0 0 0 0 0 0 0 0 0 0 data 67 0x50007 0x1509 0x120 0x0 0x100002 0x0 0x140005 0x0 0x0 0x0 0x0 0x0 0x0 0x190005 0x0 0x0 0x0 0x0 0x0 0x0 0x200005 0x0 0x0 0x0 0x0 0x0 0x0 0x230005 0x0 0x0 0x0 0x0 0x0 0x0 0x260002 0x0 0x2b0007 0x1509 0x30 0x0 0x330002 0x0 0x410007 0x14e5 0x30 0x24 0x510002 0x24 0x710104 0x0 0x0 0x0 0x0 0x0 0x0 0x0 0x0 0x0 0x0 0x0 0x0 0x0 0x0 0x9 0x2 0x6 0x0 oops 0 methods 0
ciMethodData java/util/Stack push (Ljava/lang/Object;)Ljava/lang/Object; 2 92867 orig 80 0 0 0 0 0 0 0 0 0 0 0 0 44 2 0 0 0 0 0 0 0 0 0 0 0 0 0 0 0 0 0 0 0 0 0 0 0 0 0 0 0 0 0 0 0 0 0 0 0 0 0 0 0 0 0 0 0 0 0 0 0 0 0 0 0 0 0 0 0 0 0 0 0 0 0 0 0 0 0 0 data 17 0x20005 0x0 0x0 0x22cb7f46540 0x16ac3 0x0 0x0 0x0 0x0 0x0 0x0 0x0 0x0 0x9 0x2 0x0 0x0 oops 1 3 java/util/Stack methods 0
ciMethodData java/util/Vector lastElement ()Ljava/lang/Object; 2 16579 orig 80 0 0 0 0 0 0 0 0 0 0 0 0 44 2 0 0 0 0 0 0 0 0 0 0 0 0 0 0 0 0 0 0 0 0 0 0 0 0 0 0 0 0 0 0 0 0 0 0 0 0 0 0 0 0 0 0 0 0 0 0 0 0 0 0 0 0 0 0 0 0 0 0 0 0 0 0 0 0 0 0 data 22 0x40007 0x40c3 0x30 0x0 0xb0002 0x0 0x160005 0x0 0x0 0x22cbfce0960 0x40c3 0x0 0x0 0x0 0x0 0x0 0x0 0x0 0x0 0x9 0x1 0x0 oops 1 9 java/util/Vector methods 0
ciMethod javax/swing/text/html/HTMLDocument insert (I[Ljavax/swing/text/DefaultStyledDocument$ElementSpec;)V 0 0 6 0 -1
ciMethod javax/swing/text/html/HTMLDocument create ([Ljavax/swing/text/DefaultStyledDocument$ElementSpec;)V 466 0 5476 0 -1
ciMethod javax/swing/text/html/HTMLDocument$HTMLReader pushCharacterStyle ()V 384 0 10061 0 0
ciMethod javax/swing/text/html/HTMLDocument$HTMLReader popCharacterStyle ()V 1446 0 10482 0 0
ciMethod javax/swing/text/html/HTMLDocument$HTMLReader blockOpen (Ljavax/swing/text/html/HTML$Tag;Ljavax/swing/text/MutableAttributeSet;)V 22348 0 22951 0 7504
ciMethod javax/swing/text/html/HTMLDocument$HTMLReader blockClose (Ljavax/swing/text/html/HTML$Tag;)V 16374 0 24624 0 0
ciMethod javax/swing/text/html/HTMLDocument$HTMLReader addContent ([CII)V 3952 0 8252 0 -1
ciMethod javax/swing/text/html/HTMLDocument$HTMLReader addContent ([CIIZ)V 6720 0 19136 0 0
ciMethod javax/swing/text/html/HTMLDocument$HTMLReader flushBuffer (Z)V 5068 0 7911 0 22280
ciMethod javax/swing/text/html/HTMLDocument$HTMLReader adjustEndSpecsForPartialInsert ()V 0 0 2 0 -1
ciMethod javax/swing/text/html/HTMLDocument$HTMLReader canInsertTag (Ljavax/swing/text/html/HTML$Tag;Ljavax/swing/text/AttributeSet;Z)Z 22430 0 24144 0 -1
ciMethod javax/swing/text/DefaultStyledDocument$ElementSpec <init> (Ljavax/swing/text/AttributeSet;S)V 36586 0 23802 0 408
ciMethod javax/swing/text/DefaultStyledDocument$ElementSpec <init> (Ljavax/swing/text/AttributeSet;S[CII)V 38952 0 25108 0 800
ciMethod javax/swing/text/DefaultStyledDocument$ElementSpec getType ()S 782 0 391 0 0
ciMethodData javax/swing/text/SimpleAttributeSet <init> ()V 2 87053 orig 80 0 0 0 0 0 0 0 0 0 0 0 0 44 2 0 0 0 0 0 0 0 0 0 0 0 0 0 0 0 0 0 0 0 0 0 0 0 0 0 0 0 0 0 0 0 0 0 0 0 0 0 0 0 0 0 0 0 0 0 0 0 0 0 0 0 0 0 0 0 0 0 0 0 0 0 0 0 0 0 0 data 11 0x10002 0x1540d 0xa0002 0x1540d 0x0 0x0 0x0 0x0 0x9 0x1 0x6 oops 0 methods 0
ciMethodData java/util/LinkedHashMap <init> (I)V 2 87045 orig 80 0 0 0 0 0 0 0 0 0 0 0 0 44 2 0 0 0 0 0 0 0 0 0 0 0 0 0 0 0 0 0 0 0 0 0 0 0 0 0 0 0 0 0 0 0 0 0 0 0 0 0 0 0 0 0 0 0 0 0 0 0 0 0 0 0 0 0 0 0 0 0 0 0 0 0 0 0 0 0 0 data 10 0x20002 0x15405 0x0 0x0 0x0 0x0 0x9 0x2 0x78 0x0 oops 0 methods 0
ciMethodData javax/swing/text/SimpleAttributeSet copyAttributes ()Ljavax/swing/text/AttributeSet; 2 20613 orig 80 0 0 0 0 0 0 0 0 0 0 0 0 44 2 0 0 0 0 0 0 0 0 0 0 0 0 0 0 0 0 0 0 0 0 0 0 0 0 0 0 0 0 0 0 0 0 0 0 0 0 0 0 0 0 0 0 0 0 0 0 0 0 0 0 0 0 0 0 0 0 0 0 0 0 0 0 0 0 0 0 data 23 0x10005 0x0 0x0 0x22cbfce08b0 0x848 0x22cb7f46e00 0x483d 0x40004 0x0 0x0 0x22cbfce08b0 0x848 0x22cb7f46e00 0x483d 0x0 0x0 0x0 0x0 0x0 0x0 0x9 0x1 0xffffffffffffffff oops 4 3 javax/swing/text/html/HTMLDocument$TaggedAttributeSet 5 javax/swing/text/SimpleAttributeSet 10 javax/swing/text/html/HTMLDocument$TaggedAttributeSet 12 javax/swing/text/SimpleAttributeSet methods 0
ciMethodData javax/swing/text/DefaultStyledDocument$ElementSpec <init> (Ljavax/swing/text/AttributeSet;S[CII)V 2 5632 orig 80 0 0 0 0 0 0 0 0 0 0 0 0 44 2 0 0 0 0 0 0 0 0 0 0 0 0 0 0 0 0 0 0 0 0 0 0 0 0 0 0 0 0 0 0 0 0 0 0 0 0 0 0 0 0 0 0 0 0 0 0 0 0 0 0 0 0 0 0 0 0 0 0 0 0 0 0 0 0 0 0 data 25 0x10002 0x1600 0x100007 0x470 0x38 0x1190 0x140003 0x1190 0x28 0x1a0002 0x470 0x0 0x0 0x0 0x0 0x0 0x0 0x9 0x6 0x0 0x0 0x0 0x0 0x0 0x0 oops 0 methods 0
ciMethodData javax/swing/text/DefaultStyledDocument$ElementSpec <init> (Ljavax/swing/text/AttributeSet;S)V 2 5509 orig 80 0 0 0 0 0 0 0 0 0 0 0 0 44 2 0 0 0 0 0 0 0 0 0 0 0 0 0 0 0 0 0 0 0 0 0 0 0 0 0 0 0 0 0 0 0 0 0 0 0 0 0 0 0 0 0 0 0 0 0 0 0 0 0 0 0 0 0 0 0 0 0 0 0 0 0 0 0 0 0 0 data 9 0x60002 0x1585 0x0 0x0 0x9 0x3 0x0 0x0 0x0 oops 0 methods 0
ciMethodData javax/swing/text/html/HTMLDocument$HTMLReader blockOpen (Ljavax/swing/text/html/HTML$Tag;Ljavax/swing/text/MutableAttributeSet;)V 2 11777 orig 80 1 0 0 0 0 0 0 0 0 0 0 0 44 2 0 0 0 0 0 0 0 0 0 0 0 0 0 0 0 0 0 0 0 0 0 0 0 0 0 0 0 0 0 0 0 0 0 0 0 0 0 0 0 0 0 0 0 0 0 0 0 0 0 0 0 0 0 0 0 0 0 0 0 0 0 0 0 0 0 0 data 74 0x40007 0x2dfb 0x58 0x6 0xb0005 0x0 0x0 0x22cbfce0140 0x6 0x0 0x0 0x1c0005 0x2e01 0x0 0x0 0x0 0x0 0x0 0x1f0007 0x2dff 0x20 0x4 0x270005 0x0 0x0 0x22cb7f46e00 0x2dff 0x0 0x0 0x2c0007 0x25b1 0x58 0x84e 0x330005 0x0 0x0 0x22cb7f46e00 0x84e 0x0 0x0 0x420005 0x0 0x0 0x22cb7f46e00 0x2dff 0x0 0x0 0x4c0005 0x0 0x0 0x22cb7f46e00 0x2dff 0x0 0x0 0x520002 0x2dff 0x5b0005 0x0 0x0 0x22cbfce0960 0x2dff 0x0 0x0 0x0 0x0 0x0 0x0 0x0 0x0 0x9 0x3 0xffffffffffffffff 0xffffffffffffffff 0xffffffffffffffff oops 6 7 javax/swing/text/html/HTMLDocument$HTMLReader 25 javax/swing/text/SimpleAttributeSet 36 javax/swing/text/SimpleAttributeSet 43 javax/swing/text/SimpleAttributeSet 50 javax/swing/text/SimpleAttributeSet 59 java/util/Vector methods 0
ciMethodData javax/swing/text/html/HTMLDocument$HTMLReader blockClose (Ljavax/swing/text/html/HTML$Tag;)V 2 16437 orig 80 1 0 0 0 0 0 0 0 0 0 0 0 44 2 0 0 0 0 0 0 0 0 0 0 0 0 0 0 0 0 0 0 0 0 0 0 0 0 0 0 0 0 0 0 0 0 0 0 0 0 0 0 0 0 0 0 0 0 0 0 0 0 0 0 0 0 0 0 0 0 0 0 0 0 0 0 0 0 0 0 data 125 0xe0007 0x4035 0x20 0x0 0x160007 0x2267 0x100 0x1dce 0x1a0005 0x0 0x0 0x22cbfce0140 0x1dce 0x0 0x0 0x270005 0x0 0x0 0x22cbfce08b0 0x1dce 0x0 0x0 0x330005 0x0 0x0 0x22cbfce0140 0x1dce 0x0 0x0 0x370005 0x0 0x0 0x22cbfce0140 0x1dcf 0x0 0x0 0x430007 0x2eed 0x78 0x1149 0x540007 0xc 0x58 0x113d 0x5b0005 0x0 0x0 0x22cbfce0140 0x113d 0x0 0x0 0x620005 0x0 0x0 0x22cbfce0960 0x4036 0x0 0x0 0x650007 0x1 0xa8 0x4035 0x6c0005 0x0 0x0 0x22cbfce0960 0x4035 0x0 0x0 0x6f0004 0x0 0x0 0x22cbfce09f0 0x4035 0x0 0x0 0x720003 0x4035 0x18 0x780007 0x1 0xb0 0x4035 0x7c0005 0x0 0x0 0x22cbfce09f0 0x4035 0x0 0x0 0x800007 0x4035 0x58 0x0 0x900005 0x0 0x0 0x0 0x0 0x0 0x0 0x990002 0x4036 0xa20005 0x0 0x0 0x22cbfce0960 0x4036 0x0 0x0 0x0 0x0 0x0 0x0 0x0 0x0 0x0 0x0 0x0 0x0 0x0 0x9 0x2 0x0 0x0 oops 10 11 javax/swing/text/html/HTMLDocument$HTMLReader 18 javax/swing/text/html/HTMLDocument$TaggedAttributeSet 25 javax/swing/text/html/HTMLDocument$HTMLReader 32 javax/swing/text/html/HTMLDocument$HTMLReader 47 javax/swing/text/html/HTMLDocument$HTMLReader 54 java/util/Vector 65 java/util/Vector 72 javax/swing/text/DefaultStyledDocument$ElementSpec 86 javax/swing/text/DefaultStyledDocument$ElementSpec 106 java/util/Vector methods 0
ciMethodData javax/swing/text/html/HTMLDocument$HTMLReader pushCharacterStyle ()V 2 9869 orig 80 0 0 0 0 0 0 0 0 0 0 0 0 44 2 0 0 0 0 0 0 0 0 0 0 0 0 0 0 0 0 0 0 0 0 0 0 0 0 0 0 0 0 0 0 0 0 0 0 0 0 0 0 0 0 0 0 0 0 0 0 0 0 0 0 0 0 0 0 0 0 0 0 0 0 0 0 0 0 0 0 data 23 0x80005 0x0 0x0 0x22cbfce08b0 0x268d 0x0 0x0 0xd0005 0x0 0x0 0x22cb7f46540 0x268d 0x0 0x0 0x0 0x0 0x0 0x0 0x0 0x0 0x9 0x1 0x0 oops 2 3 javax/swing/text/html/HTMLDocument$TaggedAttributeSet 10 java/util/Stack methods 0
ciMethodData javax/swing/text/html/HTMLDocument$HTMLReader addContent ([CIIZ)V 2 15777 orig 80 1 0 0 0 1 0 0 0 0 0 0 0 44 2 0 0 0 0 0 0 0 0 0 0 0 0 0 0 0 0 0 0 0 0 0 0 0 0 0 2 0 0 0 0 0 0 0 0 0 0 0 0 0 0 0 0 0 0 0 0 0 0 0 0 0 0 0 0 0 0 0 0 0 0 0 0 0 0 0 0 data 102 0x40007 0x3da1 0x20 0x0 0xa0007 0x0 0xa8 0x3da1 0x110007 0x2a5e 0x88 0x1343 0x180007 0x0 0x68 0x1343 0x230002 0x1343 0x260005 0x0 0x0 0x22cbfce0140 0x1343 0x0 0x0 0x420005 0x0 0x0 0x22cbfce08b0 0x3da1 0x0 0x0 0x4b0005 0x0 0x0 0x22cbfce08b0 0x3da1 0x0 0x0 0x5c0002 0x3da1 0x670005 0x0 0x0 0x22cbfce0960 0x3da1 0x0 0x0 0x6e0005 0x0 0x0 0x22cbfce0960 0x3da1 0x0 0x0 0x8000000600750007 0x3da0 0x90 0x3 0x7f0007 0x0 0x20 0x3 0x8e0005 0x0 0x0 0x22cbfce0140 0x3 0x0 0x0 0x910003 0x3 0x18 0x970007 0x0 0x58 0x3da3 0xa40007 0x1c6f 0x38 0x2134 0xa80003 0x2134 0x18 0x0 0x0 0x0 0x0 0x0 0x0 0x0 0x0 0x0 0x0 0x0 0x9 0x5 0x0 0x0 0x0 0x0 0x0 oops 6 21 javax/swing/text/html/HTMLDocument$HTMLReader 28 javax/swing/text/html/HTMLDocument$TaggedAttributeSet 35 javax/swing/text/html/HTMLDocument$TaggedAttributeSet 44 java/util/Vector 51 java/util/Vector 66 javax/swing/text/html/HTMLDocument$HTMLReader methods 0
ciMethodData javax/swing/text/html/HTMLDocument$HTMLReader popCharacterStyle ()V 2 9888 orig 80 0 0 0 0 0 0 0 0 0 0 0 0 44 2 0 0 0 0 0 0 0 0 0 0 0 0 0 0 0 0 0 0 0 0 0 0 0 0 0 0 0 0 0 0 0 0 0 0 0 0 0 0 0 0 0 0 0 0 0 0 0 0 0 0 0 0 0 0 0 0 0 0 0 0 0 0 0 0 0 0 data 41 0x40005 0x0 0x0 0x22cb7f46540 0x26a0 0x0 0x0 0x70007 0x0 0xc8 0x26a0 0xf0005 0x0 0x0 0x22cb7f46540 0x26a0 0x0 0x0 0x120004 0x0 0x0 0x22cbfce08b0 0x26a0 0x0 0x0 0x1c0005 0x0 0x0 0x22cb7f46540 0x26a0 0x0 0x0 0x0 0x0 0x0 0x0 0x0 0x0 0x9 0x1 0x0 oops 4 3 java/util/Stack 14 java/util/Stack 21 javax/swing/text/html/HTMLDocument$TaggedAttributeSet 28 java/util/Stack methods 0
ciMethodData javax/swing/text/html/HTMLDocument$HTMLReader flushBuffer (Z)V 2 5377 orig 80 0 0 0 0 0 0 0 0 0 0 0 0 44 2 0 0 0 0 0 0 0 0 0 0 0 0 0 0 0 0 0 0 0 0 0 0 0 0 0 0 0 0 0 0 0 0 0 0 0 0 0 0 0 0 0 0 0 0 0 0 0 0 0 0 0 0 0 0 0 0 0 0 0 0 0 0 0 0 0 0 data 108 0x40005 0x8 0x0 0x22cbfce4f00 0x14ea 0x22cbde02058 0xf 0xc0005 0x0 0x0 0x22cbfce0960 0x1501 0x0 0x0 0x110007 0x3 0xf0 0x14fe 0x180007 0x0 0x40 0x14fe 0x1f0007 0x14fc 0xb0 0x2 0x230007 0x0 0x90 0x2 0x270005 0x2 0x0 0x0 0x0 0x0 0x0 0x2e0005 0x0 0x0 0x22cbfce0960 0x2 0x0 0x0 0x3e0005 0x0 0x0 0x22cbfce0960 0x1501 0x0 0x0 0x420007 0x4 0xb0 0x14fd 0x490007 0x0 0x90 0x14fd 0x500007 0x2 0x70 0x14fb 0x590005 0x2 0x0 0x22cbfce4f00 0x14ea 0x22cbde02058 0xf 0x5c0003 0x14fb 0x50 0x690005 0x0 0x0 0x22cbde02108 0x6 0x0 0x0 0x700005 0x0 0x0 0x22cbfce0960 0x1501 0x0 0x0 0x7c0005 0x8 0x0 0x22cbfce4f00 0x14ea 0x22cbde02058 0xf 0x0 0x0 0x0 0x0 0x0 0x0 0x0 0x0 0x0 0x0 0x9 0x2 0xffffffffffffffff 0x0 oops 11 3 javax/swing/text/html/HTMLDocument 5 javax/swing/plaf/basic/BasicHTML$BasicDocument 10 java/util/Vector 40 java/util/Vector 47 java/util/Vector 66 javax/swing/text/html/HTMLDocument 68 javax/swing/plaf/basic/BasicHTML$BasicDocument 76 com/lightdev/app/shtm/SHTMLDocument 83 java/util/Vector 90 javax/swing/text/html/HTMLDocument 92 javax/swing/plaf/basic/BasicHTML$BasicDocument methods 0
compile javax/swing/text/html/HTMLDocument$HTMLReader blockClose (Ljavax/swing/text/html/HTML$Tag;)V -1 4 inline 110 0 -1 0 javax/swing/text/html/HTMLDocument$HTMLReader blockClose (Ljavax/swing/text/html/HTML$Tag;)V 1 26 0 javax/swing/text/html/HTMLDocument$HTMLReader pushCharacterStyle ()V 2 13 0 java/util/Stack push (Ljava/lang/Object;)Ljava/lang/Object; 3 2 0 java/util/Vector addElement (Ljava/lang/Object;)V 4 20 0 java/util/Vector add (Ljava/lang/Object;[Ljava/lang/Object;I)V 5 7 0 java/util/Vector grow ()[Ljava/lang/Object; 6 7 0 java/util/Vector grow (I)[Ljava/lang/Object; 7 25 0 jdk/internal/util/ArraysSupport newLength (III)I 7 35 0 java/util/Arrays copyOf ([Ljava/lang/Object;I)[Ljava/lang/Object; 1 51 0 javax/swing/text/html/HTMLDocument$HTMLReader addContent ([CIIZ)V 2 35 0 javax/swing/text/SimpleAttributeSet <init> ()V 3 1 0 java/lang/Object <init> ()V 3 10 0 java/util/LinkedHashMap <init> (I)V 4 2 0 java/util/HashMap <init> (I)V 5 4 0 java/util/HashMap <init> (IF)V 6 1 0 java/util/AbstractMap <init> ()V 7 1 0 java/lang/Object <init> ()V 6 51 0 java/lang/Float isNaN (F)Z 6 91 0 java/util/HashMap tableSizeFor (I)I 2 92 0 javax/swing/text/DefaultStyledDocument$ElementSpec <init> (Ljavax/swing/text/AttributeSet;S[CII)V 3 1 0 java/lang/Object <init> ()V 2 103 0 java/util/Vector addElement (Ljava/lang/Object;)V 3 20 0 java/util/Vector add (Ljava/lang/Object;[Ljava/lang/Object;I)V 4 7 0 java/util/Vector grow ()[Ljava/lang/Object; 5 7 0 java/util/Vector grow (I)[Ljava/lang/Object; 6 25 0 jdk/internal/util/ArraysSupport newLength (III)I 6 35 0 java/util/Arrays copyOf ([Ljava/lang/Object;I)[Ljava/lang/Object; 2 110 0 java/util/Vector size ()I 1 55 0 javax/swing/text/html/HTMLDocument$HTMLReader popCharacterStyle ()V 2 4 0 java/util/Stack empty ()Z 3 1 0 java/util/Vector size ()I 2 15 0 java/util/Stack peek ()Ljava/lang/Object; 3 1 0 java/util/Vector size ()I 3 21 0 java/util/Vector elementAt (I)Ljava/lang/Object; 4 44 0 java/util/Vector elementData (I)Ljava/lang/Object; 2 28 0 java/util/Stack pop ()Ljava/lang/Object; 3 1 0 java/util/Vector size ()I 3 6 0 java/util/Stack peek ()Ljava/lang/Object; 4 1 0 java/util/Vector size ()I 4 21 0 java/util/Vector elementAt (I)Ljava/lang/Object; 5 44 0 java/util/Vector elementData (I)Ljava/lang/Object; 3 14 0 java/util/Vector removeElementAt (I)V 1 91 0 javax/swing/text/html/HTMLDocument$HTMLReader blockClose (Ljavax/swing/text/html/HTML$Tag;)V 2 26 0 javax/swing/text/html/HTMLDocument$HTMLReader pushCharacterStyle ()V 3 13 0 java/util/Stack push (Ljava/lang/Object;)Ljava/lang/Object; 4 2 0 java/util/Vector addElement (Ljava/lang/Object;)V 5 20 0 java/util/Vector add (Ljava/lang/Object;[Ljava/lang/Object;I)V 6 7 0 java/util/Vector grow ()[Ljava/lang/Object; 7 7 0 java/util/Vector grow (I)[Ljava/lang/Object; 8 25 0 jdk/internal/util/ArraysSupport newLength (III)I 8 35 0 java/util/Arrays copyOf ([Ljava/lang/Object;I)[Ljava/lang/Object; 2 51 0 javax/swing/text/html/HTMLDocument$HTMLReader addContent ([CIIZ)V 3 35 0 javax/swing/text/SimpleAttributeSet <init> ()V 4 1 0 java/lang/Object <init> ()V 4 10 0 java/util/LinkedHashMap <init> (I)V 5 2 0 java/util/HashMap <init> (I)V 6 4 0 java/util/HashMap <init> (IF)V 7 1 0 java/util/AbstractMap <init> ()V 8 1 0 java/lang/Object <init> ()V 7 51 0 java/lang/Float isNaN (F)Z 7 91 0 java/util/HashMap tableSizeFor (I)I 3 92 0 javax/swing/text/DefaultStyledDocument$ElementSpec <init> (Ljavax/swing/text/AttributeSet;S[CII)V 4 1 0 java/lang/Object <init> ()V 3 103 0 java/util/Vector addElement (Ljava/lang/Object;)V 4 20 0 java/util/Vector add (Ljava/lang/Object;[Ljava/lang/Object;I)V 5 7 0 java/util/Vector grow ()[Ljava/lang/Object; 6 7 0 java/util/Vector grow (I)[Ljava/lang/Object; 7 25 0 jdk/internal/util/ArraysSupport newLength (III)I 7 35 0 java/util/Arrays copyOf ([Ljava/lang/Object;I)[Ljava/lang/Object; 3 110 0 java/util/Vector size ()I 2 55 0 javax/swing/text/html/HTMLDocument$HTMLReader popCharacterStyle ()V 3 4 0 java/util/Stack empty ()Z 4 1 0 java/util/Vector size ()I 3 15 0 java/util/Stack peek ()Ljava/lang/Object; 4 1 0 java/util/Vector size ()I 4 21 0 java/util/Vector elementAt (I)Ljava/lang/Object; 5 44 0 java/util/Vector elementData (I)Ljava/lang/Object; 3 28 0 java/util/Stack pop ()Ljava/lang/Object; 4 1 0 java/util/Vector size ()I 4 6 0 java/util/Stack peek ()Ljava/lang/Object; 5 1 0 java/util/Vector size ()I 5 21 0 java/util/Vector elementAt (I)Ljava/lang/Object; 6 44 0 java/util/Vector elementData (I)Ljava/lang/Object; 4 14 0 java/util/Vector removeElementAt (I)V 2 98 0 java/util/Vector size ()I 2 108 0 java/util/Vector lastElement ()Ljava/lang/Object; 3 22 0 java/util/Vector elementData (I)Ljava/lang/Object; 2 124 0 javax/swing/text/DefaultStyledDocument$ElementSpec getType ()S 2 153 0 javax/swing/text/DefaultStyledDocument$ElementSpec <init> (Ljavax/swing/text/AttributeSet;S)V 3 6 0 javax/swing/text/DefaultStyledDocument$ElementSpec <init> (Ljavax/swing/text/AttributeSet;S[CII)V 4 1 0 java/lang/Object <init> ()V 2 162 0 java/util/Vector addElement (Ljava/lang/Object;)V 3 20 0 java/util/Vector add (Ljava/lang/Object;[Ljava/lang/Object;I)V 4 7 0 java/util/Vector grow ()[Ljava/lang/Object; 5 7 0 java/util/Vector grow (I)[Ljava/lang/Object; 6 25 0 jdk/internal/util/ArraysSupport newLength (III)I 6 35 0 java/util/Arrays copyOf ([Ljava/lang/Object;I)[Ljava/lang/Object; 1 98 0 java/util/Vector size ()I 1 108 0 java/util/Vector lastElement ()Ljava/lang/Object; 2 22 0 java/util/Vector elementData (I)Ljava/lang/Object; 1 124 0 javax/swing/text/DefaultStyledDocument$ElementSpec getType ()S 1 153 0 javax/swing/text/DefaultStyledDocument$ElementSpec <init> (Ljavax/swing/text/AttributeSet;S)V 2 6 0 javax/swing/text/DefaultStyledDocument$ElementSpec <init> (Ljavax/swing/text/AttributeSet;S[CII)V 3 1 0 java/lang/Object <init> ()V 1 162 0 java/util/Vector addElement (Ljava/lang/Object;)V 2 20 0 java/util/Vector add (Ljava/lang/Object;[Ljava/lang/Object;I)V 3 7 0 java/util/Vector grow ()[Ljava/lang/Object; 4 7 0 java/util/Vector grow (I)[Ljava/lang/Object; 5 25 0 jdk/internal/util/ArraysSupport newLength (III)I 5 35 0 java/util/Arrays copyOf ([Ljava/lang/Object;I)[Ljava/lang/Object;
